ISO-10303-21;
HEADER;
FILE_DESCRIPTION (( 'STEP AP214' ),
    '1' );
FILE_NAME ('Engrane de BAse Giratoria Version 2.STEP',
    '2026-05-01T02:21:03',
    ( '' ),
    ( '' ),
    'SwSTEP 2.0',
    'SolidWorks 2026',
    '' );
FILE_SCHEMA (( 'AUTOMOTIVE_DESIGN' ));
ENDSEC;

DATA;
#1 = CIRCLE ( 'NONE', #777, 58.50000000005852030 ) ;
#2 = ORIENTED_EDGE ( 'NONE', *, *, #774, .F. ) ;
#3 = DIRECTION ( 'NONE',  ( 1.000000000000000000, -0.000000000000000000, 0.000000000000000000 ) ) ;
#4 =( NAMED_UNIT ( * ) PLANE_ANGLE_UNIT ( ) SI_UNIT ( $, .RADIAN. ) );
#5 = AXIS2_PLACEMENT_3D ( 'NONE', #2359, #1408, #198 ) ;
#6 = EDGE_CURVE ( 'NONE', #1159, #421, #1869, .T. ) ;
#7 = STYLED_ITEM ( 'NONE', ( #1340 ), #684 ) ;
#8 = CARTESIAN_POINT ( 'NONE',  ( 10.00000000000000178, 0.000000000000000000, 0.000000000000000000 ) ) ;
#9 = DIRECTION ( 'NONE',  ( 1.000000000000000000, -0.000000000000000000, -0.000000000000000000 ) ) ;
#10 = EDGE_CURVE ( 'NONE', #1999, #167, #1806, .T. ) ;
#11 = VECTOR ( 'NONE', #2366, 1000.000000000000000 ) ;
#12 = DIRECTION ( 'NONE',  ( 0.000000000000000000, 0.3726585987820719148, 0.9279685171134754995 ) ) ;
#13 = ORIENTED_EDGE ( 'NONE', *, *, #680, .F. ) ;
#14 = ORIENTED_EDGE ( 'NONE', *, *, #135, .F. ) ;
#15 = CARTESIAN_POINT ( 'NONE',  ( -3.000000000000000000, -45.08895410832570150, 100.8822889185297953 ) ) ;
#16 = ORIENTED_EDGE ( 'NONE', *, *, #2061, .F. ) ;
#17 = DIRECTION ( 'NONE',  ( 0.000000000000000000, 0.000000000000000000, -1.000000000000000000 ) ) ;
#18 = DIRECTION ( 'NONE',  ( -1.000000000000000000, 0.000000000000000000, 0.000000000000000000 ) ) ;
#19 = DIRECTION ( 'NONE',  ( 0.000000000000000000, 0.000000000000000000, 1.000000000000000000 ) ) ;
#20 = CYLINDRICAL_SURFACE ( 'NONE', #1140, 58.50000000005852741 ) ;
#21 = EDGE_CURVE ( 'NONE', #919, #2223, #2035, .T. ) ;
#22 = VERTEX_POINT ( 'NONE', #1455 ) ;
#23 = ORIENTED_EDGE ( 'NONE', *, *, #647, .F. ) ;
#24 = DIRECTION ( 'NONE',  ( 1.000000000000000000, -0.000000000000000000, -0.000000000000000000 ) ) ;
#25 = ORIENTED_EDGE ( 'NONE', *, *, #2349, .F. ) ;
#26 = CARTESIAN_POINT ( 'NONE',  ( 15.00000000000000178, -64.40912176522991217, 85.18182592565635503 ) ) ;
#27 = ORIENTED_EDGE ( 'NONE', *, *, #1342, .F. ) ;
#28 = LINE ( 'NONE', #195, #861 ) ;
#29 = CYLINDRICAL_SURFACE ( 'NONE', #365, 9.999999999999994671 ) ;
#30 = CARTESIAN_POINT ( 'NONE',  ( 15.00000000000000178, -106.6544498265585474, 5.413572461059314556 ) ) ;
#31 = ORIENTED_EDGE ( 'NONE', *, *, #305, .F. ) ;
#32 = AXIS2_PLACEMENT_3D ( 'NONE', #173, #2481, #1534 ) ;
#33 = VERTEX_POINT ( 'NONE', #1207 ) ;
#34 = DIRECTION ( 'NONE',  ( 0.000000000000000000, 0.000000000000000000, 1.000000000000000000 ) ) ;
#35 = UNCERTAINTY_MEASURE_WITH_UNIT (LENGTH_MEASURE( 1.000000000000000082E-05 ), #2098, 'distance_accuracy_value', 'NONE');
#36 = VECTOR ( 'NONE', #2022, 1000.000000000000000 ) ;
#37 = EDGE_CURVE ( 'NONE', #805, #604, #329, .T. ) ;
#38 = ORIENTED_EDGE ( 'NONE', *, *, #140, .T. ) ;
#39 = DIRECTION ( 'NONE',  ( -1.000000000000000000, -0.000000000000000000, -0.000000000000000000 ) ) ;
#40 = CIRCLE ( 'NONE', #1910, 58.50000000005853451 ) ;
#41 = AXIS2_PLACEMENT_3D ( 'NONE', #1809, #1439, #1042 ) ;
#42 = ADVANCED_FACE ( 'NONE', ( #2069 ), #2390, .T. ) ;
#43 = AXIS2_PLACEMENT_3D ( 'NONE', #1028, #1167, #402 ) ;
#44 = CYLINDRICAL_SURFACE ( 'NONE', #1998, 58.50000000005853451 ) ;
#45 = CARTESIAN_POINT ( 'NONE',  ( -10.00000000000000000, 0.000000000000000000, 0.000000000000000000 ) ) ;
#46 = AXIS2_PLACEMENT_3D ( 'NONE', #1405, #2143, #413 ) ;
#47 = FACE_OUTER_BOUND ( 'NONE', #652, .T. ) ;
#48 = AXIS2_PLACEMENT_3D ( 'NONE', #2068, #747, #157 ) ;
#49 = ORIENTED_EDGE ( 'NONE', *, *, #2271, .F. ) ;
#50 = ORIENTED_EDGE ( 'NONE', *, *, #2443, .T. ) ;
#51 = CARTESIAN_POINT ( 'NONE',  ( -3.000000000000000000, -78.22227132143770234, 72.70319596766306347 ) ) ;
#52 = EDGE_LOOP ( 'NONE', ( #1162, #430, #627, #1345 ) ) ;
#53 = PLANE ( 'NONE',  #377 ) ;
#54 = EDGE_CURVE ( 'NONE', #514, #897, #2235, .T. ) ;
#55 = DIRECTION ( 'NONE',  ( 0.000000000000000000, 0.000000000000000000, 1.000000000000000000 ) ) ;
#56 = CARTESIAN_POINT ( 'NONE',  ( 0.000000000000000000, -83.85446222626016777, 95.81982761952296812 ) ) ;
#57 = EDGE_CURVE ( 'NONE', #2528, #667, #1073, .T. ) ;
#58 = DIRECTION ( 'NONE',  ( -1.000000000000000000, -0.000000000000000000, 0.000000000000000000 ) ) ;
#59 = CARTESIAN_POINT ( 'NONE',  ( 10.00000000000000178, -89.48932414714577988, 64.82214794120521617 ) ) ;
#60 = CARTESIAN_POINT ( 'NONE',  ( -3.000000000000000000, 0.000000000000000000, 0.000000000000000000 ) ) ;
#61 = VERTEX_POINT ( 'NONE', #1853 ) ;
#62 = FACE_OUTER_BOUND ( 'NONE', #999, .T. ) ;
#63 = ORIENTED_EDGE ( 'NONE', *, *, #618, .F. ) ;
#64 = DIRECTION ( 'NONE',  ( 0.000000000000000000, 0.000000000000000000, 1.000000000000000000 ) ) ;
#65 = DIRECTION ( 'NONE',  ( 0.000000000000000000, 0.000000000000000000, -1.000000000000000000 ) ) ;
#66 = EDGE_CURVE ( 'NONE', #61, #473, #107, .T. ) ;
#67 = ORIENTED_EDGE ( 'NONE', *, *, #632, .T. ) ;
#68 = DIRECTION ( 'NONE',  ( 1.000000000000000000, -0.000000000000000000, 0.000000000000000000 ) ) ;
#69 = DIRECTION ( 'NONE',  ( -1.000000000000000000, -0.000000000000000000, -0.000000000000000000 ) ) ;
#70 = EDGE_CURVE ( 'NONE', #473, #1685, #1751, .T. ) ;
#71 = CARTESIAN_POINT ( 'NONE',  ( 7.500000000000002665, -76.87353236948528945, 79.37701191820036684 ) ) ;
#72 = EDGE_LOOP ( 'NONE', ( #2179, #2216, #273, #2419, #2037, #1663, #1373, #1734, #1770, #1849, #1521, #1671, #1030, #1950, #1329, #2314, #2428, #835, #1197, #1568, #1988, #1883, #382, #1870, #147, #558, #13, #1601, #2077, #1285, #1383, #344, #229, #904, #1199, #1677, #2229, #1404, #1792, #1605, #549, #2204 ) ) ;
#73 = DIRECTION ( 'NONE',  ( 0.000000000000000000, 0.000000000000000000, 1.000000000000000000 ) ) ;
#74 = AXIS2_PLACEMENT_3D ( 'NONE', #264, #1864, #1825 ) ;
#75 = ORIENTED_EDGE ( 'NONE', *, *, #1826, .T. ) ;
#76 = DIRECTION ( 'NONE',  ( -1.000000000000000000, 0.000000000000000000, 0.000000000000000000 ) ) ;
#77 = AXIS2_PLACEMENT_3D ( 'NONE', #1857, #2464, #176 ) ;
#78 = ORIENTED_EDGE ( 'NONE', *, *, #2075, .F. ) ;
#79 = CARTESIAN_POINT ( 'NONE',  ( 10.00000000000000178, -26.88592595151929032, 107.1792749824043085 ) ) ;
#80 = FACE_OUTER_BOUND ( 'NONE', #222, .T. ) ;
#81 = EDGE_CURVE ( 'NONE', #2039, #1744, #1632, .T. ) ;
#82 = CIRCLE ( 'NONE', #939, 125.1260000001251314 ) ;
#83 = CARTESIAN_POINT ( 'NONE',  ( -3.000000000000000000, -118.1033097399190126, 41.32945807179262232 ) ) ;
#84 = EDGE_CURVE ( 'NONE', #601, #22, #1, .T. ) ;
#85 = AXIS2_PLACEMENT_3D ( 'NONE', #1606, #786, #1366 ) ;
#86 = VECTOR ( 'NONE', #2057, 1000.000000000000000 ) ;
#87 = ORIENTED_EDGE ( 'NONE', *, *, #1489, .F. ) ;
#88 = DIRECTION ( 'NONE',  ( 0.000000000000000000, 0.000000000000000000, -1.000000000000000000 ) ) ;
#89 = VECTOR ( 'NONE', #2083, 1000.000000000000000 ) ;
#90 = CIRCLE ( 'NONE', #1390, 1.749999999999975575 ) ;
#91 = VERTEX_POINT ( 'NONE', #1763 ) ;
#92 = CARTESIAN_POINT ( 'NONE',  ( -15.00000000000000000, 0.000000000000000000, 0.000000000000000000 ) ) ;
#93 = DIRECTION ( 'NONE',  ( 0.000000000000000000, 0.000000000000000000, 1.000000000000000000 ) ) ;
#94 = EDGE_LOOP ( 'NONE', ( #1695, #1188, #1423, #1668 ) ) ;
#95 = DIRECTION ( 'NONE',  ( 0.000000000000000000, 0.000000000000000000, 1.000000000000000000 ) ) ;
#96 = CARTESIAN_POINT ( 'NONE',  ( 5.000000000000001776, 0.000000000000000000, 0.000000000000000000 ) ) ;
#97 = FILL_AREA_STYLE_COLOUR ( '', #453 ) ;
#98 = EDGE_CURVE ( 'NONE', #842, #1221, #1054, .T. ) ;
#99 = ORIENTED_EDGE ( 'NONE', *, *, #1076, .T. ) ;
#100 = CARTESIAN_POINT ( 'NONE',  ( -3.000000000000000000, 0.000000000000000000, 0.000000000000000000 ) ) ;
#101 = EDGE_CURVE ( 'NONE', #604, #1108, #529, .T. ) ;
#102 = VERTEX_POINT ( 'NONE', #2264 ) ;
#103 = DIRECTION ( 'NONE',  ( 0.000000000000000000, 0.000000000000000000, 1.000000000000000000 ) ) ;
#104 = CYLINDRICAL_SURFACE ( 'NONE', #2488, 58.50000000005852030 ) ;
#105 = ORIENTED_EDGE ( 'NONE', *, *, #754, .T. ) ;
#106 = DIRECTION ( 'NONE',  ( 0.000000000000000000, 0.000000000000000000, -1.000000000000000000 ) ) ;
#107 = LINE ( 'NONE', #883, #2200 ) ;
#108 = FACE_OUTER_BOUND ( 'NONE', #1938, .T. ) ;
#109 = DIRECTION ( 'NONE',  ( 0.000000000000000000, 0.000000000000000000, -1.000000000000000000 ) ) ;
#110 = VERTEX_POINT ( 'NONE', #669 ) ;
#111 = DIRECTION ( 'NONE',  ( 0.000000000000000000, 4.163336342344336238E-15, 1.000000000000000000 ) ) ;
#112 = ADVANCED_FACE ( 'NONE', ( #2220 ), #104, .F. ) ;
#113 = ORIENTED_EDGE ( 'NONE', *, *, #485, .T. ) ;
#114 = DIRECTION ( 'NONE',  ( -1.000000000000000000, 0.000000000000000000, 0.000000000000000000 ) ) ;
#115 = CARTESIAN_POINT ( 'NONE',  ( 15.00000000000000178, -85.18182592565698030, 64.40912176522904531 ) ) ;
#116 = EDGE_CURVE ( 'NONE', #2212, #1249, #816, .T. ) ;
#117 = AXIS2_PLACEMENT_3D ( 'NONE', #2096, #2520, #732 ) ;
#118 = ORIENTED_EDGE ( 'NONE', *, *, #122, .T. ) ;
#119 = DIRECTION ( 'NONE',  ( 0.000000000000000000, 0.000000000000000000, -1.000000000000000000 ) ) ;
#120 = EDGE_LOOP ( 'NONE', ( #2016, #1273 ) ) ;
#121 = DIRECTION ( 'NONE',  ( 0.000000000000000000, 0.9279685171134826049, 0.3726585987820544843 ) ) ;
#122 = EDGE_CURVE ( 'NONE', #1409, #33, #2076, .T. ) ;
#123 = CIRCLE ( 'NONE', #1380, 140.0000000000000284 ) ;
#124 = AXIS2_PLACEMENT_3D ( 'NONE', #664, #1635, #34 ) ;
#125 = CARTESIAN_POINT ( 'NONE',  ( -3.000000000000000000, -91.32737018444231580, 74.92037994580248039 ) ) ;
#126 = AXIS2_PLACEMENT_3D ( 'NONE', #1217, #252, #417 ) ;
#127 = ORIENTED_EDGE ( 'NONE', *, *, #2097, .F. ) ;
#128 = CARTESIAN_POINT ( 'NONE',  ( -3.000000000000000000, -105.9741860749772400, -13.18902272130637776 ) ) ;
#129 = AXIS2_PLACEMENT_3D ( 'NONE', #2408, #1471, #1662 ) ;
#130 = ORIENTED_EDGE ( 'NONE', *, *, #101, .T. ) ;
#131 = DIRECTION ( 'NONE',  ( -1.000000000000000000, 0.000000000000000000, 0.000000000000000000 ) ) ;
#132 = DIRECTION ( 'NONE',  ( 0.000000000000000000, 0.9279685171134748334, 0.3726585987820736912 ) ) ;
#133 = VECTOR ( 'NONE', #1335, 1000.000000000000000 ) ;
#134 = AXIS2_PLACEMENT_3D ( 'NONE', #512, #1505, #1465 ) ;
#135 = EDGE_CURVE ( 'NONE', #110, #1878, #448, .T. ) ;
#136 = ORIENTED_EDGE ( 'NONE', *, *, #440, .T. ) ;
#137 = CARTESIAN_POINT ( 'NONE',  ( -15.00000000000000000, 0.000000000000000000, 140.0000000000000284 ) ) ;
#138 = EDGE_LOOP ( 'NONE', ( #570, #1619, #2043, #1651, #467, #1859, #419, #783, #910, #345, #973, #431, #2425, #2275, #2512, #1698, #144, #1820, #130, #1814, #970, #986, #756, #319, #2337, #2453, #2474, #1119, #534, #1490, #593, #907, #256, #1563, #1295, #2023, #262, #578, #2377, #118, #2167, #881, #1362, #500, #1560, #309, #2393, #990, #1733, #792, #597, #1935, #1391, #2011, #2401, #398 ) ) ;
#139 = CARTESIAN_POINT ( 'NONE',  ( -15.00000000000000000, -125.7731779286696252, 20.31741800103393913 ) ) ;
#140 = EDGE_CURVE ( 'NONE', #418, #808, #1018, .T. ) ;
#141 = CARTESIAN_POINT ( 'NONE',  ( -3.000000000000000000, -23.25929425514298998, 122.9451955416883635 ) ) ;
#142 = DIRECTION ( 'NONE',  ( 0.000000000000000000, 0.000000000000000000, 1.000000000000000000 ) ) ;
#143 = VERTEX_POINT ( 'NONE', #2055 ) ;
#144 = ORIENTED_EDGE ( 'NONE', *, *, #2002, .T. ) ;
#145 = LINE ( 'NONE', #717, #214 ) ;
#146 = CARTESIAN_POINT ( 'NONE',  ( -15.00000000000000000, 0.000000000000000000, 128.1260000001251456 ) ) ;
#147 = ORIENTED_EDGE ( 'NONE', *, *, #996, .T. ) ;
#148 = DIRECTION ( 'NONE',  ( 1.000000000000000000, -0.000000000000000000, 0.000000000000000000 ) ) ;
#149 = CARTESIAN_POINT ( 'NONE',  ( -3.000000000000000000, 0.000000000000000000, 0.000000000000000000 ) ) ;
#150 = PRODUCT_RELATED_PRODUCT_CATEGORY ( 'part', '', ( #1473 ) ) ;
#151 = LINE ( 'NONE', #956, #533 ) ;
#152 = EDGE_LOOP ( 'NONE', ( #1538, #969, #1572, #1570 ) ) ;
#153 = ORIENTED_EDGE ( 'NONE', *, *, #2505, .T. ) ;
#154 = CARTESIAN_POINT ( 'NONE',  ( 10.00000000000000178, -105.9741860749772400, -13.18902272130637776 ) ) ;
#155 = DIRECTION ( 'NONE',  ( 0.000000000000000000, 0.000000000000000000, 1.000000000000000000 ) ) ;
#156 = ORIENTED_EDGE ( 'NONE', *, *, #1407, .F. ) ;
#157 = DIRECTION ( 'NONE',  ( 0.000000000000000000, 0.000000000000000000, -1.000000000000000000 ) ) ;
#158 = FACE_OUTER_BOUND ( 'NONE', #374, .T. ) ;
#159 = DIRECTION ( 'NONE',  ( 1.000000000000000000, -0.000000000000000000, 0.000000000000000000 ) ) ;
#160 = AXIS2_PLACEMENT_3D ( 'NONE', #905, #2134, #1684 ) ;
#161 = PLANE ( 'NONE',  #368 ) ;
#162 = CIRCLE ( 'NONE', #815, 125.1260000001251314 ) ;
#163 = EDGE_CURVE ( 'NONE', #846, #110, #2211, .T. ) ;
#164 = VERTEX_POINT ( 'NONE', #146 ) ;
#165 = AXIS2_PLACEMENT_3D ( 'NONE', #1049, #1458, #454 ) ;
#166 = EDGE_CURVE ( 'NONE', #353, #227, #1122, .T. ) ;
#167 = VERTEX_POINT ( 'NONE', #948 ) ;
#168 = CARTESIAN_POINT ( 'NONE',  ( -15.00000000000000000, -129.5053107519269986, 11.33024655719469465 ) ) ;
#169 = AXIS2_PLACEMENT_3D ( 'NONE', #924, #159, #342 ) ;
#170 = AXIS2_PLACEMENT_3D ( 'NONE', #642, #2198, #95 ) ;
#171 = VERTEX_POINT ( 'NONE', #1710 ) ;
#172 = CARTESIAN_POINT ( 'NONE',  ( 10.08363775929436379, -129.5053107519269986, 14.33024655719466267 ) ) ;
#173 = CARTESIAN_POINT ( 'NONE',  ( -15.00000000000000000, 24.47576216058734033, 116.3503696716231701 ) ) ;
#174 = AXIS2_PLACEMENT_3D ( 'NONE', #1111, #1885, #355 ) ;
#175 = DIRECTION ( 'NONE',  ( 0.000000000000000000, 0.000000000000000000, -1.000000000000000000 ) ) ;
#176 = DIRECTION ( 'NONE',  ( 0.000000000000000000, 0.000000000000000000, -1.000000000000000000 ) ) ;
#177 = CARTESIAN_POINT ( 'NONE',  ( 10.00000000000000178, -91.92388155425116736, 94.92388155425118157 ) ) ;
#178 = EDGE_LOOP ( 'NONE', ( #31, #946, #412, #871 ) ) ;
#179 = EDGE_CURVE ( 'NONE', #1221, #746, #1519, .T. ) ;
#180 = EDGE_LOOP ( 'NONE', ( #1172, #2365, #779, #1412 ) ) ;
#181 = DIRECTION ( 'NONE',  ( 0.000000000000000000, 0.000000000000000000, 1.000000000000000000 ) ) ;
#182 = EDGE_CURVE ( 'NONE', #2062, #1021, #2467, .T. ) ;
#183 = ORIENTED_EDGE ( 'NONE', *, *, #1158, .F. ) ;
#184 = DIRECTION ( 'NONE',  ( -1.000000000000000000, 0.000000000000000000, -0.000000000000000000 ) ) ;
#185 = CARTESIAN_POINT ( 'NONE',  ( -15.00000000000000000, -91.92388155425116736, 90.17388155425118157 ) ) ;
#186 = LINE ( 'NONE', #2296, #902 ) ;
#187 = LINE ( 'NONE', #887, #1053 ) ;
#188 = CARTESIAN_POINT ( 'NONE',  ( 5.000000000000001776, -11.33024655719470353, 129.5053107519269986 ) ) ;
#189 = EDGE_LOOP ( 'NONE', ( #2089, #2191, #889, #2459 ) ) ;
#190 = ORIENTED_EDGE ( 'NONE', *, *, #2097, .T. ) ;
#191 = DIRECTION ( 'NONE',  ( 1.000000000000000000, -0.000000000000000000, 0.000000000000000000 ) ) ;
#192 = ORIENTED_EDGE ( 'NONE', *, *, #182, .F. ) ;
#193 = DIRECTION ( 'NONE',  ( -1.000000000000000000, 0.000000000000000000, 0.000000000000000000 ) ) ;
#194 = ADVANCED_FACE ( 'NONE', ( #1737 ), #718, .F. ) ;
#195 = CARTESIAN_POINT ( 'NONE',  ( 7.500000000000002665, -48.29769580060712286, 99.38602809437772123 ) ) ;
#196 = CARTESIAN_POINT ( 'NONE',  ( -3.000000000000000000, -109.9111020495310242, 11.39296477138386443 ) ) ;
#197 = AXIS2_PLACEMENT_3D ( 'NONE', #658, #69, #710 ) ;
#198 = DIRECTION ( 'NONE',  ( 0.000000000000000000, 0.000000000000000000, -1.000000000000000000 ) ) ;
#199 = ORIENTED_EDGE ( 'NONE', *, *, #163, .F. ) ;
#200 = VECTOR ( 'NONE', #1591, 1000.000000000000000 ) ;
#201 = ORIENTED_EDGE ( 'NONE', *, *, #1342, .T. ) ;
#202 = CARTESIAN_POINT ( 'NONE',  ( 10.00000000000000355, 0.000000000000000000, 0.000000000000000000 ) ) ;
#203 = ORIENTED_EDGE ( 'NONE', *, *, #1925, .F. ) ;
#204 = CARTESIAN_POINT ( 'NONE',  ( -15.00000000000000000, -24.27023588328486170, 125.8063095643528442 ) ) ;
#205 = DIRECTION ( 'NONE',  ( 1.000000000000000000, -0.000000000000000000, 0.000000000000000000 ) ) ;
#206 =( NAMED_UNIT ( * ) SI_UNIT ( $, .STERADIAN. ) SOLID_ANGLE_UNIT ( ) );
#207 = CIRCLE ( 'NONE', #493, 1.749999999999975575 ) ;
#208 = ADVANCED_FACE ( 'NONE', ( #1297 ), #1321, .T. ) ;
#209 = AXIS2_PLACEMENT_3D ( 'NONE', #8, #809, #1353 ) ;
#210 = DIRECTION ( 'NONE',  ( 1.000000000000000000, -0.000000000000000000, -0.000000000000000000 ) ) ;
#211 = DIRECTION ( 'NONE',  ( 0.000000000000000000, 1.387778780781446464E-15, 1.000000000000000000 ) ) ;
#212 = CIRCLE ( 'NONE', #1346, 58.50000000005852030 ) ;
#213 = EDGE_CURVE ( 'NONE', #1365, #1539, #539, .T. ) ;
#214 = VECTOR ( 'NONE', #1908, 1000.000000000000000 ) ;
#215 = CARTESIAN_POINT ( 'NONE',  ( -15.00000000000000000, -95.30595292914637184, 95.30595292914640027 ) ) ;
#216 = VERTEX_POINT ( 'NONE', #2114 ) ;
#217 = VERTEX_POINT ( 'NONE', #1725 ) ;
#218 = DIRECTION ( 'NONE',  ( -1.000000000000000000, 0.000000000000000000, 0.000000000000000000 ) ) ;
#219 = ORIENTED_EDGE ( 'NONE', *, *, #2384, .T. ) ;
#220 = DIRECTION ( 'NONE',  ( 0.000000000000000000, 0.000000000000000000, 1.000000000000000000 ) ) ;
#221 = CARTESIAN_POINT ( 'NONE',  ( 10.00000000000000178, -23.85167898359664918, 104.0940720899153007 ) ) ;
#222 = EDGE_LOOP ( 'NONE', ( #1856, #894, #1169, #844 ) ) ;
#223 = CARTESIAN_POINT ( 'NONE',  ( -3.000000000000000000, 0.000000000000000000, 0.000000000000000000 ) ) ;
#224 = CARTESIAN_POINT ( 'NONE',  ( -3.000000000000000000, 0.000000000000000000, 0.000000000000000000 ) ) ;
#225 = EDGE_CURVE ( 'NONE', #886, #442, #2504, .T. ) ;
#226 = CYLINDRICAL_SURFACE ( 'NONE', #2036, 125.1260000001251314 ) ;
#227 = VERTEX_POINT ( 'NONE', #561 ) ;
#228 = ADVANCED_FACE ( 'NONE', ( #960 ), #1928, .F. ) ;
#229 = ORIENTED_EDGE ( 'NONE', *, *, #1436, .T. ) ;
#230 = CARTESIAN_POINT ( 'NONE',  ( 10.00000000000000355, -109.9111020495310527, 11.39296477138385200 ) ) ;
#231 = ORIENTED_EDGE ( 'NONE', *, *, #70, .F. ) ;
#232 = CYLINDRICAL_SURFACE ( 'NONE', #415, 125.1260000001251314 ) ;
#233 = DIRECTION ( 'NONE',  ( 1.000000000000000000, -0.000000000000000000, 0.000000000000000000 ) ) ;
#234 = DIRECTION ( 'NONE',  ( 0.000000000000000000, 0.000000000000000000, 1.000000000000000000 ) ) ;
#235 = EDGE_LOOP ( 'NONE', ( #1426, #2273, #2170, #2158 ) ) ;
#236 = LINE ( 'NONE', #1766, #738 ) ;
#237 = CYLINDRICAL_SURFACE ( 'NONE', #2073, 1.749999999999975575 ) ;
#238 = DIRECTION ( 'NONE',  ( -1.000000000000000000, 0.000000000000000000, 0.000000000000000000 ) ) ;
#239 = EDGE_LOOP ( 'NONE', ( #790, #38, #1557, #552 ) ) ;
#240 = ADVANCED_FACE ( 'NONE', ( #321 ), #1094, .F. ) ;
#241 = ORIENTED_EDGE ( 'NONE', *, *, #535, .T. ) ;
#242 = CARTESIAN_POINT ( 'NONE',  ( -10.00000000000000000, 0.000000000000000000, 0.000000000000000000 ) ) ;
#243 = CIRCLE ( 'NONE', #1667, 110.5000000001104894 ) ;
#244 = ORIENTED_EDGE ( 'NONE', *, *, #122, .F. ) ;
#245 = DIRECTION ( 'NONE',  ( 1.000000000000000000, -0.000000000000000000, -0.000000000000000000 ) ) ;
#246 = CARTESIAN_POINT ( 'NONE',  ( -15.00000000000000000, -128.1260000001251456, 0.000000000000000000 ) ) ;
#247 = AXIS2_PLACEMENT_3D ( 'NONE', #472, #1466, #65 ) ;
#248 = AXIS2_PLACEMENT_3D ( 'NONE', #2258, #2010, #1817 ) ;
#249 = DIRECTION ( 'NONE',  ( -1.000000000000000000, 0.000000000000000000, 0.000000000000000000 ) ) ;
#250 = CARTESIAN_POINT ( 'NONE',  ( 10.00000000000000355, -107.1792749824045927, 26.88592595151822806 ) ) ;
#251 = AXIS2_PLACEMENT_3D ( 'NONE', #2033, #2215, #466 ) ;
#252 = DIRECTION ( 'NONE',  ( -1.000000000000000000, 0.000000000000000000, 0.000000000000000000 ) ) ;
#253 = CIRCLE ( 'NONE', #337, 125.1260000001251314 ) ;
#254 = EDGE_LOOP ( 'NONE', ( #2441, #1807, #2112, #2487 ) ) ;
#255 = AXIS2_PLACEMENT_3D ( 'NONE', #299, #1056, #1836 ) ;
#256 = ORIENTED_EDGE ( 'NONE', *, *, #2127, .T. ) ;
#257 = DIRECTION ( 'NONE',  ( 0.000000000000000000, 0.000000000000000000, 1.000000000000000000 ) ) ;
#258 = ADVANCED_FACE ( 'NONE', ( #268, #2206, #444, #1235 ), #665, .T. ) ;
#259 = ORIENTED_EDGE ( 'NONE', *, *, #166, .F. ) ;
#260 = CYLINDRICAL_SURFACE ( 'NONE', #1760, 58.50000000005852030 ) ;
#261 = ADVANCED_FACE ( 'NONE', ( #279 ), #2280, .F. ) ;
#262 = ORIENTED_EDGE ( 'NONE', *, *, #1499, .T. ) ;
#263 = CARTESIAN_POINT ( 'NONE',  ( -15.00000000000000000, -83.85446222626016777, 95.81982761952298233 ) ) ;
#264 = CARTESIAN_POINT ( 'NONE',  ( -3.000000000000000000, 0.000000000000000000, 0.000000000000000000 ) ) ;
#265 = DIRECTION ( 'NONE',  ( 0.000000000000000000, 0.000000000000000000, 1.000000000000000000 ) ) ;
#266 = VERTEX_POINT ( 'NONE', #1356 ) ;
#267 = DIRECTION ( 'NONE',  ( -1.000000000000000000, -0.000000000000000000, -0.000000000000000000 ) ) ;
#268 = FACE_BOUND ( 'NONE', #270, .T. ) ;
#269 = ADVANCED_FACE ( 'NONE', ( #569 ), #1317, .F. ) ;
#270 = EDGE_LOOP ( 'NONE', ( #1120, #1088 ) ) ;
#271 = DIRECTION ( 'NONE',  ( 0.000000000000000000, -3.730349362740526607E-14, -1.000000000000000000 ) ) ;
#272 = EDGE_CURVE ( 'NONE', #167, #458, #1670, .T. ) ;
#273 = ORIENTED_EDGE ( 'NONE', *, *, #2259, .F. ) ;
#274 = CARTESIAN_POINT ( 'NONE',  ( 10.00000000000000178, -72.70319596766385928, 78.22227132143696338 ) ) ;
#275 = CARTESIAN_POINT ( 'NONE',  ( -3.000000000000000000, -134.1876558716446937, 11.73989867388588237 ) ) ;
#276 = CYLINDRICAL_SURFACE ( 'NONE', #2080, 10.00000000000000888 ) ;
#277 = ORIENTED_EDGE ( 'NONE', *, *, #662, .F. ) ;
#278 = CARTESIAN_POINT ( 'NONE',  ( 10.00000000000000355, 0.000000000000000000, 0.000000000000000000 ) ) ;
#279 = FACE_OUTER_BOUND ( 'NONE', #1761, .T. ) ;
#280 = VECTOR ( 'NONE', #121, 999.9999999999998863 ) ;
#281 = ORIENTED_EDGE ( 'NONE', *, *, #1158, .T. ) ;
#282 = CARTESIAN_POINT ( 'NONE',  ( -15.00000000000000000, -129.5053107519269986, 9.580246557194719514 ) ) ;
#283 = AXIS2_PLACEMENT_3D ( 'NONE', #843, #2379, #1612 ) ;
#284 = VERTEX_POINT ( 'NONE', #1892 ) ;
#285 = DIRECTION ( 'NONE',  ( 1.000000000000000000, -0.000000000000000000, -0.000000000000000000 ) ) ;
#286 = DIRECTION ( 'NONE',  ( 1.000000000000000000, -0.000000000000000000, -0.000000000000000000 ) ) ;
#287 = VECTOR ( 'NONE', #2325, 1000.000000000000000 ) ;
#288 = EDGE_CURVE ( 'NONE', #2243, #588, #1500, .T. ) ;
#289 = VECTOR ( 'NONE', #885, 1000.000000000000000 ) ;
#290 = LINE ( 'NONE', #722, #2119 ) ;
#291 = CIRCLE ( 'NONE', #2291, 1.750000000000001554 ) ;
#292 = ADVANCED_FACE ( 'NONE', ( #1307 ), #926, .F. ) ;
#293 = CIRCLE ( 'NONE', #2164, 58.50000000005852030 ) ;
#294 = ORIENTED_EDGE ( 'NONE', *, *, #698, .F. ) ;
#295 = DIRECTION ( 'NONE',  ( 0.000000000000000000, 0.000000000000000000, 1.000000000000000000 ) ) ;
#296 = AXIS2_PLACEMENT_3D ( 'NONE', #462, #1800, #1238 ) ;
#297 = CIRCLE ( 'NONE', #2032, 110.5000000001104894 ) ;
#298 = ORIENTED_EDGE ( 'NONE', *, *, #2193, .T. ) ;
#299 = CARTESIAN_POINT ( 'NONE',  ( -10.00000000000000000, 0.000000000000000000, 0.000000000000000000 ) ) ;
#300 = EDGE_LOOP ( 'NONE', ( #25, #1263, #562, #2082 ) ) ;
#301 = CARTESIAN_POINT ( 'NONE',  ( 7.500000000000002665, -64.82214794120611145, 89.48932414714511197 ) ) ;
#302 = DIRECTION ( 'NONE',  ( 1.000000000000000000, -0.000000000000000000, -0.000000000000000000 ) ) ;
#303 = DIRECTION ( 'NONE',  ( -1.000000000000000000, 0.000000000000000000, 0.000000000000000000 ) ) ;
#304 = DIRECTION ( 'NONE',  ( 1.000000000000000000, -0.000000000000000000, -0.000000000000000000 ) ) ;
#305 = EDGE_CURVE ( 'NONE', #1580, #1032, #736, .T. ) ;
#306 = EDGE_CURVE ( 'NONE', #604, #403, #151, .T. ) ;
#307 = ORIENTED_EDGE ( 'NONE', *, *, #916, .F. ) ;
#308 = DIRECTION ( 'NONE',  ( -1.000000000000000000, 0.000000000000000000, 0.000000000000000000 ) ) ;
#309 = ORIENTED_EDGE ( 'NONE', *, *, #2427, .T. ) ;
#310 = LINE ( 'NONE', #1483, #865 ) ;
#311 = ORIENTED_EDGE ( 'NONE', *, *, #10, .T. ) ;
#312 = FACE_OUTER_BOUND ( 'NONE', #469, .T. ) ;
#313 = ORIENTED_EDGE ( 'NONE', *, *, #1076, .F. ) ;
#314 = CARTESIAN_POINT ( 'NONE',  ( -3.000000000000000000, -102.0739503050333497, -31.39087612225269197 ) ) ;
#315 = DIRECTION ( 'NONE',  ( 1.000000000000000000, -0.000000000000000000, 0.000000000000000000 ) ) ;
#316 = ORIENTED_EDGE ( 'NONE', *, *, #2018, .F. ) ;
#317 = FACE_OUTER_BOUND ( 'NONE', #2501, .T. ) ;
#318 = ADVANCED_FACE ( 'NONE', ( #1526 ), #584, .F. ) ;
#319 = ORIENTED_EDGE ( 'NONE', *, *, #698, .T. ) ;
#320 = DIRECTION ( 'NONE',  ( 0.000000000000000000, 0.000000000000000000, 1.000000000000000000 ) ) ;
#321 = FACE_OUTER_BOUND ( 'NONE', #1637, .T. ) ;
#322 = AXIS2_PLACEMENT_3D ( 'NONE', #505, #898, #2409 ) ;
#323 = EDGE_CURVE ( 'NONE', #1539, #1945, #207, .T. ) ;
#324 = ORIENTED_EDGE ( 'NONE', *, *, #2505, .F. ) ;
#325 = DIRECTION ( 'NONE',  ( 0.000000000000000000, 0.000000000000000000, -1.000000000000000000 ) ) ;
#326 = EDGE_LOOP ( 'NONE', ( #153, #1292, #1634, #832 ) ) ;
#327 = AXIS2_PLACEMENT_3D ( 'NONE', #1980, #787, #2358 ) ;
#328 = LINE ( 'NONE', #1304, #2081 ) ;
#329 = CIRCLE ( 'NONE', #734, 110.5000000001105036 ) ;
#330 = CARTESIAN_POINT ( 'NONE',  ( -15.00000000000000000, -11.33024655719470353, 129.5053107519269986 ) ) ;
#331 = CIRCLE ( 'NONE', #1915, 125.1260000001251314 ) ;
#332 = EDGE_LOOP ( 'NONE', ( #1976, #2323, #1904, #1208 ) ) ;
#333 = MECHANICAL_DESIGN_GEOMETRIC_PRESENTATION_REPRESENTATION (  '', ( #7 ), #2493 ) ;
#334 = EDGE_LOOP ( 'NONE', ( #1092, #2175 ) ) ;
#335 = DIRECTION ( 'NONE',  ( 0.000000000000000000, 0.000000000000000000, 1.000000000000000000 ) ) ;
#336 = EDGE_CURVE ( 'NONE', #2243, #91, #941, .T. ) ;
#337 = AXIS2_PLACEMENT_3D ( 'NONE', #544, #148, #922 ) ;
#338 = VECTOR ( 'NONE', #678, 1000.000000000000000 ) ;
#339 = ORIENTED_EDGE ( 'NONE', *, *, #585, .T. ) ;
#340 = CARTESIAN_POINT ( 'NONE',  ( -2.999999999999999112, -124.4018351038945411, 13.79846902766793626 ) ) ;
#341 = CARTESIAN_POINT ( 'NONE',  ( 10.00000000000000178, 13.18902272130528885, 105.9741860749773537 ) ) ;
#342 = DIRECTION ( 'NONE',  ( 0.000000000000000000, 0.000000000000000000, -1.000000000000000000 ) ) ;
#343 = DIRECTION ( 'NONE',  ( 1.000000000000000000, -0.000000000000000000, 0.000000000000000000 ) ) ;
#344 = ORIENTED_EDGE ( 'NONE', *, *, #676, .F. ) ;
#345 = ORIENTED_EDGE ( 'NONE', *, *, #2412, .T. ) ;
#346 = CARTESIAN_POINT ( 'NONE',  ( -15.00000000000000000, -11.33024655719470353, 131.2553107519269986 ) ) ;
#347 = VERTEX_POINT ( 'NONE', #2109 ) ;
#348 = CYLINDRICAL_SURFACE ( 'NONE', #48, 9.999999999999994671 ) ;
#349 = DIRECTION ( 'NONE',  ( -1.000000000000000000, 0.000000000000000000, -0.000000000000000000 ) ) ;
#350 = EDGE_CURVE ( 'NONE', #1738, #674, #1959, .T. ) ;
#351 = DIRECTION ( 'NONE',  ( -1.000000000000000000, -0.000000000000000000, -0.000000000000000000 ) ) ;
#352 = CARTESIAN_POINT ( 'NONE',  ( -15.00000000000000000, -11.33024655719470353, 129.5053107519269986 ) ) ;
#353 = VERTEX_POINT ( 'NONE', #1118 ) ;
#354 = VERTEX_POINT ( 'NONE', #177 ) ;
#355 = DIRECTION ( 'NONE',  ( 0.000000000000000000, 0.000000000000000000, -1.000000000000000000 ) ) ;
#356 = ORIENTED_EDGE ( 'NONE', *, *, #1702, .F. ) ;
#357 = DIRECTION ( 'NONE',  ( 0.000000000000000000, 0.000000000000000000, 1.000000000000000000 ) ) ;
#358 = LINE ( 'NONE', #1889, #2147 ) ;
#359 = CIRCLE ( 'NONE', #1375, 58.50000000005852030 ) ;
#360 = DIRECTION ( 'NONE',  ( 0.000000000000000000, 0.000000000000000000, 1.000000000000000000 ) ) ;
#361 = CARTESIAN_POINT ( 'NONE',  ( -3.000000000000000000, -30.30574261292003868, 106.2629378697194653 ) ) ;
#362 = EDGE_CURVE ( 'NONE', #2197, #450, #1223, .T. ) ;
#363 = CIRCLE ( 'NONE', #936, 58.50000000005852030 ) ;
#364 = FACE_OUTER_BOUND ( 'NONE', #178, .T. ) ;
#365 = AXIS2_PLACEMENT_3D ( 'NONE', #1958, #811, #1014 ) ;
#366 = ORIENTED_EDGE ( 'NONE', *, *, #66, .T. ) ;
#367 = ADVANCED_FACE ( 'NONE', ( #364 ), #2099, .F. ) ;
#368 = AXIS2_PLACEMENT_3D ( 'NONE', #762, #1922, #917 ) ;
#369 = ORIENTED_EDGE ( 'NONE', *, *, #1068, .T. ) ;
#370 = CARTESIAN_POINT ( 'NONE',  ( -15.00000000000000000, -116.3503696716233122, -24.47576216058709164 ) ) ;
#371 = CARTESIAN_POINT ( 'NONE',  ( -15.00000000000000000, 24.47576216058734033, 116.3503696716231701 ) ) ;
#372 = AXIS2_PLACEMENT_3D ( 'NONE', #2509, #954, #1498 ) ;
#373 = VECTOR ( 'NONE', #1323, 1000.000000000000000 ) ;
#374 = EDGE_LOOP ( 'NONE', ( #739, #105, #1923, #2385 ) ) ;
#375 = DIRECTION ( 'NONE',  ( 0.000000000000000000, 0.000000000000000000, 1.000000000000000000 ) ) ;
#376 = DIRECTION ( 'NONE',  ( 1.000000000000000000, -0.000000000000000000, -0.000000000000000000 ) ) ;
#377 = AXIS2_PLACEMENT_3D ( 'NONE', #92, #869, #1226 ) ;
#378 = CARTESIAN_POINT ( 'NONE',  ( 10.00000000000000178, -94.84401548477663368, 81.61573746989461142 ) ) ;
#379 = CARTESIAN_POINT ( 'NONE',  ( -15.00000000000000000, -91.92388155425116736, 93.67388155425118157 ) ) ;
#380 = AXIS2_PLACEMENT_3D ( 'NONE', #2529, #998, #1975 ) ;
#381 = DIRECTION ( 'NONE',  ( -1.000000000000000000, 0.000000000000000000, 0.000000000000000000 ) ) ;
#382 = ORIENTED_EDGE ( 'NONE', *, *, #1220, .F. ) ;
#383 = ADVANCED_FACE ( 'NONE', ( #2511 ), #161, .T. ) ;
#384 = ORIENTED_EDGE ( 'NONE', *, *, #2125, .F. ) ;
#385 = DIRECTION ( 'NONE',  ( 0.000000000000000000, 0.000000000000000000, -1.000000000000000000 ) ) ;
#386 = ORIENTED_EDGE ( 'NONE', *, *, #1771, .F. ) ;
#387 = CARTESIAN_POINT ( 'NONE',  ( 10.00000000000000355, -100.8822889185302500, 45.08895410832467832 ) ) ;
#388 = FACE_OUTER_BOUND ( 'NONE', #1312, .T. ) ;
#389 = CARTESIAN_POINT ( 'NONE',  ( 10.00000000000000178, -11.33024655719470353, 132.5053107519269986 ) ) ;
#390 = FACE_OUTER_BOUND ( 'NONE', #726, .T. ) ;
#391 = ORIENTED_EDGE ( 'NONE', *, *, #6, .F. ) ;
#392 = ORIENTED_EDGE ( 'NONE', *, *, #928, .T. ) ;
#393 = CARTESIAN_POINT ( 'NONE',  ( 5.000000000000001776, -11.33024655719470353, 131.2553107519269986 ) ) ;
#394 = EDGE_CURVE ( 'NONE', #537, #574, #1719, .T. ) ;
#395 = EDGE_LOOP ( 'NONE', ( #2180, #241, #391, #78 ) ) ;
#396 = CARTESIAN_POINT ( 'NONE',  ( -10.00000000000000000, 0.000000000000000000, 0.000000000000000000 ) ) ;
#397 = LINE ( 'NONE', #1978, #729 ) ;
#398 = ORIENTED_EDGE ( 'NONE', *, *, #475, .T. ) ;
#399 = CARTESIAN_POINT ( 'NONE',  ( 10.00000000000000178, -91.92388155425116736, 88.92388155425118157 ) ) ;
#400 = DIRECTION ( 'NONE',  ( 1.000000000000000000, -0.000000000000000000, -0.000000000000000000 ) ) ;
#401 = VECTOR ( 'NONE', #2214, 1000.000000000000000 ) ;
#402 = DIRECTION ( 'NONE',  ( 0.000000000000000000, 0.000000000000000000, -1.000000000000000000 ) ) ;
#403 = VERTEX_POINT ( 'NONE', #1141 ) ;
#404 = AXIS2_PLACEMENT_3D ( 'NONE', #1731, #761, #2319 ) ;
#405 = VECTOR ( 'NONE', #2058, 1000.000000000000000 ) ;
#406 = ORIENTED_EDGE ( 'NONE', *, *, #2075, .T. ) ;
#407 = DIRECTION ( 'NONE',  ( 0.000000000000000000, 0.000000000000000000, 1.000000000000000000 ) ) ;
#408 = EDGE_CURVE ( 'NONE', #450, #2265, #1537, .T. ) ;
#409 = ORIENTED_EDGE ( 'NONE', *, *, #21, .F. ) ;
#410 = CARTESIAN_POINT ( 'NONE',  ( -3.000000000000000000, -100.8822889185302358, 45.08895410832463568 ) ) ;
#411 = LINE ( 'NONE', #1990, #524 ) ;
#412 = ORIENTED_EDGE ( 'NONE', *, *, #350, .T. ) ;
#413 = DIRECTION ( 'NONE',  ( 0.000000000000000000, 0.000000000000000000, 1.000000000000000000 ) ) ;
#414 = CARTESIAN_POINT ( 'NONE',  ( 7.500000000000008882, -61.92197721066230542, 91.52004555476706571 ) ) ;
#415 = AXIS2_PLACEMENT_3D ( 'NONE', #1010, #1786, #375 ) ;
#416 = AXIS2_PLACEMENT_3D ( 'NONE', #2014, #1211, #271 ) ;
#417 = DIRECTION ( 'NONE',  ( 0.000000000000000000, 0.000000000000000000, 1.000000000000000000 ) ) ;
#418 = VERTEX_POINT ( 'NONE', #800 ) ;
#419 = ORIENTED_EDGE ( 'NONE', *, *, #1520, .T. ) ;
#420 = DIRECTION ( 'NONE',  ( 1.000000000000000000, -0.000000000000000000, 0.000000000000000000 ) ) ;
#421 = VERTEX_POINT ( 'NONE', #1778 ) ;
#422 = FACE_OUTER_BOUND ( 'NONE', #866, .T. ) ;
#423 = DIRECTION ( 'NONE',  ( 0.000000000000000000, 0.000000000000000000, -1.000000000000000000 ) ) ;
#424 = CARTESIAN_POINT ( 'NONE',  ( 10.00000000000000178, -118.1033097399190268, 41.32945807179261521 ) ) ;
#425 = ORIENTED_EDGE ( 'NONE', *, *, #1615, .T. ) ;
#426 = DIRECTION ( 'NONE',  ( -1.000000000000000000, 0.000000000000000000, -0.000000000000000000 ) ) ;
#427 = FACE_OUTER_BOUND ( 'NONE', #868, .T. ) ;
#428 = EDGE_CURVE ( 'NONE', #1929, #693, #789, .T. ) ;
#429 = DIRECTION ( 'NONE',  ( -1.000000000000000000, 0.000000000000000000, 0.000000000000000000 ) ) ;
#430 = ORIENTED_EDGE ( 'NONE', *, *, #1845, .T. ) ;
#431 = ORIENTED_EDGE ( 'NONE', *, *, #1984, .T. ) ;
#432 = DIRECTION ( 'NONE',  ( -1.000000000000000000, 0.000000000000000000, 0.000000000000000000 ) ) ;
#433 = VERTEX_POINT ( 'NONE', #59 ) ;
#434 = DIRECTION ( 'NONE',  ( -1.000000000000000000, 0.000000000000000000, 0.000000000000000000 ) ) ;
#435 = CYLINDRICAL_SURFACE ( 'NONE', #2524, 58.50000000005853451 ) ;
#436 = ORIENTED_EDGE ( 'NONE', *, *, #1584, .T. ) ;
#437 = CYLINDRICAL_SURFACE ( 'NONE', #2289, 3.000000000000002665 ) ;
#438 = LINE ( 'NONE', #1617, #568 ) ;
#439 = CARTESIAN_POINT ( 'NONE',  ( -3.000000000000000000, 0.000000000000000000, 0.000000000000000000 ) ) ;
#440 = EDGE_CURVE ( 'NONE', #897, #2243, #1874, .T. ) ;
#441 = EDGE_LOOP ( 'NONE', ( #2399, #751, #482, #369 ) ) ;
#442 = VERTEX_POINT ( 'NONE', #1206 ) ;
#443 = CARTESIAN_POINT ( 'NONE',  ( -3.000000000000000000, -122.9451955416885909, 23.25929425514176074 ) ) ;
#444 = FACE_OUTER_BOUND ( 'NONE', #72, .T. ) ;
#445 = CIRCLE ( 'NONE', #1952, 110.5000000001104894 ) ;
#446 = ORIENTED_EDGE ( 'NONE', *, *, #1581, .F. ) ;
#447 = CARTESIAN_POINT ( 'NONE',  ( -3.000000000000000000, -106.6544498265585474, 63.91357246111783752 ) ) ;
#448 = CIRCLE ( 'NONE', #1381, 58.50000000005853451 ) ;
#449 = AXIS2_PLACEMENT_3D ( 'NONE', #352, #1107, #1128 ) ;
#450 = VERTEX_POINT ( 'NONE', #1015 ) ;
#451 = DIRECTION ( 'NONE',  ( 1.000000000000000000, -0.000000000000000000, -0.000000000000000000 ) ) ;
#452 = CARTESIAN_POINT ( 'NONE',  ( 10.00000000000000178, -129.5053107519269986, 8.330246557194726620 ) ) ;
#453 = COLOUR_RGB ( '',0.7921568627450980005, 0.8196078431372548767, 0.9333333333333333481 ) ;
#454 = DIRECTION ( 'NONE',  ( 0.000000000000000000, -0.8934082280457725789, -0.4492457435080634554 ) ) ;
#455 = VECTOR ( 'NONE', #2469, 1000.000000000000000 ) ;
#456 = EDGE_CURVE ( 'NONE', #846, #1598, #2490, .T. ) ;
#457 = CIRCLE ( 'NONE', #1559, 110.5000000001104752 ) ;
#458 = VERTEX_POINT ( 'NONE', #1981 ) ;
#459 = DIRECTION ( 'NONE',  ( 0.000000000000000000, 0.000000000000000000, -1.000000000000000000 ) ) ;
#460 = ADVANCED_FACE ( 'NONE', ( #390 ), #20, .F. ) ;
#461 = VERTEX_POINT ( 'NONE', #840 ) ;
#462 = CARTESIAN_POINT ( 'NONE',  ( 15.00000000000000178, 31.39087612225167945, 102.0739503050336765 ) ) ;
#463 = ORIENTED_EDGE ( 'NONE', *, *, #1161, .F. ) ;
#464 = CARTESIAN_POINT ( 'NONE',  ( 10.00000000000000178, -140.0000000000000284, 0.000000000000000000 ) ) ;
#465 = DIRECTION ( 'NONE',  ( -1.000000000000000000, 0.000000000000000000, 0.000000000000000000 ) ) ;
#466 = DIRECTION ( 'NONE',  ( 0.000000000000000000, 0.000000000000000000, -1.000000000000000000 ) ) ;
#467 = ORIENTED_EDGE ( 'NONE', *, *, #618, .T. ) ;
#468 = DIRECTION ( 'NONE',  ( 1.000000000000000000, -0.000000000000000000, -0.000000000000000000 ) ) ;
#469 = EDGE_LOOP ( 'NONE', ( #2378, #1133, #1277, #1822 ) ) ;
#470 = DIRECTION ( 'NONE',  ( -1.000000000000000000, 0.000000000000000000, 0.000000000000000000 ) ) ;
#471 = EDGE_CURVE ( 'NONE', #648, #1409, #1754, .T. ) ;
#472 = CARTESIAN_POINT ( 'NONE',  ( 5.000000000000001776, -129.5053107519269986, 11.33024655719469465 ) ) ;
#473 = VERTEX_POINT ( 'NONE', #1566 ) ;
#474 = DIRECTION ( 'NONE',  ( 0.000000000000000000, 3.286260152890463360E-14, -1.000000000000000000 ) ) ;
#475 = EDGE_CURVE ( 'NONE', #2506, #1504, #1618, .T. ) ;
#476 = LINE ( 'NONE', #1086, #2231 ) ;
#477 = DIRECTION ( 'NONE',  ( 0.000000000000000000, 0.000000000000000000, 1.000000000000000000 ) ) ;
#478 = ORIENTED_EDGE ( 'NONE', *, *, #1949, .T. ) ;
#479 = CYLINDRICAL_SURFACE ( 'NONE', #528, 58.50000000005852030 ) ;
#480 = CIRCLE ( 'NONE', #1215, 128.1260000001251456 ) ;
#481 = PRODUCT_DEFINITION_FORMATION_WITH_SPECIFIED_SOURCE ( 'ANY', '', #1473, .NOT_KNOWN. ) ;
#482 = ORIENTED_EDGE ( 'NONE', *, *, #972, .T. ) ;
#483 = LINE ( 'NONE', #1022, #338 ) ;
#484 = CIRCLE ( 'NONE', #1420, 110.5000000001104894 ) ;
#485 = EDGE_CURVE ( 'NONE', #2094, #886, #2202, .T. ) ;
#486 = AXIS2_PLACEMENT_3D ( 'NONE', #2199, #1608, #1992 ) ;
#487 = ORIENTED_EDGE ( 'NONE', *, *, #2317, .F. ) ;
#488 = DIRECTION ( 'NONE',  ( 1.000000000000000000, -0.000000000000000000, -0.000000000000000000 ) ) ;
#489 = CARTESIAN_POINT ( 'NONE',  ( -15.00000000000000000, -86.37187064868864184, 90.81349549406576216 ) ) ;
#490 = DIRECTION ( 'NONE',  ( 0.000000000000000000, 0.000000000000000000, 1.000000000000000000 ) ) ;
#491 = AXIS2_PLACEMENT_3D ( 'NONE', #1397, #695, #709 ) ;
#492 = EDGE_CURVE ( 'NONE', #354, #918, #1103, .T. ) ;
#493 = AXIS2_PLACEMENT_3D ( 'NONE', #2485, #1553, #1514 ) ;
#494 = CARTESIAN_POINT ( 'NONE',  ( -15.00000000000000000, -11.73989867388585928, 134.1876558716446652 ) ) ;
#495 = CIRCLE ( 'NONE', #1510, 110.5000000001104894 ) ;
#496 = AXIS2_PLACEMENT_3D ( 'NONE', #2116, #553, #757 ) ;
#497 = EDGE_LOOP ( 'NONE', ( #1835, #1309, #127, #2513 ) ) ;
#498 = LINE ( 'NONE', #2451, #1748 ) ;
#499 = CIRCLE ( 'NONE', #380, 58.50000000005852030 ) ;
#500 = ORIENTED_EDGE ( 'NONE', *, *, #1205, .T. ) ;
#501 = DIRECTION ( 'NONE',  ( 1.000000000000000000, -0.000000000000000000, -0.000000000000000000 ) ) ;
#502 = VERTEX_POINT ( 'NONE', #609 ) ;
#503 = LINE ( 'NONE', #694, #86 ) ;
#504 = ORIENTED_EDGE ( 'NONE', *, *, #2190, .F. ) ;
#505 = CARTESIAN_POINT ( 'NONE',  ( -15.00000000000000000, 0.000000000000000000, 0.000000000000000000 ) ) ;
#506 = LINE ( 'NONE', #71, #1831 ) ;
#507 = EDGE_CURVE ( 'NONE', #1658, #2310, #1594, .T. ) ;
#508 = ORIENTED_EDGE ( 'NONE', *, *, #2381, .F. ) ;
#509 = CARTESIAN_POINT ( 'NONE',  ( -3.000000000000000000, -94.84401548477663368, 81.61573746989461142 ) ) ;
#510 = EDGE_CURVE ( 'NONE', #33, #2138, #331, .T. ) ;
#511 = ORIENTED_EDGE ( 'NONE', *, *, #1567, .F. ) ;
#512 = CARTESIAN_POINT ( 'NONE',  ( -3.000000000000000000, -95.30595292914637184, 95.30595292914640027 ) ) ;
#513 = DIRECTION ( 'NONE',  ( -1.000000000000000000, 0.000000000000000000, 0.000000000000000000 ) ) ;
#514 = VERTEX_POINT ( 'NONE', #645 ) ;
#515 = CARTESIAN_POINT ( 'NONE',  ( 10.00000000000000178, -11.33024655719470353, 129.5053107519269986 ) ) ;
#516 = ORIENTED_EDGE ( 'NONE', *, *, #2369, .F. ) ;
#517 = CARTESIAN_POINT ( 'NONE',  ( 15.00000000000000178, -58.01551618978552227, 89.65867674592217895 ) ) ;
#518 = LINE ( 'NONE', #1590, #1183 ) ;
#519 = ADVANCED_FACE ( 'NONE', ( #47 ), #831, .F. ) ;
#520 = ORIENTED_EDGE ( 'NONE', *, *, #305, .T. ) ;
#521 = EDGE_CURVE ( 'NONE', #2090, #2146, #856, .T. ) ;
#522 = EDGE_LOOP ( 'NONE', ( #2110, #2495, #2322, #1099 ) ) ;
#523 = LINE ( 'NONE', #706, #2003 ) ;
#524 = VECTOR ( 'NONE', #975, 1000.000000000000000 ) ;
#525 = ORIENTED_EDGE ( 'NONE', *, *, #1872, .F. ) ;
#526 = CARTESIAN_POINT ( 'NONE',  ( -15.00000000000000000, -129.5053107519269986, 11.33024655719469465 ) ) ;
#527 = CARTESIAN_POINT ( 'NONE',  ( 10.08363775929436379, -91.92388155425116736, 94.92388155425118157 ) ) ;
#528 = AXIS2_PLACEMENT_3D ( 'NONE', #852, #2217, #257 ) ;
#529 = CIRCLE ( 'NONE', #1911, 58.50000000005852030 ) ;
#530 = DIRECTION ( 'NONE',  ( 0.000000000000000000, 0.000000000000000000, 1.000000000000000000 ) ) ;
#531 = VECTOR ( 'NONE', #1909, 1000.000000000000000 ) ;
#532 = DIRECTION ( 'NONE',  ( 1.000000000000000000, -0.000000000000000000, 0.000000000000000000 ) ) ;
#533 = VECTOR ( 'NONE', #2525, 1000.000000000000000 ) ;
#534 = ORIENTED_EDGE ( 'NONE', *, *, #135, .T. ) ;
#535 = EDGE_CURVE ( 'NONE', #1894, #421, #1181, .T. ) ;
#536 = CIRCLE ( 'NONE', #209, 125.1260000001251314 ) ;
#537 = VERTEX_POINT ( 'NONE', #1368 ) ;
#538 = DIRECTION ( 'NONE',  ( -1.000000000000000000, 0.000000000000000000, 0.000000000000000000 ) ) ;
#539 = LINE ( 'NONE', #1149, #531 ) ;
#540 = AXIS2_PLACEMENT_3D ( 'NONE', #1968, #630, #2519 ) ;
#541 = EDGE_CURVE ( 'NONE', #746, #686, #655, .T. ) ;
#542 = VECTOR ( 'NONE', #538, 1000.000000000000000 ) ;
#543 = ORIENTED_EDGE ( 'NONE', *, *, #1436, .F. ) ;
#544 = CARTESIAN_POINT ( 'NONE',  ( 10.00000000000000178, 0.000000000000000000, 0.000000000000000000 ) ) ;
#545 = LINE ( 'NONE', #527, #1987 ) ;
#546 = DIRECTION ( 'NONE',  ( -1.000000000000000000, 0.000000000000000000, 0.000000000000000000 ) ) ;
#547 = DIRECTION ( 'NONE',  ( 0.000000000000000000, -0.8934082280457725789, -0.4492457435080635109 ) ) ;
#548 = EDGE_LOOP ( 'NONE', ( #820, #1240, #677, #183 ) ) ;
#549 = ORIENTED_EDGE ( 'NONE', *, *, #1941, .T. ) ;
#550 = FACE_BOUND ( 'NONE', #1055, .T. ) ;
#551 = ADVANCED_FACE ( 'NONE', ( #1944 ), #226, .F. ) ;
#552 = ORIENTED_EDGE ( 'NONE', *, *, #510, .F. ) ;
#553 = DIRECTION ( 'NONE',  ( 1.000000000000000000, -0.000000000000000000, -0.000000000000000000 ) ) ;
#554 = PLANE ( 'NONE',  #32 ) ;
#555 = ADVANCED_FACE ( 'NONE', ( #1396 ), #276, .T. ) ;
#556 = LINE ( 'NONE', #955, #1906 ) ;
#557 = CARTESIAN_POINT ( 'NONE',  ( 5.000000000000001776, -91.92388155425116736, 91.92388155425118157 ) ) ;
#558 = ORIENTED_EDGE ( 'NONE', *, *, #84, .F. ) ;
#559 = ORIENTED_EDGE ( 'NONE', *, *, #1905, .F. ) ;
#560 = DIRECTION ( 'NONE',  ( 1.000000000000000000, -0.000000000000000000, 0.000000000000000000 ) ) ;
#561 = CARTESIAN_POINT ( 'NONE',  ( -2.999999999999999112, 0.000000000000000000, 128.1260000001251456 ) ) ;
#562 = ORIENTED_EDGE ( 'NONE', *, *, #2061, .T. ) ;
#563 = CARTESIAN_POINT ( 'NONE',  ( 10.00000000000000178, -41.56506430974823019, 98.37084864696210218 ) ) ;
#564 = CARTESIAN_POINT ( 'NONE',  ( -15.00000000000000000, -116.3503696716233122, -24.47576216058709164 ) ) ;
#565 = CIRCLE ( 'NONE', #688, 58.50000000005853451 ) ;
#566 = CARTESIAN_POINT ( 'NONE',  ( 10.00000000000000178, -96.84530147970760083, 79.23069769562714271 ) ) ;
#567 = LINE ( 'NONE', #1341, #1336 ) ;
#568 = VECTOR ( 'NONE', #1777, 1000.000000000000000 ) ;
#569 = FACE_OUTER_BOUND ( 'NONE', #522, .T. ) ;
#570 = ORIENTED_EDGE ( 'NONE', *, *, #2221, .T. ) ;
#571 = AXIS2_PLACEMENT_3D ( 'NONE', #2124, #737, #2298 ) ;
#572 = ADVANCED_FACE ( 'NONE', ( #1063 ), #1866, .T. ) ;
#573 = AXIS2_PLACEMENT_3D ( 'NONE', #330, #532, #1933 ) ;
#574 = VERTEX_POINT ( 'NONE', #1447 ) ;
#575 = FACE_OUTER_BOUND ( 'NONE', #2421, .T. ) ;
#576 = CIRCLE ( 'NONE', #1597, 2.999999999999968026 ) ;
#577 = VECTOR ( 'NONE', #2131, 1000.000000000000000 ) ;
#578 = ORIENTED_EDGE ( 'NONE', *, *, #2064, .T. ) ;
#579 = CARTESIAN_POINT ( 'NONE',  ( 15.00000000000000178, -20.19314622412558791, 123.4858401664028662 ) ) ;
#580 = CARTESIAN_POINT ( 'NONE',  ( 15.00000000000000178, -23.85167898359664918, 104.0940720899153007 ) ) ;
#581 = AXIS2_PLACEMENT_3D ( 'NONE', #1286, #2503, #320 ) ;
#582 = DIRECTION ( 'NONE',  ( 0.000000000000000000, 0.000000000000000000, 1.000000000000000000 ) ) ;
#583 = DIRECTION ( 'NONE',  ( 1.000000000000000000, -0.000000000000000000, -0.000000000000000000 ) ) ;
#584 = CYLINDRICAL_SURFACE ( 'NONE', #1384, 125.1260000001251314 ) ;
#585 = EDGE_CURVE ( 'NONE', #1009, #951, #1303, .T. ) ;
#586 = EDGE_LOOP ( 'NONE', ( #2252, #298, #406, #446 ) ) ;
#587 = EDGE_CURVE ( 'NONE', #1237, #1334, #862, .T. ) ;
#588 = VERTEX_POINT ( 'NONE', #699 ) ;
#589 = CYLINDRICAL_SURFACE ( 'NONE', #1272, 58.50000000005852030 ) ;
#590 = EDGE_LOOP ( 'NONE', ( #921, #339, #670, #663 ) ) ;
#591 = FACE_OUTER_BOUND ( 'NONE', #2272, .T. ) ;
#592 = DIRECTION ( 'NONE',  ( -1.000000000000000000, 0.000000000000000000, 0.000000000000000000 ) ) ;
#593 = ORIENTED_EDGE ( 'NONE', *, *, #993, .T. ) ;
#594 = CYLINDRICAL_SURFACE ( 'NONE', #46, 110.5000000001104894 ) ;
#595 = CARTESIAN_POINT ( 'NONE',  ( -2.999999999999999112, -81.26279228057404680, 99.05872231558582541 ) ) ;
#596 = CARTESIAN_POINT ( 'NONE',  ( 15.00000000000000178, -125.1260000001251029, 0.000000000000000000 ) ) ;
#597 = ORIENTED_EDGE ( 'NONE', *, *, #521, .T. ) ;
#598 = VERTEX_POINT ( 'NONE', #2226 ) ;
#599 = DIRECTION ( 'NONE',  ( 1.000000000000000000, -0.000000000000000000, -0.000000000000000000 ) ) ;
#600 = EDGE_CURVE ( 'NONE', #951, #1144, #2447, .T. ) ;
#601 = VERTEX_POINT ( 'NONE', #1243 ) ;
#602 = FACE_OUTER_BOUND ( 'NONE', #332, .T. ) ;
#603 = SHAPE_DEFINITION_REPRESENTATION ( #1080, #2449 ) ;
#604 = VERTEX_POINT ( 'NONE', #2060 ) ;
#605 = CARTESIAN_POINT ( 'NONE',  ( 10.00000000000000355, 0.000000000000000000, 0.000000000000000000 ) ) ;
#606 = AXIS2_PLACEMENT_3D ( 'NONE', #2084, #376, #721 ) ;
#607 = DIRECTION ( 'NONE',  ( 1.000000000000000000, -0.000000000000000000, -0.000000000000000000 ) ) ;
#608 = AXIS2_PLACEMENT_3D ( 'NONE', #1879, #349, #1899 ) ;
#609 = CARTESIAN_POINT ( 'NONE',  ( -3.000000000000000000, -48.29769580060712286, 99.38602809437773544 ) ) ;
#610 = ORIENTED_EDGE ( 'NONE', *, *, #1220, .T. ) ;
#611 = CIRCLE ( 'NONE', #1589, 58.50000000005850609 ) ;
#612 = VECTOR ( 'NONE', #1530, 1000.000000000000000 ) ;
#613 = EDGE_LOOP ( 'NONE', ( #1694, #1582, #2130, #2028 ) ) ;
#614 = DIRECTION ( 'NONE',  ( -1.000000000000000000, 0.000000000000000000, -0.000000000000000000 ) ) ;
#615 = VECTOR ( 'NONE', #12, 1000.000000000000114 ) ;
#616 = ORIENTED_EDGE ( 'NONE', *, *, #587, .F. ) ;
#617 = CARTESIAN_POINT ( 'NONE',  ( -3.000000000000000000, -106.2629378697197922, 30.30574261291888050 ) ) ;
#618 = EDGE_CURVE ( 'NONE', #2128, #1679, #900, .T. ) ;
#619 = CARTESIAN_POINT ( 'NONE',  ( 15.00000000000000178, -106.6544498265585474, 5.413572461059314556 ) ) ;
#620 = AXIS2_PLACEMENT_3D ( 'NONE', #1138, #915, #1917 ) ;
#621 = ORIENTED_EDGE ( 'NONE', *, *, #336, .T. ) ;
#622 = DIRECTION ( 'NONE',  ( 1.000000000000000000, -0.000000000000000000, -0.000000000000000000 ) ) ;
#623 = LINE ( 'NONE', #1417, #2240 ) ;
#624 = CIRCLE ( 'NONE', #2499, 125.1260000001251314 ) ;
#625 = CARTESIAN_POINT ( 'NONE',  ( -3.000000000000000000, -85.18182592565698030, 64.40912176522904531 ) ) ;
#626 = EDGE_LOOP ( 'NONE', ( #1246, #2053, #1947, #1097 ) ) ;
#627 = ORIENTED_EDGE ( 'NONE', *, *, #2484, .T. ) ;
#628 = FACE_OUTER_BOUND ( 'NONE', #764, .T. ) ;
#629 = ORIENTED_EDGE ( 'NONE', *, *, #647, .T. ) ;
#630 = DIRECTION ( 'NONE',  ( 1.000000000000000000, -0.000000000000000000, 0.000000000000000000 ) ) ;
#631 = CARTESIAN_POINT ( 'NONE',  ( 0.000000000000000000, 0.000000000000000000, 0.000000000000000000 ) ) ;
#632 = EDGE_CURVE ( 'NONE', #1658, #846, #82, .T. ) ;
#633 = ORIENTED_EDGE ( 'NONE', *, *, #1489, .T. ) ;
#634 = CARTESIAN_POINT ( 'NONE',  ( -15.00000000000000000, -86.37187064868864184, 90.81349549406576216 ) ) ;
#635 = LINE ( 'NONE', #1379, #200 ) ;
#636 = DIRECTION ( 'NONE',  ( 0.000000000000000000, 0.000000000000000000, -1.000000000000000000 ) ) ;
#637 = CARTESIAN_POINT ( 'NONE',  ( -15.00000000000000000, -105.3890399490052090, 52.99433800050715604 ) ) ;
#638 = EDGE_LOOP ( 'NONE', ( #156, #487, #1995, #1515 ) ) ;
#639 = CARTESIAN_POINT ( 'NONE',  ( 10.00000000000000178, -79.23069769562810905, 96.84530147970680503 ) ) ;
#640 = ORIENTED_EDGE ( 'NONE', *, *, #2006, .F. ) ;
#641 = DIRECTION ( 'NONE',  ( -1.000000000000000000, 0.000000000000000000, 0.000000000000000000 ) ) ;
#642 = CARTESIAN_POINT ( 'NONE',  ( -15.00000000000000000, -22.37598835481592374, 115.9873571609195153 ) ) ;
#643 = DIRECTION ( 'NONE',  ( -1.000000000000000000, -0.000000000000000000, -0.000000000000000000 ) ) ;
#644 = EDGE_CURVE ( 'NONE', #22, #842, #506, .T. ) ;
#645 = CARTESIAN_POINT ( 'NONE',  ( -2.999999999999999112, -86.37187064868864184, 90.81349549406576216 ) ) ;
#646 = DIRECTION ( 'NONE',  ( 0.000000000000000000, 0.4492457435080634554, 0.8934082280457725789 ) ) ;
#647 = EDGE_CURVE ( 'NONE', #458, #167, #2370, .T. ) ;
#648 = VERTEX_POINT ( 'NONE', #1418 ) ;
#649 = CARTESIAN_POINT ( 'NONE',  ( 15.00000000000000178, -81.61573746989557776, 94.84401548477582367 ) ) ;
#650 = ADVANCED_FACE ( 'NONE', ( #1281 ), #2424, .F. ) ;
#651 = CIRCLE ( 'NONE', #2486, 9.999999999999994671 ) ;
#652 = EDGE_LOOP ( 'NONE', ( #2356, #1543, #1168, #742 ) ) ;
#653 = CYLINDRICAL_SURFACE ( 'NONE', #1516, 58.50000000005853451 ) ;
#654 = VECTOR ( 'NONE', #2045, 1000.000000000000000 ) ;
#655 = CIRCLE ( 'NONE', #43, 58.50000000005852030 ) ;
#656 = ORIENTED_EDGE ( 'NONE', *, *, #428, .F. ) ;
#657 = LINE ( 'NONE', #1241, #782 ) ;
#658 = CARTESIAN_POINT ( 'NONE',  ( 10.00000000000000178, 0.000000000000000000, 0.000000000000000000 ) ) ;
#659 = CIRCLE ( 'NONE', #620, 125.1260000001251029 ) ;
#660 = DIRECTION ( 'NONE',  ( 1.000000000000000000, -0.000000000000000000, 0.000000000000000000 ) ) ;
#661 = CIRCLE ( 'NONE', #2418, 58.50000000005852741 ) ;
#662 = EDGE_CURVE ( 'NONE', #1221, #1964, #2118, .T. ) ;
#663 = ORIENTED_EDGE ( 'NONE', *, *, #2027, .F. ) ;
#664 = CARTESIAN_POINT ( 'NONE',  ( 15.00000000000000178, 0.000000000000000000, 0.000000000000000000 ) ) ;
#665 = PLANE ( 'NONE',  #41 ) ;
#666 = ADVANCED_FACE ( 'NONE', ( #2411 ), #1855, .F. ) ;
#667 = VERTEX_POINT ( 'NONE', #83 ) ;
#668 = FACE_OUTER_BOUND ( 'NONE', #2526, .T. ) ;
#669 = CARTESIAN_POINT ( 'NONE',  ( -3.000000000000000000, -63.90632057661670018, 107.5755458568071248 ) ) ;
#670 = ORIENTED_EDGE ( 'NONE', *, *, #600, .T. ) ;
#671 = DIRECTION ( 'NONE',  ( 1.000000000000000000, -0.000000000000000000, 0.000000000000000000 ) ) ;
#672 = CYLINDRICAL_SURFACE ( 'NONE', #1707, 58.50000000005850609 ) ;
#673 = DIRECTION ( 'NONE',  ( 0.000000000000000000, 0.000000000000000000, 1.000000000000000000 ) ) ;
#674 = VERTEX_POINT ( 'NONE', #1843 ) ;
#675 = CARTESIAN_POINT ( 'NONE',  ( 10.00000000000000178, 48.63893363677317438, 95.07224920698261883 ) ) ;
#676 = EDGE_CURVE ( 'NONE', #1985, #1658, #1343, .T. ) ;
#677 = ORIENTED_EDGE ( 'NONE', *, *, #116, .T. ) ;
#678 = DIRECTION ( 'NONE',  ( -1.000000000000000000, 0.000000000000000000, 0.000000000000000000 ) ) ;
#679 = CARTESIAN_POINT ( 'NONE',  ( 15.00000000000000178, -63.90632057661667176, 107.5755458568071532 ) ) ;
#680 = EDGE_CURVE ( 'NONE', #1884, #601, #781, .T. ) ;
#681 = VERTEX_POINT ( 'NONE', #1827 ) ;
#682 = DIRECTION ( 'NONE',  ( -1.000000000000000000, 0.000000000000000000, -0.000000000000000000 ) ) ;
#683 = LINE ( 'NONE', #1456, #1627 ) ;
#684 = MANIFOLD_SOLID_BREP ( '<internal spur gear_am>-<TeethCuts>', #1830 ) ;
#685 = SURFACE_STYLE_USAGE ( .BOTH. , #2434 ) ;
#686 = VERTEX_POINT ( 'NONE', #378 ) ;
#687 = DIRECTION ( 'NONE',  ( 0.000000000000000000, 0.000000000000000000, 1.000000000000000000 ) ) ;
#688 = AXIS2_PLACEMENT_3D ( 'NONE', #1125, #913, #1729 ) ;
#689 = ORIENTED_EDGE ( 'NONE', *, *, #2397, .F. ) ;
#690 = DIRECTION ( 'NONE',  ( 0.000000000000000000, 0.000000000000000000, 1.000000000000000000 ) ) ;
#691 = CIRCLE ( 'NONE', #404, 3.000000000000002665 ) ;
#692 = EDGE_CURVE ( 'NONE', #1887, #2435, #290, .T. ) ;
#693 = VERTEX_POINT ( 'NONE', #1891 ) ;
#694 = CARTESIAN_POINT ( 'NONE',  ( -15.00000000000000000, 0.000000000000000000, 0.000000000000000000 ) ) ;
#695 = DIRECTION ( 'NONE',  ( -1.000000000000000000, 0.000000000000000000, 0.000000000000000000 ) ) ;
#696 = LINE ( 'NONE', #1474, #401 ) ;
#697 = AXIS2_PLACEMENT_3D ( 'NONE', #125, #1075, #2020 ) ;
#698 = EDGE_CURVE ( 'NONE', #1322, #473, #942, .T. ) ;
#699 = CARTESIAN_POINT ( 'NONE',  ( -2.999999999999999112, -90.81349549406573374, 86.37187064868867026 ) ) ;
#700 = CIRCLE ( 'NONE', #985, 58.50000000005852030 ) ;
#701 = ORIENTED_EDGE ( 'NONE', *, *, #644, .F. ) ;
#702 = CARTESIAN_POINT ( 'NONE',  ( -15.00000000000000000, -115.9873571609195011, 22.37598835481598769 ) ) ;
#703 = AXIS2_PLACEMENT_3D ( 'NONE', #168, #2066, #2102 ) ;
#704 = CIRCLE ( 'NONE', #1393, 125.1260000001251314 ) ;
#705 = VERTEX_POINT ( 'NONE', #141 ) ;
#706 = CARTESIAN_POINT ( 'NONE',  ( 15.00000000000000178, -117.0384477038326168, 44.25514247077459373 ) ) ;
#707 = ORIENTED_EDGE ( 'NONE', *, *, #2369, .T. ) ;
#708 = DIRECTION ( 'NONE',  ( -1.000000000000000000, 0.000000000000000000, -0.000000000000000000 ) ) ;
#709 = DIRECTION ( 'NONE',  ( 0.000000000000000000, 0.000000000000000000, 1.000000000000000000 ) ) ;
#710 = DIRECTION ( 'NONE',  ( 0.000000000000000000, 0.000000000000000000, 1.000000000000000000 ) ) ;
#711 = EDGE_CURVE ( 'NONE', #1679, #91, #328, .T. ) ;
#712 = DIRECTION ( 'NONE',  ( 1.000000000000000000, -0.000000000000000000, -0.000000000000000000 ) ) ;
#713 = EDGE_CURVE ( 'NONE', #1912, #2090, #659, .T. ) ;
#714 = EDGE_LOOP ( 'NONE', ( #384, #1486, #1507, #858 ) ) ;
#715 = DIRECTION ( 'NONE',  ( -1.000000000000000000, 0.000000000000000000, -0.000000000000000000 ) ) ;
#716 = ORIENTED_EDGE ( 'NONE', *, *, #2154, .F. ) ;
#717 = CARTESIAN_POINT ( 'NONE',  ( -15.00000000000000000, -91.92388155425116736, 90.17388155425118157 ) ) ;
#718 = CYLINDRICAL_SURFACE ( 'NONE', #1180, 110.5000000001104894 ) ;
#719 = ORIENTED_EDGE ( 'NONE', *, *, #1768, .T. ) ;
#720 = CARTESIAN_POINT ( 'NONE',  ( 10.08363775929436379, -91.92388155425116736, 91.92388155425118157 ) ) ;
#721 = DIRECTION ( 'NONE',  ( 0.000000000000000000, 1.387778780781446464E-15, 1.000000000000000000 ) ) ;
#722 = CARTESIAN_POINT ( 'NONE',  ( 7.500000000000008882, -91.52004555476770520, 61.92197721066134619 ) ) ;
#723 = EDGE_CURVE ( 'NONE', #2254, #1934, #576, .T. ) ;
#724 = CARTESIAN_POINT ( 'NONE',  ( 15.00000000000000178, -1.556724153338517658, 125.1163158262811379 ) ) ;
#725 = EDGE_CURVE ( 'NONE', #2189, #1318, #2162, .T. ) ;
#726 = EDGE_LOOP ( 'NONE', ( #1441, #1620, #2185, #244 ) ) ;
#727 = ORIENTED_EDGE ( 'NONE', *, *, #891, .F. ) ;
#728 = CYLINDRICAL_SURFACE ( 'NONE', #2042, 110.5000000001104894 ) ;
#729 = VECTOR ( 'NONE', #1562, 1000.000000000000000 ) ;
#730 = ORIENTED_EDGE ( 'NONE', *, *, #692, .T. ) ;
#731 = CYLINDRICAL_SURFACE ( 'NONE', #496, 9.999999999999994671 ) ;
#732 = DIRECTION ( 'NONE',  ( 0.000000000000000000, 0.000000000000000000, 1.000000000000000000 ) ) ;
#733 = CIRCLE ( 'NONE', #2153, 3.000000000000002665 ) ;
#734 = AXIS2_PLACEMENT_3D ( 'NONE', #60, #1289, #1610 ) ;
#735 = CARTESIAN_POINT ( 'NONE',  ( 10.00000000000000178, -129.5053107519269986, 11.33024655719469465 ) ) ;
#736 = CIRCLE ( 'NONE', #573, 1.750000000000001554 ) ;
#737 = DIRECTION ( 'NONE',  ( -1.000000000000000000, 0.000000000000000000, 0.000000000000000000 ) ) ;
#738 = VECTOR ( 'NONE', #1026, 1000.000000000000000 ) ;
#739 = ORIENTED_EDGE ( 'NONE', *, *, #1224, .F. ) ;
#740 = EDGE_CURVE ( 'NONE', #2197, #1613, #1104, .T. ) ;
#741 = AXIS2_PLACEMENT_3D ( 'NONE', #1951, #1739, #768 ) ;
#742 = ORIENTED_EDGE ( 'NONE', *, *, #1037, .F. ) ;
#743 = CARTESIAN_POINT ( 'NONE',  ( 7.500000000000008882, -45.08895410832571571, 100.8822889185297811 ) ) ;
#744 = AXIS2_PLACEMENT_3D ( 'NONE', #2405, #76, #690 ) ;
#745 = CIRCLE ( 'NONE', #950, 110.5000000001104894 ) ;
#746 = VERTEX_POINT ( 'NONE', #2072 ) ;
#747 = DIRECTION ( 'NONE',  ( 1.000000000000000000, -0.000000000000000000, -0.000000000000000000 ) ) ;
#748 = CYLINDRICAL_SURFACE ( 'NONE', #1416, 10.00000000000000000 ) ;
#749 = CARTESIAN_POINT ( 'NONE',  ( -3.000000000000000000, 0.000000000000000000, 0.000000000000000000 ) ) ;
#750 = DIRECTION ( 'NONE',  ( -1.000000000000000000, 0.000000000000000000, 0.000000000000000000 ) ) ;
#751 = ORIENTED_EDGE ( 'NONE', *, *, #54, .T. ) ;
#752 = ORIENTED_EDGE ( 'NONE', *, *, #2150, .F. ) ;
#753 = CARTESIAN_POINT ( 'NONE',  ( -15.00000000000000000, -129.5053107519269986, 13.08024655719467155 ) ) ;
#754 = EDGE_CURVE ( 'NONE', #808, #1706, #1105, .T. ) ;
#755 = DIRECTION ( 'NONE',  ( 0.000000000000000000, -0.9785820767750119664, 0.2058570353782071538 ) ) ;
#756 = ORIENTED_EDGE ( 'NONE', *, *, #1848, .T. ) ;
#757 = DIRECTION ( 'NONE',  ( 0.000000000000000000, 0.000000000000000000, -1.000000000000000000 ) ) ;
#758 = EDGE_CURVE ( 'NONE', #502, #2310, #2414, .T. ) ;
#759 = LINE ( 'NONE', #564, #1090 ) ;
#760 = DIRECTION ( 'NONE',  ( 1.000000000000000000, -0.000000000000000000, -0.000000000000000000 ) ) ;
#761 = DIRECTION ( 'NONE',  ( 1.000000000000000000, -0.000000000000000000, 0.000000000000000000 ) ) ;
#762 = CARTESIAN_POINT ( 'NONE',  ( -3.000000000000000000, -134.1876558716446937, 11.73989867388588237 ) ) ;
#763 = ORIENTED_EDGE ( 'NONE', *, *, #456, .T. ) ;
#764 = EDGE_LOOP ( 'NONE', ( #516, #767, #1893, #1377 ) ) ;
#765 = LINE ( 'NONE', #1540, #2047 ) ;
#766 = DIRECTION ( 'NONE',  ( 1.000000000000000000, -0.000000000000000000, -0.000000000000000000 ) ) ;
#767 = ORIENTED_EDGE ( 'NONE', *, *, #1844, .T. ) ;
#768 = DIRECTION ( 'NONE',  ( 0.000000000000000000, 0.000000000000000000, -1.000000000000000000 ) ) ;
#769 = FACE_OUTER_BOUND ( 'NONE', #1299, .T. ) ;
#770 = VECTOR ( 'NONE', #807, 1000.000000000000227 ) ;
#771 = EDGE_CURVE ( 'NONE', #1934, #2254, #1916, .T. ) ;
#772 = CARTESIAN_POINT ( 'NONE',  ( -15.00000000000000000, -13.79846902766793804, 124.4018351038945411 ) ) ;
#773 = DIRECTION ( 'NONE',  ( -1.000000000000000000, 0.000000000000000000, 0.000000000000000000 ) ) ;
#774 = EDGE_CURVE ( 'NONE', #2341, #1999, #291, .T. ) ;
#775 = DIRECTION ( 'NONE',  ( 0.000000000000000000, 0.000000000000000000, -1.000000000000000000 ) ) ;
#776 = VERTEX_POINT ( 'NONE', #2498 ) ;
#777 = AXIS2_PLACEMENT_3D ( 'NONE', #221, #205, #423 ) ;
#778 = VECTOR ( 'NONE', #2163, 1000.000000000000000 ) ;
#779 = ORIENTED_EDGE ( 'NONE', *, *, #440, .F. ) ;
#780 = DIRECTION ( 'NONE',  ( 1.000000000000000000, -0.000000000000000000, -0.000000000000000000 ) ) ;
#781 = CIRCLE ( 'NONE', #251, 125.1260000001251314 ) ;
#782 = VECTOR ( 'NONE', #1840, 1000.000000000000114 ) ;
#783 = ORIENTED_EDGE ( 'NONE', *, *, #2521, .T. ) ;
#784 = DIRECTION ( 'NONE',  ( 0.000000000000000000, 0.000000000000000000, 1.000000000000000000 ) ) ;
#785 = CIRCLE ( 'NONE', #1802, 125.1260000001251314 ) ;
#786 = DIRECTION ( 'NONE',  ( 1.000000000000000000, -0.000000000000000000, -0.000000000000000000 ) ) ;
#787 = DIRECTION ( 'NONE',  ( 1.000000000000000000, -0.000000000000000000, -0.000000000000000000 ) ) ;
#788 = EDGE_CURVE ( 'NONE', #171, #2189, #186, .T. ) ;
#789 = LINE ( 'NONE', #994, #2330 ) ;
#790 = ORIENTED_EDGE ( 'NONE', *, *, #1810, .F. ) ;
#791 = EDGE_CURVE ( 'NONE', #2146, #1182, #1961, .T. ) ;
#792 = ORIENTED_EDGE ( 'NONE', *, *, #713, .T. ) ;
#793 = CARTESIAN_POINT ( 'NONE',  ( -10.00000000000000000, 0.000000000000000000, 0.000000000000000000 ) ) ;
#794 = VERTEX_POINT ( 'NONE', #566 ) ;
#795 = CARTESIAN_POINT ( 'NONE',  ( -3.000000000000000000, 0.000000000000000000, 128.1260000001251456 ) ) ;
#796 = CARTESIAN_POINT ( 'NONE',  ( -3.000000000000000000, 0.000000000000000000, 0.000000000000000000 ) ) ;
#797 = CARTESIAN_POINT ( 'NONE',  ( 15.00000000000000178, 0.000000000000000000, 125.1260000001251029 ) ) ;
#798 = CARTESIAN_POINT ( 'NONE',  ( 5.000000000000001776, -11.33024655719470353, 126.5053107519269986 ) ) ;
#799 = ADVANCED_FACE ( 'NONE', ( #2483 ), #2269, .F. ) ;
#800 = CARTESIAN_POINT ( 'NONE',  ( 10.00000000000000178, -107.5755458568078069, 63.90632057661553489 ) ) ;
#801 = VERTEX_POINT ( 'NONE', #2120 ) ;
#802 = EDGE_CURVE ( 'NONE', #461, #2518, #518, .T. ) ;
#803 = ORIENTED_EDGE ( 'NONE', *, *, #1191, .F. ) ;
#804 = DIRECTION ( 'NONE',  ( -1.000000000000000000, 0.000000000000000000, 0.000000000000000000 ) ) ;
#805 = VERTEX_POINT ( 'NONE', #1942 ) ;
#806 = DIRECTION ( 'NONE',  ( 0.000000000000000000, 0.000000000000000000, 1.000000000000000000 ) ) ;
#807 = DIRECTION ( 'NONE',  ( 0.000000000000000000, 0.4492457435080636774, 0.8934082280457724679 ) ) ;
#808 = VERTEX_POINT ( 'NONE', #1177 ) ;
#809 = DIRECTION ( 'NONE',  ( 1.000000000000000000, -0.000000000000000000, 0.000000000000000000 ) ) ;
#810 = AXIS2_PLACEMENT_3D ( 'NONE', #275, #286, #490 ) ;
#811 = DIRECTION ( 'NONE',  ( 1.000000000000000000, -0.000000000000000000, -0.000000000000000000 ) ) ;
#812 = DIRECTION ( 'NONE',  ( 0.000000000000000000, 0.000000000000000000, 1.000000000000000000 ) ) ;
#813 = EDGE_LOOP ( 'NONE', ( #1213, #1400, #559, #1649, #99, #1051 ) ) ;
#814 = VECTOR ( 'NONE', #1354, 1000.000000000000227 ) ;
#815 = AXIS2_PLACEMENT_3D ( 'NONE', #224, #400, #992 ) ;
#816 = CIRCLE ( 'NONE', #247, 2.999999999999968026 ) ;
#817 = EDGE_LOOP ( 'NONE', ( #2491, #2450, #1007, #730 ) ) ;
#818 = DIRECTION ( 'NONE',  ( -1.000000000000000000, 0.000000000000000000, -0.000000000000000000 ) ) ;
#819 = EDGE_CURVE ( 'NONE', #102, #1894, #536, .T. ) ;
#820 = ORIENTED_EDGE ( 'NONE', *, *, #771, .T. ) ;
#821 = DIRECTION ( 'NONE',  ( -1.000000000000000000, 0.000000000000000000, 0.000000000000000000 ) ) ;
#822 = DIRECTION ( 'NONE',  ( 1.000000000000000000, -0.000000000000000000, -0.000000000000000000 ) ) ;
#823 = DIRECTION ( 'NONE',  ( 0.000000000000000000, 0.3726585987820544843, -0.9279685171134826049 ) ) ;
#824 = EDGE_CURVE ( 'NONE', #1685, #502, #2374, .T. ) ;
#825 = AXIS2_PLACEMENT_3D ( 'NONE', #563, #2304, #934 ) ;
#826 = ORIENTED_EDGE ( 'NONE', *, *, #2238, .F. ) ;
#827 = CARTESIAN_POINT ( 'NONE',  ( -2.999999999999999112, -24.27023588328486881, 125.8063095643528726 ) ) ;
#828 = CYLINDRICAL_SURFACE ( 'NONE', #486, 125.1260000001251314 ) ;
#829 = AXIS2_PLACEMENT_3D ( 'NONE', #2342, #2353, #1747 ) ;
#830 = AXIS2_PLACEMENT_3D ( 'NONE', #1773, #191, #1198 ) ;
#831 = CYLINDRICAL_SURFACE ( 'NONE', #126, 125.1260000001251314 ) ;
#832 = ORIENTED_EDGE ( 'NONE', *, *, #225, .F. ) ;
#833 = VERTEX_POINT ( 'NONE', #991 ) ;
#834 = CARTESIAN_POINT ( 'NONE',  ( -15.00000000000000000, -134.1876558716446937, 11.73989867388588237 ) ) ;
#835 = ORIENTED_EDGE ( 'NONE', *, *, #140, .F. ) ;
#836 = FACE_BOUND ( 'NONE', #334, .T. ) ;
#837 = EDGE_CURVE ( 'NONE', #216, #2197, #1394, .T. ) ;
#838 = CYLINDRICAL_SURFACE ( 'NONE', #1556, 128.1260000001251456 ) ;
#839 = DIRECTION ( 'NONE',  ( 1.000000000000000000, -0.000000000000000000, -0.000000000000000000 ) ) ;
#840 = CARTESIAN_POINT ( 'NONE',  ( -15.00000000000000000, -124.9079707005098641, 8.013312686065317436 ) ) ;
#841 = DIRECTION ( 'NONE',  ( 0.000000000000000000, 0.8934082280457726899, -0.4492457435080635109 ) ) ;
#842 = VERTEX_POINT ( 'NONE', #2522 ) ;
#843 = CARTESIAN_POINT ( 'NONE',  ( -3.000000000000000000, -106.6544498265585474, 5.413572461059314556 ) ) ;
#844 = ORIENTED_EDGE ( 'NONE', *, *, #1848, .F. ) ;
#845 = CYLINDRICAL_SURFACE ( 'NONE', #255, 110.5000000001104894 ) ;
#846 = VERTEX_POINT ( 'NONE', #2372 ) ;
#847 = CARTESIAN_POINT ( 'NONE',  ( -3.000000000000000000, -72.70319596766385928, 78.22227132143696338 ) ) ;
#848 = CARTESIAN_POINT ( 'NONE',  ( -3.000000000000000000, -96.84530147970762926, 79.23069769562712850 ) ) ;
#849 = ADVANCED_FACE ( 'NONE', ( #2133 ), #437, .F. ) ;
#850 = DIRECTION ( 'NONE',  ( -1.000000000000000000, 0.000000000000000000, 0.000000000000000000 ) ) ;
#851 = VERTEX_POINT ( 'NONE', #1957 ) ;
#852 = CARTESIAN_POINT ( 'NONE',  ( 15.00000000000000178, -98.37084864696252851, 41.56506430974724253 ) ) ;
#853 = CIRCLE ( 'NONE', #1828, 10.00000000000000178 ) ;
#854 = ORIENTED_EDGE ( 'NONE', *, *, #306, .F. ) ;
#855 = DIRECTION ( 'NONE',  ( 0.000000000000000000, 0.000000000000000000, -1.000000000000000000 ) ) ;
#856 = CIRCLE ( 'NONE', #1793, 58.50000000005852030 ) ;
#857 = AXIS2_PLACEMENT_3D ( 'NONE', #968, #381, #142 ) ;
#858 = ORIENTED_EDGE ( 'NONE', *, *, #1722, .F. ) ;
#859 = DIRECTION ( 'NONE',  ( 1.000000000000000000, -0.000000000000000000, -0.000000000000000000 ) ) ;
#860 = LINE ( 'NONE', #1642, #1665 ) ;
#861 = VECTOR ( 'NONE', #210, 1000.000000000000000 ) ;
#862 = LINE ( 'NONE', #1087, #1996 ) ;
#863 = EDGE_CURVE ( 'NONE', #502, #1985, #28, .T. ) ;
#864 = VECTOR ( 'NONE', #285, 1000.000000000000000 ) ;
#865 = VECTOR ( 'NONE', #2466, 1000.000000000000000 ) ;
#866 = EDGE_LOOP ( 'NONE', ( #997, #1962, #1319, #826 ) ) ;
#867 = LINE ( 'NONE', #1621, #2111 ) ;
#868 = EDGE_LOOP ( 'NONE', ( #1785, #67, #1152, #307 ) ) ;
#869 = DIRECTION ( 'NONE',  ( -1.000000000000000000, 0.000000000000000000, 0.000000000000000000 ) ) ;
#870 = CARTESIAN_POINT ( 'NONE',  ( 10.00000000000000178, 0.000000000000000000, 0.000000000000000000 ) ) ;
#871 = ORIENTED_EDGE ( 'NONE', *, *, #928, .F. ) ;
#872 = DIRECTION ( 'NONE',  ( -1.000000000000000000, 0.000000000000000000, 0.000000000000000000 ) ) ;
#873 = CARTESIAN_POINT ( 'NONE',  ( 15.00000000000000178, -78.22227132143770234, 72.70319596766306347 ) ) ;
#874 = FILL_AREA_STYLE ('',( #97 ) ) ;
#875 = ORIENTED_EDGE ( 'NONE', *, *, #2333, .F. ) ;
#876 = LINE ( 'NONE', #1932, #1459 ) ;
#877 = EDGE_CURVE ( 'NONE', #143, #1287, #1143, .T. ) ;
#878 = ORIENTED_EDGE ( 'NONE', *, *, #711, .F. ) ;
#879 = FACE_OUTER_BOUND ( 'NONE', #613, .T. ) ;
#880 = EDGE_CURVE ( 'NONE', #537, #2128, #1429, .T. ) ;
#881 = ORIENTED_EDGE ( 'NONE', *, *, #2346, .T. ) ;
#882 = DIRECTION ( 'NONE',  ( 0.000000000000000000, 0.000000000000000000, 1.000000000000000000 ) ) ;
#883 = CARTESIAN_POINT ( 'NONE',  ( 15.00000000000000178, -44.25514247077578034, 117.0384477038321336 ) ) ;
#884 = CYLINDRICAL_SURFACE ( 'NONE', #2482, 58.50000000005852030 ) ;
#885 = DIRECTION ( 'NONE',  ( -1.000000000000000000, 0.000000000000000000, 0.000000000000000000 ) ) ;
#886 = VERTEX_POINT ( 'NONE', #772 ) ;
#887 = CARTESIAN_POINT ( 'NONE',  ( 0.000000000000000000, -124.9079707005098498, 8.013312686065331647 ) ) ;
#888 = CIRCLE ( 'NONE', #2320, 58.50000000005852030 ) ;
#889 = ORIENTED_EDGE ( 'NONE', *, *, #323, .F. ) ;
#890 = CARTESIAN_POINT ( 'NONE',  ( -15.00000000000000000, -140.0000000000000284, 0.000000000000000000 ) ) ;
#891 = EDGE_CURVE ( 'NONE', #2435, #433, #495, .T. ) ;
#892 = AXIS2_PLACEMENT_3D ( 'NONE', #2205, #1234, #2012 ) ;
#893 = VECTOR ( 'NONE', #1245, 1000.000000000000000 ) ;
#894 = ORIENTED_EDGE ( 'NONE', *, *, #1726, .T. ) ;
#895 = CARTESIAN_POINT ( 'NONE',  ( -15.00000000000000000, -11.33024655719470353, 131.2553107519269986 ) ) ;
#896 = EDGE_CURVE ( 'NONE', #421, #2506, #1549, .T. ) ;
#897 = VERTEX_POINT ( 'NONE', #634 ) ;
#898 = DIRECTION ( 'NONE',  ( -1.000000000000000000, 0.000000000000000000, 0.000000000000000000 ) ) ;
#899 = AXIS2_PLACEMENT_3D ( 'NONE', #2515, #766, #1349 ) ;
#900 = CIRCLE ( 'NONE', #697, 9.999999999999994671 ) ;
#901 = DIRECTION ( 'NONE',  ( 1.000000000000000000, -0.000000000000000000, 0.000000000000000000 ) ) ;
#902 = VECTOR ( 'NONE', #1488, 1000.000000000000000 ) ;
#903 = CIRCLE ( 'NONE', #540, 1.750000000000001554 ) ;
#904 = ORIENTED_EDGE ( 'NONE', *, *, #2388, .F. ) ;
#905 = CARTESIAN_POINT ( 'NONE',  ( 10.00000000000000178, -11.33024655719470353, 129.5053107519269986 ) ) ;
#906 = AXIS2_PLACEMENT_3D ( 'NONE', #2454, #131, #2477 ) ;
#907 = ORIENTED_EDGE ( 'NONE', *, *, #1037, .T. ) ;
#908 = CARTESIAN_POINT ( 'NONE',  ( -3.000000000000000000, -95.07224920698212145, -48.63893363677416914 ) ) ;
#909 = ADVANCED_FACE ( 'NONE', ( #388 ), #594, .F. ) ;
#910 = ORIENTED_EDGE ( 'NONE', *, *, #2489, .T. ) ;
#911 = CARTESIAN_POINT ( 'NONE',  ( -3.000000000000000000, -20.19314622412556659, 123.4858401664028520 ) ) ;
#912 = CARTESIAN_POINT ( 'NONE',  ( -3.000000000000000000, 0.000000000000000000, 0.000000000000000000 ) ) ;
#913 = DIRECTION ( 'NONE',  ( 1.000000000000000000, -0.000000000000000000, -0.000000000000000000 ) ) ;
#914 = EDGE_CURVE ( 'NONE', #2039, #2090, #236, .T. ) ;
#915 = DIRECTION ( 'NONE',  ( 1.000000000000000000, -0.000000000000000000, -0.000000000000000000 ) ) ;
#916 = EDGE_CURVE ( 'NONE', #2310, #110, #1469, .T. ) ;
#917 = DIRECTION ( 'NONE',  ( 0.000000000000000000, 0.000000000000000000, 1.000000000000000000 ) ) ;
#918 = VERTEX_POINT ( 'NONE', #399 ) ;
#919 = VERTEX_POINT ( 'NONE', #827 ) ;
#920 = CARTESIAN_POINT ( 'NONE',  ( 10.00000000000000178, -20.19314622412558791, 123.4858401664028662 ) ) ;
#921 = ORIENTED_EDGE ( 'NONE', *, *, #1443, .F. ) ;
#922 = DIRECTION ( 'NONE',  ( 0.000000000000000000, 0.000000000000000000, -1.000000000000000000 ) ) ;
#923 = DIRECTION ( 'NONE',  ( 0.000000000000000000, 0.000000000000000000, 1.000000000000000000 ) ) ;
#924 = CARTESIAN_POINT ( 'NONE',  ( 10.00000000000000178, -129.5053107519269986, 11.33024655719469465 ) ) ;
#925 = ADVANCED_FACE ( 'NONE', ( #1979 ), #2186, .F. ) ;
#926 = CYLINDRICAL_SURFACE ( 'NONE', #857, 2.999999999999968026 ) ;
#927 = ORIENTED_EDGE ( 'NONE', *, *, #725, .T. ) ;
#928 = EDGE_CURVE ( 'NONE', #1032, #674, #1969, .T. ) ;
#929 = VECTOR ( 'NONE', #2316, 1000.000000000000000 ) ;
#930 = ORIENTED_EDGE ( 'NONE', *, *, #600, .F. ) ;
#931 = CARTESIAN_POINT ( 'NONE',  ( 10.00000000000000178, 0.000000000000000000, 140.0000000000000284 ) ) ;
#932 = CARTESIAN_POINT ( 'NONE',  ( 10.08363775929436379, -11.33024655719470353, 132.5053107519269986 ) ) ;
#933 = VERTEX_POINT ( 'NONE', #1012 ) ;
#934 = DIRECTION ( 'NONE',  ( 0.000000000000000000, 0.000000000000000000, -1.000000000000000000 ) ) ;
#935 = CARTESIAN_POINT ( 'NONE',  ( 15.00000000000000178, -96.84530147970760083, 79.23069769562714271 ) ) ;
#936 = AXIS2_PLACEMENT_3D ( 'NONE', #128, #583, #1669 ) ;
#937 = VECTOR ( 'NONE', #755, 1000.000000000000114 ) ;
#938 =( NAMED_UNIT ( * ) PLANE_ANGLE_UNIT ( ) SI_UNIT ( $, .RADIAN. ) );
#939 = AXIS2_PLACEMENT_3D ( 'NONE', #2048, #901, #109 ) ;
#940 = ADVANCED_FACE ( 'NONE', ( #1789 ), #44, .F. ) ;
#941 = LINE ( 'NONE', #1328, #2242 ) ;
#942 = CIRCLE ( 'NONE', #1834, 125.1260000001251314 ) ;
#943 = VERTEX_POINT ( 'NONE', #263 ) ;
#944 = VECTOR ( 'NONE', #1815, 1000.000000000000000 ) ;
#945 = EDGE_CURVE ( 'NONE', #403, #1492, #1676, .T. ) ;
#946 = ORIENTED_EDGE ( 'NONE', *, *, #1161, .T. ) ;
#947 = CARTESIAN_POINT ( 'NONE',  ( -2.999999999999999112, -124.9079707005098498, 8.013312686065331647 ) ) ;
#948 = CARTESIAN_POINT ( 'NONE',  ( 5.000000000000001776, -91.92388155425116736, 93.67388155425118157 ) ) ;
#949 = AXIS2_PLACEMENT_3D ( 'NONE', #2248, #2091, #1696 ) ;
#950 = AXIS2_PLACEMENT_3D ( 'NONE', #1936, #1571, #2351 ) ;
#951 = VERTEX_POINT ( 'NONE', #79 ) ;
#952 = LINE ( 'NONE', #1728, #89 ) ;
#953 = DIRECTION ( 'NONE',  ( 0.000000000000000000, 0.000000000000000000, 1.000000000000000000 ) ) ;
#954 = DIRECTION ( 'NONE',  ( 1.000000000000000000, -0.000000000000000000, 0.000000000000000000 ) ) ;
#955 = CARTESIAN_POINT ( 'NONE',  ( -15.00000000000000000, -128.1260000001251456, 0.000000000000000000 ) ) ;
#956 = CARTESIAN_POINT ( 'NONE',  ( 7.500000000000008882, -11.39296477138496044, 109.9111020495309106 ) ) ;
#957 = ORIENTED_EDGE ( 'NONE', *, *, #1271, .F. ) ;
#958 = ORIENTED_EDGE ( 'NONE', *, *, #1567, .T. ) ;
#959 = DIRECTION ( 'NONE',  ( 0.000000000000000000, 0.000000000000000000, -1.000000000000000000 ) ) ;
#960 = FACE_OUTER_BOUND ( 'NONE', #1202, .T. ) ;
#961 = EDGE_CURVE ( 'NONE', #1308, #919, #1626, .T. ) ;
#962 = ORIENTED_EDGE ( 'NONE', *, *, #179, .T. ) ;
#963 = DIRECTION ( 'NONE',  ( 0.000000000000000000, 0.000000000000000000, -1.000000000000000000 ) ) ;
#964 = DIRECTION ( 'NONE',  ( 0.000000000000000000, 0.000000000000000000, 1.000000000000000000 ) ) ;
#965 = EDGE_CURVE ( 'NONE', #2435, #648, #1513, .T. ) ;
#966 = CARTESIAN_POINT ( 'NONE',  ( 10.00000000000000178, -58.01551618978552227, 89.65867674592217895 ) ) ;
#967 = DIRECTION ( 'NONE',  ( 0.000000000000000000, 0.000000000000000000, 1.000000000000000000 ) ) ;
#968 = CARTESIAN_POINT ( 'NONE',  ( 10.08363775929436379, -129.5053107519269986, 11.33024655719469465 ) ) ;
#969 = ORIENTED_EDGE ( 'NONE', *, *, #84, .T. ) ;
#970 = ORIENTED_EDGE ( 'NONE', *, *, #2027, .T. ) ;
#971 = FACE_OUTER_BOUND ( 'NONE', #180, .T. ) ;
#972 = EDGE_CURVE ( 'NONE', #897, #943, #657, .T. ) ;
#973 = ORIENTED_EDGE ( 'NONE', *, *, #21, .T. ) ;
#974 = FACE_OUTER_BOUND ( 'NONE', #254, .T. ) ;
#975 = DIRECTION ( 'NONE',  ( -1.000000000000000000, 0.000000000000000000, 0.000000000000000000 ) ) ;
#976 = EDGE_CURVE ( 'NONE', #2136, #1365, #2250, .T. ) ;
#977 = DIRECTION ( 'NONE',  ( 0.000000000000000000, 0.000000000000000000, 1.000000000000000000 ) ) ;
#978 = FACE_OUTER_BOUND ( 'NONE', #2502, .T. ) ;
#979 = DIRECTION ( 'NONE',  ( 1.000000000000000000, -0.000000000000000000, -0.000000000000000000 ) ) ;
#980 = ORIENTED_EDGE ( 'NONE', *, *, #272, .F. ) ;
#981 = VECTOR ( 'NONE', #1609, 1000.000000000000000 ) ;
#982 = ORIENTED_EDGE ( 'NONE', *, *, #2338, .T. ) ;
#983 = DIRECTION ( 'NONE',  ( 0.000000000000000000, 0.000000000000000000, 1.000000000000000000 ) ) ;
#984 = VECTOR ( 'NONE', #1127, 1000.000000000000000 ) ;
#985 = AXIS2_PLACEMENT_3D ( 'NONE', #274, #671, #1823 ) ;
#986 = ORIENTED_EDGE ( 'NONE', *, *, #1657, .T. ) ;
#987 = CARTESIAN_POINT ( 'NONE',  ( 10.00000000000000178, -122.9451955416885767, 23.25929425514178206 ) ) ;
#988 = EDGE_CURVE ( 'NONE', #442, #1308, #2122, .T. ) ;
#989 = CIRCLE ( 'NONE', #2087, 58.50000000005852030 ) ;
#990 = ORIENTED_EDGE ( 'NONE', *, *, #2271, .T. ) ;
#991 = CARTESIAN_POINT ( 'NONE',  ( 10.00000000000000355, -64.82214794120611145, 89.48932414714511197 ) ) ;
#992 = DIRECTION ( 'NONE',  ( 0.000000000000000000, 0.000000000000000000, 1.000000000000000000 ) ) ;
#993 = EDGE_CURVE ( 'NONE', #1586, #1846, #293, .T. ) ;
#994 = CARTESIAN_POINT ( 'NONE',  ( 7.500000000000002665, -30.30574261291996763, 106.2629378697194937 ) ) ;
#995 = VERTEX_POINT ( 'NONE', #1652 ) ;
#996 = EDGE_CURVE ( 'NONE', #746, #22, #1919, .T. ) ;
#997 = ORIENTED_EDGE ( 'NONE', *, *, #1064, .F. ) ;
#998 = DIRECTION ( 'NONE',  ( 1.000000000000000000, -0.000000000000000000, 0.000000000000000000 ) ) ;
#999 = EDGE_LOOP ( 'NONE', ( #2165, #854, #1464, #2194 ) ) ;
#1000 = CYLINDRICAL_SURFACE ( 'NONE', #2001, 110.5000000001104894 ) ;
#1001 = CARTESIAN_POINT ( 'NONE',  ( -15.00000000000000000, -11.33024655719470353, 127.7553107519269986 ) ) ;
#1002 = FACE_OUTER_BOUND ( 'NONE', #1123, .T. ) ;
#1003 = DIRECTION ( 'NONE',  ( 1.000000000000000000, -0.000000000000000000, 0.000000000000000000 ) ) ;
#1004 = EDGE_CURVE ( 'NONE', #216, #2265, #1306, .T. ) ;
#1005 = ORIENTED_EDGE ( 'NONE', *, *, #57, .T. ) ;
#1006 = EDGE_CURVE ( 'NONE', #1586, #833, #1250, .T. ) ;
#1007 = ORIENTED_EDGE ( 'NONE', *, *, #1886, .F. ) ;
#1008 = PLANE ( 'NONE',  #1600 ) ;
#1009 = VERTEX_POINT ( 'NONE', #2008 ) ;
#1010 = CARTESIAN_POINT ( 'NONE',  ( 15.00000000000000178, 0.000000000000000000, 0.000000000000000000 ) ) ;
#1011 = CARTESIAN_POINT ( 'NONE',  ( -3.000000000000000000, -64.40912176522991217, 85.18182592565635503 ) ) ;
#1012 = CARTESIAN_POINT ( 'NONE',  ( 5.000000000000001776, -91.92388155425116736, 94.92388155425118157 ) ) ;
#1013 = CIRCLE ( 'NONE', #1293, 3.000000000000002665 ) ;
#1014 = DIRECTION ( 'NONE',  ( 0.000000000000000000, 0.000000000000000000, -1.000000000000000000 ) ) ;
#1015 = CARTESIAN_POINT ( 'NONE',  ( 10.00000000000000178, -1.556724153338517658, 125.1163158262811379 ) ) ;
#1016 = ORIENTED_EDGE ( 'NONE', *, *, #1174, .T. ) ;
#1017 = AXIS2_PLACEMENT_3D ( 'NONE', #2063, #1918, #967 ) ;
#1018 = CIRCLE ( 'NONE', #1422, 125.1260000001251314 ) ;
#1019 = CYLINDRICAL_SURFACE ( 'NONE', #124, 125.1260000001251314 ) ;
#1020 = AXIS2_PLACEMENT_3D ( 'NONE', #1232, #304, #477 ) ;
#1021 = VERTEX_POINT ( 'NONE', #2224 ) ;
#1022 = CARTESIAN_POINT ( 'NONE',  ( 15.00000000000000178, -23.25929425514300419, 122.9451955416883493 ) ) ;
#1023 = CARTESIAN_POINT ( 'NONE',  ( -3.000000000000000000, -86.37187064868864184, 90.81349549406576216 ) ) ;
#1024 = VECTOR ( 'NONE', #1776, 1000.000000000000000 ) ;
#1025 = EDGE_CURVE ( 'NONE', #1999, #2341, #1963, .T. ) ;
#1026 = DIRECTION ( 'NONE',  ( -1.000000000000000000, 0.000000000000000000, 0.000000000000000000 ) ) ;
#1027 = LINE ( 'NONE', #1804, #2108 ) ;
#1028 = CARTESIAN_POINT ( 'NONE',  ( 10.00000000000000178, -104.0940720899155565, 23.85167898359560823 ) ) ;
#1029 = ORIENTED_EDGE ( 'NONE', *, *, #323, .T. ) ;
#1030 = ORIENTED_EDGE ( 'NONE', *, *, #1750, .F. ) ;
#1031 = CARTESIAN_POINT ( 'NONE',  ( 15.00000000000000178, 0.000000000000000000, 0.000000000000000000 ) ) ;
#1032 = VERTEX_POINT ( 'NONE', #1036 ) ;
#1033 = DIRECTION ( 'NONE',  ( 0.000000000000000000, 0.000000000000000000, 1.000000000000000000 ) ) ;
#1034 = EDGE_CURVE ( 'NONE', #667, #1334, #1106, .T. ) ;
#1035 = VERTEX_POINT ( 'NONE', #464 ) ;
#1036 = CARTESIAN_POINT ( 'NONE',  ( -15.00000000000000000, -11.33024655719470353, 127.7553107519269986 ) ) ;
#1037 = EDGE_CURVE ( 'NONE', #1846, #2303, #2376, .T. ) ;
#1038 = FACE_OUTER_BOUND ( 'NONE', #586, .T. ) ;
#1039 = CARTESIAN_POINT ( 'NONE',  ( 7.500000000000008882, -26.88592595151929743, 107.1792749824043085 ) ) ;
#1040 = ORIENTED_EDGE ( 'NONE', *, *, #2232, .F. ) ;
#1041 = CARTESIAN_POINT ( 'NONE',  ( 5.000000000000001776, -11.33024655719470353, 129.5053107519269986 ) ) ;
#1042 = DIRECTION ( 'NONE',  ( 0.000000000000000000, 0.000000000000000000, -1.000000000000000000 ) ) ;
#1043 = ORIENTED_EDGE ( 'NONE', *, *, #2174, .T. ) ;
#1044 = FACE_OUTER_BOUND ( 'NONE', #1147, .T. ) ;
#1045 = ORIENTED_EDGE ( 'NONE', *, *, #1768, .F. ) ;
#1046 = DIRECTION ( 'NONE',  ( 1.000000000000000000, -0.000000000000000000, 0.000000000000000000 ) ) ;
#1047 = DIRECTION ( 'NONE',  ( 0.000000000000000000, 0.000000000000000000, 1.000000000000000000 ) ) ;
#1048 = EDGE_CURVE ( 'NONE', #2528, #1237, #700, .T. ) ;
#1049 = CARTESIAN_POINT ( 'NONE',  ( -15.00000000000000000, -52.99433800050716314, 105.3890399490052232 ) ) ;
#1050 = AXIS2_PLACEMENT_3D ( 'NONE', #96, #2009, #2445 ) ;
#1051 = ORIENTED_EDGE ( 'NONE', *, *, #2031, .F. ) ;
#1052 = CARTESIAN_POINT ( 'NONE',  ( -3.000000000000000000, -61.92197721066231253, 91.52004555476707992 ) ) ;
#1053 = VECTOR ( 'NONE', #2244, 1000.000000000000000 ) ;
#1054 = CIRCLE ( 'NONE', #2241, 110.5000000001105036 ) ;
#1055 = EDGE_LOOP ( 'NONE', ( #23, #980 ) ) ;
#1056 = DIRECTION ( 'NONE',  ( -1.000000000000000000, -0.000000000000000000, -0.000000000000000000 ) ) ;
#1057 = DIRECTION ( 'NONE',  ( 0.000000000000000000, 0.000000000000000000, 1.000000000000000000 ) ) ;
#1058 = AXIS2_PLACEMENT_3D ( 'NONE', #1701, #760, #2318 ) ;
#1059 = ORIENTED_EDGE ( 'NONE', *, *, #988, .F. ) ;
#1060 = CARTESIAN_POINT ( 'NONE',  ( 10.00000000000000178, -106.6544498265585474, 5.413572461059314556 ) ) ;
#1061 = CARTESIAN_POINT ( 'NONE',  ( -3.000000000000000000, -1.556724153338558958, 125.1163158262811379 ) ) ;
#1062 = AXIS2_PLACEMENT_3D ( 'NONE', #2044, #1803, #106 ) ;
#1063 = FACE_OUTER_BOUND ( 'NONE', #1255, .T. ) ;
#1064 = EDGE_CURVE ( 'NONE', #2182, #1744, #1268, .T. ) ;
#1065 = AXIS2_PLACEMENT_3D ( 'NONE', #793, #1529, #407 ) ;
#1066 = ORIENTED_EDGE ( 'NONE', *, *, #2137, .T. ) ;
#1067 = DIRECTION ( 'NONE',  ( -1.000000000000000000, 0.000000000000000000, 0.000000000000000000 ) ) ;
#1068 = EDGE_CURVE ( 'NONE', #943, #284, #2029, .T. ) ;
#1069 = ORIENTED_EDGE ( 'NONE', *, *, #788, .F. ) ;
#1070 = FACE_BOUND ( 'NONE', #1832, .T. ) ;
#1071 = ORIENTED_EDGE ( 'NONE', *, *, #2203, .T. ) ;
#1072 = DIRECTION ( 'NONE',  ( 0.000000000000000000, 0.000000000000000000, 1.000000000000000000 ) ) ;
#1073 = LINE ( 'NONE', #1265, #654 ) ;
#1074 = CARTESIAN_POINT ( 'NONE',  ( -15.00000000000000000, -44.30795000097871394, 110.3325746222564305 ) ) ;
#1075 = DIRECTION ( 'NONE',  ( -1.000000000000000000, 0.000000000000000000, 0.000000000000000000 ) ) ;
#1076 = EDGE_CURVE ( 'NONE', #1494, #2518, #503, .T. ) ;
#1077 = ORIENTED_EDGE ( 'NONE', *, *, #1660, .F. ) ;
#1078 = CARTESIAN_POINT ( 'NONE',  ( 10.00000000000000178, -123.4858401664030509, 20.19314622412435156 ) ) ;
#1079 = ADVANCED_FACE ( 'NONE', ( #312 ), #838, .F. ) ;
#1080 = PRODUCT_DEFINITION_SHAPE ( 'NONE', 'NONE',  #1547 ) ;
#1081 = ORIENTED_EDGE ( 'NONE', *, *, #2049, .T. ) ;
#1082 = DIRECTION ( 'NONE',  ( -1.000000000000000000, -0.000000000000000000, -0.000000000000000000 ) ) ;
#1083 = ORIENTED_EDGE ( 'NONE', *, *, #1784, .F. ) ;
#1084 = DIRECTION ( 'NONE',  ( 0.000000000000000000, 0.000000000000000000, -1.000000000000000000 ) ) ;
#1085 = ORIENTED_EDGE ( 'NONE', *, *, #996, .F. ) ;
#1086 = CARTESIAN_POINT ( 'NONE',  ( 7.500000000000008882, -109.9111020495310242, 11.39296477138386443 ) ) ;
#1087 = CARTESIAN_POINT ( 'NONE',  ( 7.500000000000002665, -106.2629378697197922, 30.30574261291888050 ) ) ;
#1088 = ORIENTED_EDGE ( 'NONE', *, *, #2015, .T. ) ;
#1089 = CYLINDRICAL_SURFACE ( 'NONE', #1219, 58.50000000005852030 ) ;
#1090 = VECTOR ( 'NONE', #2117, 1000.000000000000114 ) ;
#1091 = EDGE_CURVE ( 'NONE', #2371, #1613, #2095, .T. ) ;
#1092 = ORIENTED_EDGE ( 'NONE', *, *, #774, .T. ) ;
#1093 = LINE ( 'NONE', #1686, #542 ) ;
#1094 = PLANE ( 'NONE',  #1258 ) ;
#1095 = CIRCLE ( 'NONE', #1017, 58.50000000005853451 ) ;
#1096 = ADVANCED_FACE ( 'NONE', ( #1713 ), #731, .F. ) ;
#1097 = ORIENTED_EDGE ( 'NONE', *, *, #1091, .F. ) ;
#1098 = CARTESIAN_POINT ( 'NONE',  ( -3.000000000000000000, -125.1163158262811663, 1.556724153337192496 ) ) ;
#1099 = ORIENTED_EDGE ( 'NONE', *, *, #1034, .F. ) ;
#1100 = DIRECTION ( 'NONE',  ( -1.000000000000000000, 0.000000000000000000, 0.000000000000000000 ) ) ;
#1101 = AXIS2_PLACEMENT_3D ( 'NONE', #1402, #233, #1953 ) ;
#1102 = EDGE_CURVE ( 'NONE', #1679, #588, #1533, .T. ) ;
#1103 = CIRCLE ( 'NONE', #5, 3.000000000000002665 ) ;
#1104 = LINE ( 'NONE', #2086, #984 ) ;
#1105 = CIRCLE ( 'NONE', #1385, 58.50000000005852030 ) ;
#1106 = CIRCLE ( 'NONE', #2085, 58.50000000005853451 ) ;
#1107 = DIRECTION ( 'NONE',  ( 1.000000000000000000, -0.000000000000000000, -0.000000000000000000 ) ) ;
#1108 = VERTEX_POINT ( 'NONE', #911 ) ;
#1109 = AXIS2_PLACEMENT_3D ( 'NONE', #396, #39, #1173 ) ;
#1110 = VERTEX_POINT ( 'NONE', #2496 ) ;
#1111 = CARTESIAN_POINT ( 'NONE',  ( 5.000000000000001776, 0.000000000000000000, 0.000000000000000000 ) ) ;
#1112 = EDGE_CURVE ( 'NONE', #794, #433, #2207, .T. ) ;
#1113 = ORIENTED_EDGE ( 'NONE', *, *, #2290, .F. ) ;
#1114 = CARTESIAN_POINT ( 'NONE',  ( -3.000000000000000000, -105.9741860749772400, -13.18902272130637776 ) ) ;
#1115 = LINE ( 'NONE', #1914, #1502 ) ;
#1116 = ADVANCED_FACE ( 'NONE', ( #1898 ), #1688, .F. ) ;
#1117 = CARTESIAN_POINT ( 'NONE',  ( -15.00000000000000000, -91.92388155425116736, 91.92388155425118157 ) ) ;
#1118 = CARTESIAN_POINT ( 'NONE',  ( -3.000000000000000000, -8.013312686065303225, 124.9079707005098498 ) ) ;
#1119 = ORIENTED_EDGE ( 'NONE', *, *, #916, .T. ) ;
#1120 = ORIENTED_EDGE ( 'NONE', *, *, #492, .T. ) ;
#1121 = LINE ( 'NONE', #743, #1231 ) ;
#1122 = LINE ( 'NONE', #1896, #1633 ) ;
#1123 = EDGE_LOOP ( 'NONE', ( #1085, #2352, #2021, #701 ) ) ;
#1124 = DIRECTION ( 'NONE',  ( 0.000000000000000000, 0.000000000000000000, -1.000000000000000000 ) ) ;
#1125 = CARTESIAN_POINT ( 'NONE',  ( -3.000000000000000000, -58.01551618978552227, 89.65867674592217895 ) ) ;
#1126 = ADVANCED_FACE ( 'NONE', ( #2293 ), #1913, .F. ) ;
#1127 = DIRECTION ( 'NONE',  ( -0.000000000000000000, -0.000000000000000000, 1.000000000000000000 ) ) ;
#1128 = DIRECTION ( 'NONE',  ( 0.000000000000000000, 0.000000000000000000, -1.000000000000000000 ) ) ;
#1129 = ORIENTED_EDGE ( 'NONE', *, *, #2381, .T. ) ;
#1130 = CIRCLE ( 'NONE', #197, 140.0000000000000284 ) ;
#1131 = EDGE_LOOP ( 'NONE', ( #716, #1129, #50, #1431 ) ) ;
#1132 = CARTESIAN_POINT ( 'NONE',  ( -3.000000000000000000, -89.48932414714572303, 64.82214794120515933 ) ) ;
#1133 = ORIENTED_EDGE ( 'NONE', *, *, #2305, .T. ) ;
#1134 = CYLINDRICAL_SURFACE ( 'NONE', #2295, 140.0000000000000284 ) ;
#1135 = CIRCLE ( 'NONE', #283, 58.50000000005852741 ) ;
#1136 = LINE ( 'NONE', #935, #929 ) ;
#1137 = CIRCLE ( 'NONE', #1902, 128.1260000001251456 ) ;
#1138 = CARTESIAN_POINT ( 'NONE',  ( -3.000000000000000000, 0.000000000000000000, 0.000000000000000000 ) ) ;
#1139 = CARTESIAN_POINT ( 'NONE',  ( 5.000000000000001776, -129.5053107519269986, 13.08024655719467155 ) ) ;
#1140 = AXIS2_PLACEMENT_3D ( 'NONE', #30, #238, #812 ) ;
#1141 = CARTESIAN_POINT ( 'NONE',  ( 10.00000000000000355, -11.39296477138496044, 109.9111020495309106 ) ) ;
#1142 = ADVANCED_FACE ( 'NONE', ( #1862 ), #348, .F. ) ;
#1143 = CIRCLE ( 'NONE', #85, 110.5000000001104752 ) ;
#1144 = VERTEX_POINT ( 'NONE', #1877 ) ;
#1145 = AXIS2_PLACEMENT_3D ( 'NONE', #720, #1485, #357 ) ;
#1146 = EDGE_CURVE ( 'NONE', #2062, #1110, #1475, .T. ) ;
#1147 = EDGE_LOOP ( 'NONE', ( #463, #1370, #392, #1779 ) ) ;
#1148 = DIRECTION ( 'NONE',  ( 0.000000000000000000, 0.000000000000000000, 1.000000000000000000 ) ) ;
#1149 = CARTESIAN_POINT ( 'NONE',  ( -15.00000000000000000, -129.5053107519269986, 9.580246557194719514 ) ) ;
#1150 = VECTOR ( 'NONE', #434, 1000.000000000000000 ) ;
#1151 = CIRCLE ( 'NONE', #1479, 110.5000000001104894 ) ;
#1152 = ORIENTED_EDGE ( 'NONE', *, *, #163, .T. ) ;
#1153 = CARTESIAN_POINT ( 'NONE',  ( -3.000000000000000000, -41.32945807179382314, 118.1033097399185863 ) ) ;
#1154 = DIRECTION ( 'NONE',  ( -1.000000000000000000, -0.000000000000000000, -0.000000000000000000 ) ) ;
#1155 = DIRECTION ( 'NONE',  ( 0.000000000000000000, 0.000000000000000000, -1.000000000000000000 ) ) ;
#1156 = DIRECTION ( 'NONE',  ( -1.000000000000000000, 0.000000000000000000, 0.000000000000000000 ) ) ;
#1157 = ORIENTED_EDGE ( 'NONE', *, *, #972, .F. ) ;
#1158 = EDGE_CURVE ( 'NONE', #1934, #1249, #1699, .T. ) ;
#1159 = VERTEX_POINT ( 'NONE', #1098 ) ;
#1160 = CARTESIAN_POINT ( 'NONE',  ( 10.00000000000000178, 0.000000000000000000, 0.000000000000000000 ) ) ;
#1161 = EDGE_CURVE ( 'NONE', #1580, #1738, #1522, .T. ) ;
#1162 = ORIENTED_EDGE ( 'NONE', *, *, #408, .F. ) ;
#1163 = FACE_OUTER_BOUND ( 'NONE', #300, .T. ) ;
#1164 =( LENGTH_UNIT ( ) NAMED_UNIT ( * ) SI_UNIT ( .MILLI., .METRE. ) );
#1165 = CARTESIAN_POINT ( 'NONE',  ( -3.000000000000000000, 0.000000000000000000, 0.000000000000000000 ) ) ;
#1166 = CARTESIAN_POINT ( 'NONE',  ( -15.00000000000000000, -129.5053107519269986, 11.33024655719469465 ) ) ;
#1167 = DIRECTION ( 'NONE',  ( 1.000000000000000000, -0.000000000000000000, 0.000000000000000000 ) ) ;
#1168 = ORIENTED_EDGE ( 'NONE', *, *, #1858, .T. ) ;
#1169 = ORIENTED_EDGE ( 'NONE', *, *, #2290, .T. ) ;
#1170 = DIRECTION ( 'NONE',  ( 0.000000000000000000, 0.000000000000000000, 1.000000000000000000 ) ) ;
#1171 = ADVANCED_FACE ( 'NONE', ( #1495 ), #1134, .T. ) ;
#1172 = ORIENTED_EDGE ( 'NONE', *, *, #1520, .F. ) ;
#1173 = DIRECTION ( 'NONE',  ( 0.000000000000000000, 0.000000000000000000, 1.000000000000000000 ) ) ;
#1174 = EDGE_CURVE ( 'NONE', #1032, #1580, #1187, .T. ) ;
#1175 = FACE_OUTER_BOUND ( 'NONE', #1527, .T. ) ;
#1176 = CIRCLE ( 'NONE', #608, 2.999999999999968026 ) ;
#1177 = CARTESIAN_POINT ( 'NONE',  ( 10.00000000000000178, -109.1322700101458736, 61.20999524966431693 ) ) ;
#1178 = FACE_OUTER_BOUND ( 'NONE', #1611, .T. ) ;
#1179 = CIRCLE ( 'NONE', #2367, 125.1260000001251314 ) ;
#1180 = AXIS2_PLACEMENT_3D ( 'NONE', #2288, #1697, #155 ) ;
#1181 = LINE ( 'NONE', #596, #2285 ) ;
#1182 = VERTEX_POINT ( 'NONE', #2276 ) ;
#1183 = VECTOR ( 'NONE', #2344, 999.9999999999998863 ) ;
#1184 = ORIENTED_EDGE ( 'NONE', *, *, #2006, .T. ) ;
#1185 = CARTESIAN_POINT ( 'NONE',  ( 10.00000000000000178, -99.38602809437824703, 48.29769580060610679 ) ) ;
#1186 = AXIS2_PLACEMENT_3D ( 'NONE', #2176, #622, #977 ) ;
#1187 = CIRCLE ( 'NONE', #2455, 1.750000000000001554 ) ;
#1188 = ORIENTED_EDGE ( 'NONE', *, *, #676, .T. ) ;
#1189 = LINE ( 'NONE', #579, #1639 ) ;
#1190 = DIRECTION ( 'NONE',  ( 1.000000000000000000, -0.000000000000000000, -0.000000000000000000 ) ) ;
#1191 = EDGE_CURVE ( 'NONE', #164, #2371, #952, .T. ) ;
#1192 = ORIENTED_EDGE ( 'NONE', *, *, #2364, .T. ) ;
#1193 = DIRECTION ( 'NONE',  ( -1.000000000000000000, 0.000000000000000000, 0.000000000000000000 ) ) ;
#1194 = CYLINDRICAL_SURFACE ( 'NONE', #1592, 110.5000000001104894 ) ;
#1195 = DIRECTION ( 'NONE',  ( 1.000000000000000000, -0.000000000000000000, -0.000000000000000000 ) ) ;
#1196 = VERTEX_POINT ( 'NONE', #340 ) ;
#1197 = ORIENTED_EDGE ( 'NONE', *, *, #1920, .F. ) ;
#1198 = DIRECTION ( 'NONE',  ( 0.000000000000000000, 0.000000000000000000, -1.000000000000000000 ) ) ;
#1199 = ORIENTED_EDGE ( 'NONE', *, *, #1736, .F. ) ;
#1200 = CARTESIAN_POINT ( 'NONE',  ( 15.00000000000000178, -94.84401548477663368, 81.61573746989462563 ) ) ;
#1201 = PLANE ( 'NONE',  #2278 ) ;
#1202 = EDGE_LOOP ( 'NONE', ( #2233, #2, #633, #629 ) ) ;
#1203 = DIRECTION ( 'NONE',  ( 0.000000000000000000, 0.000000000000000000, 1.000000000000000000 ) ) ;
#1204 = CYLINDRICAL_SURFACE ( 'NONE', #327, 1.750000000000001554 ) ;
#1205 = EDGE_CURVE ( 'NONE', #1287, #1359, #212, .T. ) ;
#1206 = CARTESIAN_POINT ( 'NONE',  ( -15.00000000000000000, -20.31741800103385032, 125.7731779286696252 ) ) ;
#1207 = CARTESIAN_POINT ( 'NONE',  ( -3.000000000000000000, -107.5755458568078069, 63.90632057661554910 ) ) ;
#1208 = ORIENTED_EDGE ( 'NONE', *, *, #101, .F. ) ;
#1209 = DIRECTION ( 'NONE',  ( 0.000000000000000000, -3.463895836830488406E-14, -1.000000000000000000 ) ) ;
#1210 = ORIENTED_EDGE ( 'NONE', *, *, #1813, .T. ) ;
#1211 = DIRECTION ( 'NONE',  ( -1.000000000000000000, 0.000000000000000000, -0.000000000000000000 ) ) ;
#1212 = DIRECTION ( 'NONE',  ( 0.000000000000000000, 0.000000000000000000, 1.000000000000000000 ) ) ;
#1213 = ORIENTED_EDGE ( 'NONE', *, *, #896, .F. ) ;
#1214 = CARTESIAN_POINT ( 'NONE',  ( -3.000000000000000000, -125.1260000001251314, 0.000000000000000000 ) ) ;
#1215 = AXIS2_PLACEMENT_3D ( 'NONE', #149, #1523, #923 ) ;
#1216 = CARTESIAN_POINT ( 'NONE',  ( 10.00000000000000178, -110.2196730112685970, 7.865982539609829516 ) ) ;
#1217 = CARTESIAN_POINT ( 'NONE',  ( 15.00000000000000178, 0.000000000000000000, 0.000000000000000000 ) ) ;
#1218 = ORIENTED_EDGE ( 'NONE', *, *, #1890, .T. ) ;
#1219 = AXIS2_PLACEMENT_3D ( 'NONE', #1461, #1656, #1481 ) ;
#1220 = EDGE_CURVE ( 'NONE', #686, #794, #253, .T. ) ;
#1221 = VERTEX_POINT ( 'NONE', #1313 ) ;
#1222 = DIRECTION ( 'NONE',  ( 1.000000000000000000, -0.000000000000000000, 0.000000000000000000 ) ) ;
#1223 = CIRCLE ( 'NONE', #1552, 125.1260000001251314 ) ;
#1224 = EDGE_CURVE ( 'NONE', #808, #2138, #2480, .T. ) ;
#1225 = ORIENTED_EDGE ( 'NONE', *, *, #1607, .F. ) ;
#1226 = DIRECTION ( 'NONE',  ( 0.000000000000000000, 0.000000000000000000, 1.000000000000000000 ) ) ;
#1227 = VECTOR ( 'NONE', #1991, 1000.000000000000000 ) ;
#1228 = AXIS2_PLACEMENT_3D ( 'NONE', #1852, #2253, #1229 ) ;
#1229 = DIRECTION ( 'NONE',  ( 0.000000000000000000, 0.000000000000000000, -1.000000000000000000 ) ) ;
#1230 = DIRECTION ( 'NONE',  ( 1.000000000000000000, -0.000000000000000000, 0.000000000000000000 ) ) ;
#1231 = VECTOR ( 'NONE', #114, 1000.000000000000000 ) ;
#1232 = CARTESIAN_POINT ( 'NONE',  ( -3.000000000000000000, -104.0940720899155565, 23.85167898359560823 ) ) ;
#1233 = ORIENTED_EDGE ( 'NONE', *, *, #1091, .T. ) ;
#1234 = DIRECTION ( 'NONE',  ( 1.000000000000000000, -0.000000000000000000, 0.000000000000000000 ) ) ;
#1235 = FACE_BOUND ( 'NONE', #2404, .T. ) ;
#1236 = EDGE_CURVE ( 'NONE', #217, #347, #661, .T. ) ;
#1237 = VERTEX_POINT ( 'NONE', #1363 ) ;
#1238 = DIRECTION ( 'NONE',  ( 0.000000000000000000, 0.000000000000000000, 1.000000000000000000 ) ) ;
#1239 = ADVANCED_FACE ( 'NONE', ( #422 ), #1000, .F. ) ;
#1240 = ORIENTED_EDGE ( 'NONE', *, *, #1997, .T. ) ;
#1241 = CARTESIAN_POINT ( 'NONE',  ( -15.00000000000000000, -105.3890399490052090, 52.99433800050715604 ) ) ;
#1242 = CARTESIAN_POINT ( 'NONE',  ( 5.000000000000001776, -129.5053107519269986, 8.330246557194726620 ) ) ;
#1243 = CARTESIAN_POINT ( 'NONE',  ( 10.00000000000000178, -81.61573746989557776, 94.84401548477582367 ) ) ;
#1244 = ORIENTED_EDGE ( 'NONE', *, *, #1648, .F. ) ;
#1245 = DIRECTION ( 'NONE',  ( -1.000000000000000000, 0.000000000000000000, 0.000000000000000000 ) ) ;
#1246 = ORIENTED_EDGE ( 'NONE', *, *, #1826, .F. ) ;
#1247 = DIRECTION ( 'NONE',  ( 0.000000000000000000, 0.000000000000000000, 1.000000000000000000 ) ) ;
#1248 = EDGE_CURVE ( 'NONE', #1492, #1108, #1189, .T. ) ;
#1249 = VERTEX_POINT ( 'NONE', #1573 ) ;
#1250 = LINE ( 'NONE', #301, #944 ) ;
#1251 = CARTESIAN_POINT ( 'NONE',  ( -15.00000000000000000, -90.81349549406574795, 86.37187064868867026 ) ) ;
#1252 = CIRCLE ( 'NONE', #606, 9.999999999999994671 ) ;
#1253 = DIRECTION ( 'NONE',  ( 0.000000000000000000, 0.000000000000000000, -1.000000000000000000 ) ) ;
#1254 = CIRCLE ( 'NONE', #892, 58.50000000005852030 ) ;
#1255 = EDGE_LOOP ( 'NONE', ( #1386, #1765, #1283, #1746, #1233, #2148 ) ) ;
#1256 = FACE_OUTER_BOUND ( 'NONE', #2465, .T. ) ;
#1257 = CIRCLE ( 'NONE', #160, 3.000000000000002665 ) ;
#1258 = AXIS2_PLACEMENT_3D ( 'NONE', #1873, #1462, #2245 ) ;
#1259 = ORIENTED_EDGE ( 'NONE', *, *, #1248, .F. ) ;
#1260 = CARTESIAN_POINT ( 'NONE',  ( 15.00000000000000178, 48.63893363677317438, 95.07224920698261883 ) ) ;
#1261 = AXIS2_PLACEMENT_3D ( 'NONE', #1477, #1644, #1682 ) ;
#1262 = VECTOR ( 'NONE', #2331, 1000.000000000000000 ) ;
#1263 = ORIENTED_EDGE ( 'NONE', *, *, #1112, .T. ) ;
#1264 = DIRECTION ( 'NONE',  ( 0.000000000000000000, 0.000000000000000000, 1.000000000000000000 ) ) ;
#1265 = CARTESIAN_POINT ( 'NONE',  ( 15.00000000000000178, -118.1033097399190268, 41.32945807179261521 ) ) ;
#1266 = CARTESIAN_POINT ( 'NONE',  ( 10.08363775929436379, -129.5053107519269986, 11.33024655719469465 ) ) ;
#1267 = EDGE_CURVE ( 'NONE', #1494, #1035, #1544, .T. ) ;
#1268 = CIRCLE ( 'NONE', #1062, 110.5000000001104894 ) ;
#1269 = DIRECTION ( 'NONE',  ( -1.000000000000000000, 0.000000000000000000, 0.000000000000000000 ) ) ;
#1270 = CIRCLE ( 'NONE', #1881, 58.50000000005852741 ) ;
#1271 = EDGE_CURVE ( 'NONE', #674, #1738, #903, .T. ) ;
#1272 = AXIS2_PLACEMENT_3D ( 'NONE', #1360, #2139, #1170 ) ;
#1273 = ORIENTED_EDGE ( 'NONE', *, *, #723, .F. ) ;
#1274 = CARTESIAN_POINT ( 'NONE',  ( -3.000000000000000000, 0.000000000000000000, 0.000000000000000000 ) ) ;
#1275 = VERTEX_POINT ( 'NONE', #387 ) ;
#1276 = DIRECTION ( 'NONE',  ( 0.000000000000000000, 0.000000000000000000, 1.000000000000000000 ) ) ;
#1277 = ORIENTED_EDGE ( 'NONE', *, *, #2232, .T. ) ;
#1278 = CARTESIAN_POINT ( 'NONE',  ( -15.00000000000000000, -24.27023588328486881, 125.8063095643528726 ) ) ;
#1279 = ORIENTED_EDGE ( 'NONE', *, *, #1955, .F. ) ;
#1280 = DIRECTION ( 'NONE',  ( -1.000000000000000000, 0.000000000000000000, 0.000000000000000000 ) ) ;
#1281 = FACE_OUTER_BOUND ( 'NONE', #1781, .T. ) ;
#1282 = EDGE_CURVE ( 'NONE', #833, #1884, #2334, .T. ) ;
#1283 = ORIENTED_EDGE ( 'NONE', *, *, #1588, .F. ) ;
#1284 = DIRECTION ( 'NONE',  ( 1.000000000000000000, -0.000000000000000000, 0.000000000000000000 ) ) ;
#1285 = ORIENTED_EDGE ( 'NONE', *, *, #456, .F. ) ;
#1286 = CARTESIAN_POINT ( 'NONE',  ( -3.000000000000000000, -11.73989867388585928, 134.1876558716446652 ) ) ;
#1287 = VERTEX_POINT ( 'NONE', #410 ) ;
#1288 = DIRECTION ( 'NONE',  ( 1.000000000000000000, -0.000000000000000000, 0.000000000000000000 ) ) ;
#1289 = DIRECTION ( 'NONE',  ( 1.000000000000000000, -0.000000000000000000, -0.000000000000000000 ) ) ;
#1290 = CARTESIAN_POINT ( 'NONE',  ( 15.00000000000000178, 13.18902272130528885, 105.9741860749773537 ) ) ;
#1291 = DIRECTION ( 'NONE',  ( 1.000000000000000000, -0.000000000000000000, 0.000000000000000000 ) ) ;
#1292 = ORIENTED_EDGE ( 'NONE', *, *, #1984, .F. ) ;
#1293 = AXIS2_PLACEMENT_3D ( 'NONE', #2046, #1230, #2225 ) ;
#1294 = ADVANCED_FACE ( 'NONE', ( #1163 ), #1939, .F. ) ;
#1295 = ORIENTED_EDGE ( 'NONE', *, *, #662, .T. ) ;
#1296 = DIRECTION ( 'NONE',  ( 0.000000000000000000, 0.000000000000000000, -1.000000000000000000 ) ) ;
#1297 = FACE_OUTER_BOUND ( 'NONE', #1708, .T. ) ;
#1298 = AXIS2_PLACEMENT_3D ( 'NONE', #2051, #2308, #687 ) ;
#1299 = EDGE_LOOP ( 'NONE', ( #2300, #2126, #958, #231 ) ) ;
#1300 = DIRECTION ( 'NONE',  ( 0.000000000000000000, 0.000000000000000000, 1.000000000000000000 ) ) ;
#1301 = DIRECTION ( 'NONE',  ( -1.000000000000000000, 0.000000000000000000, 0.000000000000000000 ) ) ;
#1302 = VECTOR ( 'NONE', #2092, 1000.000000000000000 ) ;
#1303 = CIRCLE ( 'NONE', #1636, 58.50000000005852030 ) ;
#1304 = CARTESIAN_POINT ( 'NONE',  ( -15.00000000000000000, -95.81982761952292549, 83.85446222626021040 ) ) ;
#1305 = AXIS2_PLACEMENT_3D ( 'NONE', #1511, #546, #1316 ) ;
#1306 = CIRCLE ( 'NONE', #2494, 125.1260000001251314 ) ;
#1307 = FACE_OUTER_BOUND ( 'NONE', #2247, .T. ) ;
#1308 = VERTEX_POINT ( 'NONE', #204 ) ;
#1309 = ORIENTED_EDGE ( 'NONE', *, *, #1068, .F. ) ;
#1310 = CARTESIAN_POINT ( 'NONE',  ( -3.000000000000000000, -64.82214794120615409, 89.48932414714508354 ) ) ;
#1311 = ADVANCED_FACE ( 'NONE', ( #974 ), #1561, .F. ) ;
#1312 = EDGE_LOOP ( 'NONE', ( #543, #2004, #2391, #511 ) ) ;
#1313 = CARTESIAN_POINT ( 'NONE',  ( -3.000000000000000000, -79.37701191820117685, 76.87353236948442259 ) ) ;
#1314 = ADVANCED_FACE ( 'NONE', ( #591 ), #2142, .F. ) ;
#1315 = CARTESIAN_POINT ( 'NONE',  ( 5.000000000000001776, -91.92388155425116736, 88.92388155425118157 ) ) ;
#1316 = DIRECTION ( 'NONE',  ( 0.000000000000000000, 0.000000000000000000, 1.000000000000000000 ) ) ;
#1317 = CYLINDRICAL_SURFACE ( 'NONE', #571, 58.50000000005853451 ) ;
#1318 = VERTEX_POINT ( 'NONE', #987 ) ;
#1319 = ORIENTED_EDGE ( 'NONE', *, *, #791, .F. ) ;
#1320 = DIRECTION ( 'NONE',  ( -1.000000000000000000, 0.000000000000000000, 0.000000000000000000 ) ) ;
#1321 = CYLINDRICAL_SURFACE ( 'NONE', #2448, 10.00000000000000178 ) ;
#1322 = VERTEX_POINT ( 'NONE', #1153 ) ;
#1323 = DIRECTION ( 'NONE',  ( 1.000000000000000000, -0.000000000000000000, -0.000000000000000000 ) ) ;
#1324 = CARTESIAN_POINT ( 'NONE',  ( -15.00000000000000000, -115.9873571609195011, 22.37598835481598769 ) ) ;
#1325 = EDGE_CURVE ( 'NONE', #227, #216, #1762, .T. ) ;
#1326 = LINE ( 'NONE', #2106, #1506 ) ;
#1327 = ADVANCED_FACE ( 'NONE', ( #602 ), #1374, .F. ) ;
#1328 = CARTESIAN_POINT ( 'NONE',  ( -15.00000000000000000, -52.99433800050716314, 105.3890399490052232 ) ) ;
#1329 = ORIENTED_EDGE ( 'NONE', *, *, #1615, .F. ) ;
#1330 = CIRCLE ( 'NONE', #322, 128.1260000001251456 ) ;
#1331 = ORIENTED_EDGE ( 'NONE', *, *, #1997, .F. ) ;
#1332 = DIRECTION ( 'NONE',  ( 0.000000000000000000, -1.332267629550188006E-14, -1.000000000000000000 ) ) ;
#1333 = CARTESIAN_POINT ( 'NONE',  ( -15.00000000000000000, -134.1876558716446937, 11.73989867388588237 ) ) ;
#1334 = VERTEX_POINT ( 'NONE', #617 ) ;
#1335 = DIRECTION ( 'NONE',  ( 1.000000000000000000, -0.000000000000000000, -0.000000000000000000 ) ) ;
#1336 = VECTOR ( 'NONE', #2121, 1000.000000000000000 ) ;
#1337 = DIRECTION ( 'NONE',  ( 0.000000000000000000, 0.000000000000000000, -1.000000000000000000 ) ) ;
#1338 = AXIS2_PLACEMENT_3D ( 'NONE', #1031, #1438, #2228 ) ;
#1339 = VECTOR ( 'NONE', #1472, 1000.000000000000000 ) ;
#1340 = PRESENTATION_STYLE_ASSIGNMENT (( #685 ) ) ;
#1341 = CARTESIAN_POINT ( 'NONE',  ( 7.500000000000002665, -89.48932414714577988, 64.82214794120521617 ) ) ;
#1342 = EDGE_CURVE ( 'NONE', #686, #1964, #1392, .T. ) ;
#1343 = CIRCLE ( 'NONE', #1875, 58.50000000005852030 ) ;
#1344 = CARTESIAN_POINT ( 'NONE',  ( 15.00000000000000178, -104.0940720899155565, 23.85167898359560823 ) ) ;
#1345 = ORIENTED_EDGE ( 'NONE', *, *, #2002, .F. ) ;
#1346 = AXIS2_PLACEMENT_3D ( 'NONE', #1114, #2507, #1888 ) ;
#1347 = ORIENTED_EDGE ( 'NONE', *, *, #288, .T. ) ;
#1348 = CARTESIAN_POINT ( 'NONE',  ( -2.999999999999999112, -95.81982761952292549, 83.85446222626021040 ) ) ;
#1349 = DIRECTION ( 'NONE',  ( 0.000000000000000000, 0.000000000000000000, -1.000000000000000000 ) ) ;
#1350 = AXIS2_PLACEMENT_3D ( 'NONE', #2301, #1493, #1860 ) ;
#1351 = ORIENTED_EDGE ( 'NONE', *, *, #2364, .F. ) ;
#1352 = CARTESIAN_POINT ( 'NONE',  ( 10.00000000000000178, -105.9741860749772400, -13.18902272130637776 ) ) ;
#1353 = DIRECTION ( 'NONE',  ( 0.000000000000000000, 0.000000000000000000, -1.000000000000000000 ) ) ;
#1354 = DIRECTION ( 'NONE',  ( 0.000000000000000000, 0.9785820767750121885, -0.2058570353782063489 ) ) ;
#1355 = ADVANCED_FACE ( 'NONE', ( #1401 ), #232, .F. ) ;
#1356 = CARTESIAN_POINT ( 'NONE',  ( -15.00000000000000000, -99.05872231558578278, 81.26279228057408943 ) ) ;
#1357 = ORIENTED_EDGE ( 'NONE', *, *, #2031, .T. ) ;
#1358 = EDGE_CURVE ( 'NONE', #1945, #1539, #90, .T. ) ;
#1359 = VERTEX_POINT ( 'NONE', #1650 ) ;
#1360 = CARTESIAN_POINT ( 'NONE',  ( 15.00000000000000178, -102.0739503050333497, -31.39087612225269197 ) ) ;
#1361 = ADVANCED_FACE ( 'NONE', ( #879 ), #260, .F. ) ;
#1362 = ORIENTED_EDGE ( 'NONE', *, *, #877, .T. ) ;
#1363 = CARTESIAN_POINT ( 'NONE',  ( 10.00000000000000178, -106.2629378697197922, 30.30574261291888760 ) ) ;
#1364 = LINE ( 'NONE', #1023, #770 ) ;
#1365 = VERTEX_POINT ( 'NONE', #282 ) ;
#1366 = DIRECTION ( 'NONE',  ( 0.000000000000000000, 0.000000000000000000, 1.000000000000000000 ) ) ;
#1367 = DIRECTION ( 'NONE',  ( 0.000000000000000000, 0.000000000000000000, 1.000000000000000000 ) ) ;
#1368 = CARTESIAN_POINT ( 'NONE',  ( -2.999999999999999112, -125.8063095643528442, 24.27023588328493986 ) ) ;
#1369 = ORIENTED_EDGE ( 'NONE', *, *, #492, .F. ) ;
#1370 = ORIENTED_EDGE ( 'NONE', *, *, #1174, .F. ) ;
#1371 = CARTESIAN_POINT ( 'NONE',  ( -15.00000000000000000, -95.30595292914637184, 95.30595292914640027 ) ) ;
#1372 = ADVANCED_FACE ( 'NONE', ( #2210 ), #653, .F. ) ;
#1373 = ORIENTED_EDGE ( 'NONE', *, *, #1064, .T. ) ;
#1374 = CYLINDRICAL_SURFACE ( 'NONE', #1921, 58.50000000005852030 ) ;
#1375 = AXIS2_PLACEMENT_3D ( 'NONE', #2030, #2236, #1446 ) ;
#1376 = ADVANCED_FACE ( 'NONE', ( #2219 ), #2005, .F. ) ;
#1377 = ORIENTED_EDGE ( 'NONE', *, *, #713, .F. ) ;
#1378 = CARTESIAN_POINT ( 'NONE',  ( 10.08363775929436379, -91.92388155425116736, 91.92388155425118157 ) ) ;
#1379 = CARTESIAN_POINT ( 'NONE',  ( 10.08363775929436379, -11.33024655719470353, 126.5053107519269986 ) ) ;
#1380 = AXIS2_PLACEMENT_3D ( 'NONE', #1647, #1067, #73 ) ;
#1381 = AXIS2_PLACEMENT_3D ( 'NONE', #2249, #1837, #93 ) ;
#1382 = CARTESIAN_POINT ( 'NONE',  ( -3.000000000000000000, -128.1260000001251456, 0.000000000000000000 ) ) ;
#1383 = ORIENTED_EDGE ( 'NONE', *, *, #632, .F. ) ;
#1384 = AXIS2_PLACEMENT_3D ( 'NONE', #2473, #2088, #1903 ) ;
#1385 = AXIS2_PLACEMENT_3D ( 'NONE', #966, #2471, #2279 ) ;
#1386 = ORIENTED_EDGE ( 'NONE', *, *, #837, .F. ) ;
#1387 = DIRECTION ( 'NONE',  ( 1.000000000000000000, -0.000000000000000000, 0.000000000000000000 ) ) ;
#1388 = AXIS2_PLACEMENT_3D ( 'NONE', #2442, #68, #2017 ) ;
#1389 = ADVANCED_FACE ( 'NONE', ( #1989 ), #1659, .F. ) ;
#1390 = AXIS2_PLACEMENT_3D ( 'NONE', #1930, #184, #963 ) ;
#1391 = ORIENTED_EDGE ( 'NONE', *, *, #1581, .T. ) ;
#1392 = LINE ( 'NONE', #1200, #1643 ) ;
#1393 = AXIS2_PLACEMENT_3D ( 'NONE', #2168, #560, #2113 ) ;
#1394 = LINE ( 'NONE', #797, #1262 ) ;
#1395 = DIRECTION ( 'NONE',  ( 0.000000000000000000, -0.2058570353782036289, 0.9785820767750127436 ) ) ;
#1396 = FACE_OUTER_BOUND ( 'NONE', #2065, .T. ) ;
#1397 = CARTESIAN_POINT ( 'NONE',  ( -3.000000000000000000, -22.37598835481592374, 115.9873571609195153 ) ) ;
#1398 = ORIENTED_EDGE ( 'NONE', *, *, #81, .T. ) ;
#1399 = CARTESIAN_POINT ( 'NONE',  ( -3.000000000000000000, -91.52004555476770520, 61.92197721066136040 ) ) ;
#1400 = ORIENTED_EDGE ( 'NONE', *, *, #535, .F. ) ;
#1401 = FACE_OUTER_BOUND ( 'NONE', #1712, .T. ) ;
#1402 = CARTESIAN_POINT ( 'NONE',  ( 10.00000000000000178, -85.18182592565698030, 64.40912176522904531 ) ) ;
#1403 = DIRECTION ( 'NONE',  ( 1.000000000000000000, 0.000000000000000000, 0.000000000000000000 ) ) ;
#1404 = ORIENTED_EDGE ( 'NONE', *, *, #585, .F. ) ;
#1405 = CARTESIAN_POINT ( 'NONE',  ( -10.00000000000000000, 0.000000000000000000, 0.000000000000000000 ) ) ;
#1406 = DIRECTION ( 'NONE',  ( -1.000000000000000000, 0.000000000000000000, 0.000000000000000000 ) ) ;
#1407 = EDGE_CURVE ( 'NONE', #681, #537, #2251, .T. ) ;
#1408 = DIRECTION ( 'NONE',  ( -1.000000000000000000, 0.000000000000000000, -0.000000000000000000 ) ) ;
#1409 = VERTEX_POINT ( 'NONE', #447 ) ;
#1410 = ORIENTED_EDGE ( 'NONE', *, *, #1648, .T. ) ;
#1411 = CARTESIAN_POINT ( 'NONE',  ( 10.00000000000000178, -140.0000000000000284, 0.000000000000000000 ) ) ;
#1412 = ORIENTED_EDGE ( 'NONE', *, *, #54, .F. ) ;
#1413 = DIRECTION ( 'NONE',  ( -0.000000000000000000, 0.000000000000000000, -1.000000000000000000 ) ) ;
#1414 = VERTEX_POINT ( 'NONE', #1850 ) ;
#1415 = DIRECTION ( 'NONE',  ( 0.000000000000000000, 0.000000000000000000, -1.000000000000000000 ) ) ;
#1416 = AXIS2_PLACEMENT_3D ( 'NONE', #1324, #2105, #2508 ) ;
#1417 = CARTESIAN_POINT ( 'NONE',  ( -3.000000000000000000, -124.4018351038945411, 13.79846902766793804 ) ) ;
#1418 = CARTESIAN_POINT ( 'NONE',  ( 10.00000000000000178, -106.6544498265585474, 63.91357246111783752 ) ) ;
#1419 = EDGE_CURVE ( 'NONE', #1706, #143, #1427, .T. ) ;
#1420 = AXIS2_PLACEMENT_3D ( 'NONE', #1274, #1525, #1741 ) ;
#1421 = ADVANCED_FACE ( 'NONE', ( #2230 ), #2040, .F. ) ;
#1422 = AXIS2_PLACEMENT_3D ( 'NONE', #870, #1428, #2430 ) ;
#1423 = ORIENTED_EDGE ( 'NONE', *, *, #507, .T. ) ;
#1424 = LINE ( 'NONE', #2038, #893 ) ;
#1425 = AXIS2_PLACEMENT_3D ( 'NONE', #2398, #1791, #2389 ) ;
#1426 = ORIENTED_EDGE ( 'NONE', *, *, #1692, .F. ) ;
#1427 = LINE ( 'NONE', #2183, #1150 ) ;
#1428 = DIRECTION ( 'NONE',  ( 1.000000000000000000, -0.000000000000000000, 0.000000000000000000 ) ) ;
#1429 = CIRCLE ( 'NONE', #1715, 128.1260000001251456 ) ;
#1430 = AXIS2_PLACEMENT_3D ( 'NONE', #515, #708, #119 ) ;
#1431 = ORIENTED_EDGE ( 'NONE', *, *, #2317, .T. ) ;
#1432 = DIRECTION ( 'NONE',  ( 1.000000000000000000, -0.000000000000000000, -0.000000000000000000 ) ) ;
#1433 = DIRECTION ( 'NONE',  ( 0.000000000000000000, 0.000000000000000000, 1.000000000000000000 ) ) ;
#1434 = AXIS2_PLACEMENT_3D ( 'NONE', #2024, #245, #855 ) ;
#1435 = CARTESIAN_POINT ( 'NONE',  ( -15.00000000000000000, 0.000000000000000000, 0.000000000000000000 ) ) ;
#1436 = EDGE_CURVE ( 'NONE', #1985, #776, #1478, .T. ) ;
#1437 = ORIENTED_EDGE ( 'NONE', *, *, #1588, .T. ) ;
#1438 = DIRECTION ( 'NONE',  ( -1.000000000000000000, 0.000000000000000000, 0.000000000000000000 ) ) ;
#1439 = DIRECTION ( 'NONE',  ( 1.000000000000000000, -0.000000000000000000, 0.000000000000000000 ) ) ;
#1440 = ADVANCED_FACE ( 'NONE', ( #1044 ), #1812, .F. ) ;
#1441 = ORIENTED_EDGE ( 'NONE', *, *, #471, .F. ) ;
#1442 = FACE_BOUND ( 'NONE', #1772, .T. ) ;
#1443 = EDGE_CURVE ( 'NONE', #1009, #705, #483, .T. ) ;
#1444 = ORIENTED_EDGE ( 'NONE', *, *, #2384, .F. ) ;
#1445 = CARTESIAN_POINT ( 'NONE',  ( 10.00000000000000355, 0.000000000000000000, 0.000000000000000000 ) ) ;
#1446 = DIRECTION ( 'NONE',  ( 0.000000000000000000, 0.000000000000000000, -1.000000000000000000 ) ) ;
#1447 = CARTESIAN_POINT ( 'NONE',  ( -15.00000000000000000, -125.8063095643528442, 24.27023588328493986 ) ) ;
#1448 = ORIENTED_EDGE ( 'NONE', *, *, #1890, .F. ) ;
#1449 = CARTESIAN_POINT ( 'NONE',  ( -3.000000000000000000, -79.23069769562812326, 96.84530147970680503 ) ) ;
#1450 = ORIENTED_EDGE ( 'NONE', *, *, #880, .F. ) ;
#1451 = DIRECTION ( 'NONE',  ( -1.000000000000000000, 0.000000000000000000, 0.000000000000000000 ) ) ;
#1452 = ADVANCED_FACE ( 'NONE', ( #2420 ), #845, .F. ) ;
#1453 = EDGE_LOOP ( 'NONE', ( #356, #1448, #1655, #1897 ) ) ;
#1454 = CARTESIAN_POINT ( 'NONE',  ( -3.000000000000000000, 0.000000000000000000, 0.000000000000000000 ) ) ;
#1455 = CARTESIAN_POINT ( 'NONE',  ( 10.00000000000000178, -76.87353236948528945, 79.37701191820036684 ) ) ;
#1456 = CARTESIAN_POINT ( 'NONE',  ( 0.000000000000000000, -125.7731779286696252, 20.31741800103393558 ) ) ;
#1457 = CIRCLE ( 'NONE', #117, 125.1260000001251314 ) ;
#1458 = DIRECTION ( 'NONE',  ( 0.000000000000000000, -0.4492457435080635109, 0.8934082280457726899 ) ) ;
#1459 = VECTOR ( 'NONE', #2523, 1000.000000000000000 ) ;
#1460 = EDGE_LOOP ( 'NONE', ( #2382, #1398, #1528, #1907 ) ) ;
#1461 = CARTESIAN_POINT ( 'NONE',  ( 15.00000000000000178, -105.9741860749772400, -13.18902272130637776 ) ) ;
#1462 = DIRECTION ( 'NONE',  ( 0.000000000000000000, -0.9279685171134824939, 0.3726585987820547619 ) ) ;
#1463 = VECTOR ( 'NONE', #1790, 1000.000000000000000 ) ;
#1464 = ORIENTED_EDGE ( 'NONE', *, *, #37, .F. ) ;
#1465 = DIRECTION ( 'NONE',  ( 0.000000000000000000, 0.000000000000000000, 1.000000000000000000 ) ) ;
#1466 = DIRECTION ( 'NONE',  ( -1.000000000000000000, 0.000000000000000000, -0.000000000000000000 ) ) ;
#1467 = VECTOR ( 'NONE', #750, 1000.000000000000000 ) ;
#1468 = ADVANCED_FACE ( 'NONE', ( #1070, #668, #836, #1442 ), #53, .T. ) ;
#1469 = CIRCLE ( 'NONE', #1794, 125.1260000001251314 ) ;
#1470 = ORIENTED_EDGE ( 'NONE', *, *, #1006, .T. ) ;
#1471 = DIRECTION ( 'NONE',  ( 1.000000000000000000, -0.000000000000000000, 0.000000000000000000 ) ) ;
#1472 = DIRECTION ( 'NONE',  ( -1.000000000000000000, -0.000000000000000000, -0.000000000000000000 ) ) ;
#1473 = PRODUCT ( 'Engrane de BAse Giratoria Version 2', 'Engrane de BAse Giratoria Version 2', '', ( #1575 ) ) ;
#1474 = CARTESIAN_POINT ( 'NONE',  ( 15.00000000000000178, -41.32945807179381603, 118.1033097399186005 ) ) ;
#1475 = CIRCLE ( 'NONE', #1430, 3.000000000000002665 ) ;
#1476 = ADVANCED_FACE ( 'NONE', ( #1614 ), #2429, .T. ) ;
#1477 = CARTESIAN_POINT ( 'NONE',  ( 5.000000000000001776, -91.92388155425116736, 91.92388155425118157 ) ) ;
#1478 = CIRCLE ( 'NONE', #416, 110.5000000001104894 ) ;
#1479 = AXIS2_PLACEMENT_3D ( 'NONE', #1745, #614, #1332 ) ;
#1480 = ORIENTED_EDGE ( 'NONE', *, *, #336, .F. ) ;
#1481 = DIRECTION ( 'NONE',  ( 0.000000000000000000, 0.000000000000000000, 1.000000000000000000 ) ) ;
#1482 = ORIENTED_EDGE ( 'NONE', *, *, #1736, .T. ) ;
#1483 = CARTESIAN_POINT ( 'NONE',  ( -15.00000000000000000, 0.000000000000000000, 128.1260000001251456 ) ) ;
#1484 = VERTEX_POINT ( 'NONE', #1132 ) ;
#1485 = DIRECTION ( 'NONE',  ( -1.000000000000000000, 0.000000000000000000, 0.000000000000000000 ) ) ;
#1486 = ORIENTED_EDGE ( 'NONE', *, *, #1146, .F. ) ;
#1487 = DIRECTION ( 'NONE',  ( -1.000000000000000000, 0.000000000000000000, 0.000000000000000000 ) ) ;
#1488 = DIRECTION ( 'NONE',  ( 1.000000000000000000, -0.000000000000000000, -0.000000000000000000 ) ) ;
#1489 = EDGE_CURVE ( 'NONE', #2341, #458, #145, .T. ) ;
#1490 = ORIENTED_EDGE ( 'NONE', *, *, #2018, .T. ) ;
#1491 = EDGE_CURVE ( 'NONE', #1365, #2136, #2166, .T. ) ;
#1492 = VERTEX_POINT ( 'NONE', #920 ) ;
#1493 = DIRECTION ( 'NONE',  ( 1.000000000000000000, -0.000000000000000000, -0.000000000000000000 ) ) ;
#1494 = VERTEX_POINT ( 'NONE', #890 ) ;
#1495 = FACE_OUTER_BOUND ( 'NONE', #626, .T. ) ;
#1496 = CARTESIAN_POINT ( 'NONE',  ( -3.000000000000000000, 13.18902272130528885, 105.9741860749773537 ) ) ;
#1497 = CARTESIAN_POINT ( 'NONE',  ( -15.00000000000000000, -124.4018351038945411, 13.79846902766793626 ) ) ;
#1498 = DIRECTION ( 'NONE',  ( 0.000000000000000000, 0.000000000000000000, -1.000000000000000000 ) ) ;
#1499 = EDGE_CURVE ( 'NONE', #2260, #1484, #1718, .T. ) ;
#1500 = LINE ( 'NONE', #1704, #2326 ) ;
#1501 = EDGE_LOOP ( 'NONE', ( #1867, #2327 ) ) ;
#1502 = VECTOR ( 'NONE', #2277, 1000.000000000000000 ) ;
#1503 = AXIS2_PLACEMENT_3D ( 'NONE', #631, #1954, #1403 ) ;
#1504 = VERTEX_POINT ( 'NONE', #947 ) ;
#1505 = DIRECTION ( 'NONE',  ( 1.000000000000000000, -0.000000000000000000, -0.000000000000000000 ) ) ;
#1506 = VECTOR ( 'NONE', #773, 1000.000000000000000 ) ;
#1507 = ORIENTED_EDGE ( 'NONE', *, *, #182, .T. ) ;
#1508 = DIRECTION ( 'NONE',  ( 1.000000000000000000, -0.000000000000000000, -0.000000000000000000 ) ) ;
#1509 = CARTESIAN_POINT ( 'NONE',  ( 10.00000000000000355, -91.52004555476770520, 61.92197721066136040 ) ) ;
#1510 = AXIS2_PLACEMENT_3D ( 'NONE', #605, #426, #1564 ) ;
#1511 = CARTESIAN_POINT ( 'NONE',  ( 15.00000000000000178, -89.65867674592280423, 58.01551618978459146 ) ) ;
#1512 = AXIS2_PLACEMENT_3D ( 'NONE', #526, #1508, #1084 ) ;
#1513 = CIRCLE ( 'NONE', #1681, 58.50000000005852030 ) ;
#1514 = DIRECTION ( 'NONE',  ( 0.000000000000000000, 0.000000000000000000, -1.000000000000000000 ) ) ;
#1515 = ORIENTED_EDGE ( 'NONE', *, *, #394, .F. ) ;
#1516 = AXIS2_PLACEMENT_3D ( 'NONE', #1260, #641, #1033 ) ;
#1517 = ORIENTED_EDGE ( 'NONE', *, *, #2397, .T. ) ;
#1518 = FACE_OUTER_BOUND ( 'NONE', #1501, .T. ) ;
#1519 = LINE ( 'NONE', #1541, #612 ) ;
#1520 = EDGE_CURVE ( 'NONE', #588, #514, #2456, .T. ) ;
#1521 = ORIENTED_EDGE ( 'NONE', *, *, #1771, .T. ) ;
#1522 = LINE ( 'NONE', #895, #373 ) ;
#1523 = DIRECTION ( 'NONE',  ( -1.000000000000000000, 0.000000000000000000, 0.000000000000000000 ) ) ;
#1524 = DIRECTION ( 'NONE',  ( 1.000000000000000000, -0.000000000000000000, 0.000000000000000000 ) ) ;
#1525 = DIRECTION ( 'NONE',  ( 1.000000000000000000, -0.000000000000000000, -0.000000000000000000 ) ) ;
#1526 = FACE_OUTER_BOUND ( 'NONE', #239, .T. ) ;
#1527 = EDGE_LOOP ( 'NONE', ( #259, #1517, #1071, #1437 ) ) ;
#1528 = ORIENTED_EDGE ( 'NONE', *, *, #2238, .T. ) ;
#1529 = DIRECTION ( 'NONE',  ( -1.000000000000000000, -0.000000000000000000, -0.000000000000000000 ) ) ;
#1530 = DIRECTION ( 'NONE',  ( 1.000000000000000000, -0.000000000000000000, -0.000000000000000000 ) ) ;
#1531 = ADVANCED_FACE ( 'NONE', ( #1672 ), #728, .F. ) ;
#1532 = EDGE_LOOP ( 'NONE', ( #199, #763, #1066, #14 ) ) ;
#1533 = LINE ( 'NONE', #2315, #1717 ) ;
#1534 = DIRECTION ( 'NONE',  ( 0.000000000000000000, -0.9785820767750119664, 0.2058570353782071538 ) ) ;
#1535 = CARTESIAN_POINT ( 'NONE',  ( -3.000000000000000000, -89.65867674592280423, 58.01551618978459146 ) ) ;
#1536 = CARTESIAN_POINT ( 'NONE',  ( 10.00000000000000178, -91.92388155425116736, 91.92388155425118157 ) ) ;
#1537 = LINE ( 'NONE', #724, #1674 ) ;
#1538 = ORIENTED_EDGE ( 'NONE', *, *, #1858, .F. ) ;
#1539 = VERTEX_POINT ( 'NONE', #1724 ) ;
#1540 = CARTESIAN_POINT ( 'NONE',  ( -15.00000000000000000, -99.05872231558578278, 81.26279228057408943 ) ) ;
#1541 = CARTESIAN_POINT ( 'NONE',  ( 7.500000000000002665, -79.37701191820112001, 76.87353236948447943 ) ) ;
#1542 = UNCERTAINTY_MEASURE_WITH_UNIT (LENGTH_MEASURE( 1.000000000000000082E-05 ), #1164, 'distance_accuracy_value', 'NONE');
#1543 = ORIENTED_EDGE ( 'NONE', *, *, #680, .T. ) ;
#1544 = LINE ( 'NONE', #2152, #577 ) ;
#1545 = AXIS2_PLACEMENT_3D ( 'NONE', #675, #1796, #459 ) ;
#1546 = DIRECTION ( 'NONE',  ( -1.000000000000000000, 0.000000000000000000, 0.000000000000000000 ) ) ;
#1547 = PRODUCT_DEFINITION ( 'UNKNOWN', '', #481, #2516 ) ;
#1548 = AXIS2_PLACEMENT_3D ( 'NONE', #637, #841, #646 ) ;
#1549 = LINE ( 'NONE', #1214, #1227 ) ;
#1550 = CARTESIAN_POINT ( 'NONE',  ( 10.00000000000000178, -129.5053107519269986, 14.33024655719466267 ) ) ;
#1551 = EDGE_CURVE ( 'NONE', #1414, #353, #1842, .T. ) ;
#1552 = AXIS2_PLACEMENT_3D ( 'NONE', #2309, #1882, #2336 ) ;
#1553 = DIRECTION ( 'NONE',  ( -1.000000000000000000, 0.000000000000000000, -0.000000000000000000 ) ) ;
#1554 = VECTOR ( 'NONE', #859, 1000.000000000000000 ) ;
#1555 = ORIENTED_EDGE ( 'NONE', *, *, #1551, .F. ) ;
#1556 = AXIS2_PLACEMENT_3D ( 'NONE', #1616, #2395, #1124 ) ;
#1557 = ORIENTED_EDGE ( 'NONE', *, *, #1224, .T. ) ;
#1558 = FACE_OUTER_BOUND ( 'NONE', #2007, .T. ) ;
#1559 = AXIS2_PLACEMENT_3D ( 'NONE', #2363, #24, #983 ) ;
#1560 = ORIENTED_EDGE ( 'NONE', *, *, #1982, .T. ) ;
#1561 = CYLINDRICAL_SURFACE ( 'NONE', #829, 125.1260000001251314 ) ;
#1562 = DIRECTION ( 'NONE',  ( 1.000000000000000000, -0.000000000000000000, 0.000000000000000000 ) ) ;
#1563 = ORIENTED_EDGE ( 'NONE', *, *, #98, .T. ) ;
#1564 = DIRECTION ( 'NONE',  ( 0.000000000000000000, 0.000000000000000000, -1.000000000000000000 ) ) ;
#1565 = FACE_OUTER_BOUND ( 'NONE', #189, .T. ) ;
#1566 = CARTESIAN_POINT ( 'NONE',  ( -3.000000000000000000, -44.25514247077580166, 117.0384477038321478 ) ) ;
#1567 = EDGE_CURVE ( 'NONE', #776, #1685, #1121, .T. ) ;
#1568 = ORIENTED_EDGE ( 'NONE', *, *, #965, .F. ) ;
#1569 = ADVANCED_FACE ( 'NONE', ( #550, #1518 ), #2287, .T. ) ;
#1570 = ORIENTED_EDGE ( 'NONE', *, *, #2127, .F. ) ;
#1571 = DIRECTION ( 'NONE',  ( -1.000000000000000000, 0.000000000000000000, -0.000000000000000000 ) ) ;
#1572 = ORIENTED_EDGE ( 'NONE', *, *, #644, .T. ) ;
#1573 = CARTESIAN_POINT ( 'NONE',  ( 5.000000000000001776, -129.5053107519269986, 14.33024655719466267 ) ) ;
#1574 = DIRECTION ( 'NONE',  ( 1.000000000000000000, -0.000000000000000000, -0.000000000000000000 ) ) ;
#1575 = PRODUCT_CONTEXT ( 'NONE', #2222, 'mechanical' ) ;
#1576 = ORIENTED_EDGE ( 'NONE', *, *, #541, .T. ) ;
#1577 = CARTESIAN_POINT ( 'NONE',  ( 10.08363775929436379, -11.33024655719470353, 129.5053107519269986 ) ) ;
#1578 = DIRECTION ( 'NONE',  ( 0.000000000000000000, 0.000000000000000000, 1.000000000000000000 ) ) ;
#1579 = CARTESIAN_POINT ( 'NONE',  ( 15.00000000000000178, -61.20999524966548933, 109.1322700101452483 ) ) ;
#1580 = VERTEX_POINT ( 'NONE', #346 ) ;
#1581 = EDGE_CURVE ( 'NONE', #1182, #1159, #989, .T. ) ;
#1582 = ORIENTED_EDGE ( 'NONE', *, *, #1236, .T. ) ;
#1583 = CARTESIAN_POINT ( 'NONE',  ( -3.000000000000000000, 0.000000000000000000, 0.000000000000000000 ) ) ;
#1584 = EDGE_CURVE ( 'NONE', #217, #1359, #1093, .T. ) ;
#1585 = AXIS2_PLACEMENT_3D ( 'NONE', #1266, #303, #1047 ) ;
#1586 = VERTEX_POINT ( 'NONE', #1310 ) ;
#1587 = DIRECTION ( 'NONE',  ( -1.000000000000000000, -0.000000000000000000, -0.000000000000000000 ) ) ;
#1588 = EDGE_CURVE ( 'NONE', #164, #227, #310, .T. ) ;
#1589 = AXIS2_PLACEMENT_3D ( 'NONE', #51, #468, #295 ) ;
#1590 = CARTESIAN_POINT ( 'NONE',  ( -15.00000000000000000, -110.3325746222564163, 44.30795000097874237 ) ) ;
#1591 = DIRECTION ( 'NONE',  ( -1.000000000000000000, 0.000000000000000000, 0.000000000000000000 ) ) ;
#1592 = AXIS2_PLACEMENT_3D ( 'NONE', #45, #643, #1367 ) ;
#1593 = AXIS2_PLACEMENT_3D ( 'NONE', #912, #302, #1689 ) ;
#1594 = LINE ( 'NONE', #1579, #981 ) ;
#1595 = ORIENTED_EDGE ( 'NONE', *, *, #2174, .F. ) ;
#1596 = AXIS2_PLACEMENT_3D ( 'NONE', #1769, #1003, #636 ) ;
#1597 = AXIS2_PLACEMENT_3D ( 'NONE', #735, #1291, #175 ) ;
#1598 = VERTEX_POINT ( 'NONE', #2054 ) ;
#1599 = DIRECTION ( 'NONE',  ( 0.000000000000000000, 0.000000000000000000, -1.000000000000000000 ) ) ;
#1600 = AXIS2_PLACEMENT_3D ( 'NONE', #370, #1927, #2340 ) ;
#1601 = ORIENTED_EDGE ( 'NONE', *, *, #1282, .F. ) ;
#1602 = CARTESIAN_POINT ( 'NONE',  ( 15.00000000000000178, -41.56506430974823019, 98.37084864696210218 ) ) ;
#1603 = ADVANCED_FACE ( 'NONE', ( #1895 ), #1871, .F. ) ;
#1604 = DIRECTION ( 'NONE',  ( 0.000000000000000000, 0.000000000000000000, 1.000000000000000000 ) ) ;
#1605 = ORIENTED_EDGE ( 'NONE', *, *, #945, .F. ) ;
#1606 = CARTESIAN_POINT ( 'NONE',  ( -3.000000000000000000, 0.000000000000000000, 0.000000000000000000 ) ) ;
#1607 = EDGE_CURVE ( 'NONE', #347, #801, #523, .T. ) ;
#1608 = DIRECTION ( 'NONE',  ( -1.000000000000000000, 0.000000000000000000, 0.000000000000000000 ) ) ;
#1609 = DIRECTION ( 'NONE',  ( -1.000000000000000000, 0.000000000000000000, 0.000000000000000000 ) ) ;
#1610 = DIRECTION ( 'NONE',  ( 0.000000000000000000, 0.000000000000000000, 1.000000000000000000 ) ) ;
#1611 = EDGE_LOOP ( 'NONE', ( #2311, #311, #2286, #87 ) ) ;
#1612 = DIRECTION ( 'NONE',  ( 0.000000000000000000, 0.000000000000000000, 1.000000000000000000 ) ) ;
#1613 = VERTEX_POINT ( 'NONE', #931 ) ;
#1614 = FACE_OUTER_BOUND ( 'NONE', #813, .T. ) ;
#1615 = EDGE_CURVE ( 'NONE', #1275, #217, #1270, .T. ) ;
#1616 = CARTESIAN_POINT ( 'NONE',  ( -15.00000000000000000, 0.000000000000000000, 0.000000000000000000 ) ) ;
#1617 = CARTESIAN_POINT ( 'NONE',  ( 15.00000000000000178, -125.1163158262811379, 1.556724153337207150 ) ) ;
#1618 = LINE ( 'NONE', #1382, #615 ) ;
#1619 = ORIENTED_EDGE ( 'NONE', *, *, #2154, .T. ) ;
#1620 = ORIENTED_EDGE ( 'NONE', *, *, #1920, .T. ) ;
#1621 = CARTESIAN_POINT ( 'NONE',  ( 7.500000000000008882, -100.8822889185302500, 45.08895410832468542 ) ) ;
#1622 = ORIENTED_EDGE ( 'NONE', *, *, #350, .F. ) ;
#1623 = CARTESIAN_POINT ( 'NONE',  ( 10.08363775929436379, -11.33024655719470353, 129.5053107519269986 ) ) ;
#1624 = DIRECTION ( 'NONE',  ( 1.000000000000000000, -0.000000000000000000, -0.000000000000000000 ) ) ;
#1625 = ORIENTED_EDGE ( 'NONE', *, *, #1146, .T. ) ;
#1626 = LINE ( 'NONE', #1278, #1554 ) ;
#1627 = VECTOR ( 'NONE', #2059, 1000.000000000000000 ) ;
#1628 = FACE_OUTER_BOUND ( 'NONE', #548, .T. ) ;
#1629 =( GEOMETRIC_REPRESENTATION_CONTEXT ( 3 ) GLOBAL_UNCERTAINTY_ASSIGNED_CONTEXT ( ( #1542 ) ) GLOBAL_UNIT_ASSIGNED_CONTEXT ( ( #1164, #4, #206 ) ) REPRESENTATION_CONTEXT ( 'NONE', 'WORKASPACE' ) );
#1630 = CARTESIAN_POINT ( 'NONE',  ( 10.00000000000000178, -89.65867674592280423, 58.01551618978459146 ) ) ;
#1631 = ADVANCED_FACE ( 'NONE', ( #1709, #2492 ), #2078, .T. ) ;
#1632 = CIRCLE ( 'NONE', #1101, 58.50000000005852030 ) ;
#1633 = VECTOR ( 'NONE', #132, 1000.000000000000114 ) ;
#1634 = ORIENTED_EDGE ( 'NONE', *, *, #2190, .T. ) ;
#1635 = DIRECTION ( 'NONE',  ( -1.000000000000000000, 0.000000000000000000, 0.000000000000000000 ) ) ;
#1636 = AXIS2_PLACEMENT_3D ( 'NONE', #1666, #315, #2462 ) ;
#1637 = EDGE_LOOP ( 'NONE', ( #2282, #1818, #1357, #1876 ) ) ;
#1638 = CARTESIAN_POINT ( 'NONE',  ( 15.00000000000000178, -105.9741860749772400, -13.18902272130637776 ) ) ;
#1639 = VECTOR ( 'NONE', #1775, 1000.000000000000000 ) ;
#1640 = EDGE_LOOP ( 'NONE', ( #1450, #2360, #1043, #719 ) ) ;
#1641 = CARTESIAN_POINT ( 'NONE',  ( -3.000000000000000000, 0.000000000000000000, 0.000000000000000000 ) ) ;
#1642 = CARTESIAN_POINT ( 'NONE',  ( -15.00000000000000000, -81.26279228057404680, 99.05872231558582541 ) ) ;
#1643 = VECTOR ( 'NONE', #1977, 1000.000000000000000 ) ;
#1644 = DIRECTION ( 'NONE',  ( 1.000000000000000000, -0.000000000000000000, 0.000000000000000000 ) ) ;
#1645 = ADVANCED_FACE ( 'NONE', ( #2324 ), #1008, .T. ) ;
#1646 = ORIENTED_EDGE ( 'NONE', *, *, #116, .F. ) ;
#1647 = CARTESIAN_POINT ( 'NONE',  ( -15.00000000000000000, 0.000000000000000000, 0.000000000000000000 ) ) ;
#1648 = EDGE_CURVE ( 'NONE', #918, #2437, #2149, .T. ) ;
#1649 = ORIENTED_EDGE ( 'NONE', *, *, #1267, .F. ) ;
#1650 = CARTESIAN_POINT ( 'NONE',  ( -3.000000000000000000, -105.9741860749772400, 45.31097727875214076 ) ) ;
#1651 = ORIENTED_EDGE ( 'NONE', *, *, #880, .T. ) ;
#1652 = CARTESIAN_POINT ( 'NONE',  ( -15.00000000000000000, -124.4018351038945411, 13.79846902766793804 ) ) ;
#1653 = DIRECTION ( 'NONE',  ( 0.000000000000000000, 0.000000000000000000, 1.000000000000000000 ) ) ;
#1654 = SURFACE_STYLE_FILL_AREA ( #874 ) ;
#1655 = ORIENTED_EDGE ( 'NONE', *, *, #877, .F. ) ;
#1656 = DIRECTION ( 'NONE',  ( -1.000000000000000000, 0.000000000000000000, 0.000000000000000000 ) ) ;
#1657 = EDGE_CURVE ( 'NONE', #1144, #1929, #457, .T. ) ;
#1658 = VERTEX_POINT ( 'NONE', #1735 ) ;
#1659 = CYLINDRICAL_SURFACE ( 'NONE', #2123, 125.1260000001251314 ) ;
#1660 = EDGE_CURVE ( 'NONE', #1108, #705, #785, .T. ) ;
#1661 = ORIENTED_EDGE ( 'NONE', *, *, #2015, .F. ) ;
#1662 = DIRECTION ( 'NONE',  ( 0.000000000000000000, 0.000000000000000000, -1.000000000000000000 ) ) ;
#1663 = ORIENTED_EDGE ( 'NONE', *, *, #2193, .F. ) ;
#1664 = DIRECTION ( 'NONE',  ( -1.000000000000000000, -0.000000000000000000, 0.000000000000000000 ) ) ;
#1665 = VECTOR ( 'NONE', #1280, 1000.000000000000000 ) ;
#1666 = CARTESIAN_POINT ( 'NONE',  ( 10.00000000000000178, 31.39087612225167945, 102.0739503050336765 ) ) ;
#1667 = AXIS2_PLACEMENT_3D ( 'NONE', #100, #9, #1578 ) ;
#1668 = ORIENTED_EDGE ( 'NONE', *, *, #758, .F. ) ;
#1669 = DIRECTION ( 'NONE',  ( 0.000000000000000000, 0.000000000000000000, 1.000000000000000000 ) ) ;
#1670 = CIRCLE ( 'NONE', #1993, 1.750000000000001554 ) ;
#1671 = ORIENTED_EDGE ( 'NONE', *, *, #1048, .F. ) ;
#1672 = FACE_OUTER_BOUND ( 'NONE', #2209, .T. ) ;
#1673 = DIRECTION ( 'NONE',  ( 0.000000000000000000, 0.000000000000000000, 1.000000000000000000 ) ) ;
#1674 = VECTOR ( 'NONE', #429, 1000.000000000000000 ) ;
#1675 = EDGE_CURVE ( 'NONE', #1492, #1009, #2169, .T. ) ;
#1676 = CIRCLE ( 'NONE', #129, 58.50000000005852030 ) ;
#1677 = ORIENTED_EDGE ( 'NONE', *, *, #1726, .F. ) ;
#1678 = CARTESIAN_POINT ( 'NONE',  ( 20.00000000000000000, 0.000000000000000000, 0.000000000000000000 ) ) ;
#1679 = VERTEX_POINT ( 'NONE', #1348 ) ;
#1680 = FACE_BOUND ( 'NONE', #2267, .T. ) ;
#1681 = AXIS2_PLACEMENT_3D ( 'NONE', #1060, #1046, #1415 ) ;
#1682 = DIRECTION ( 'NONE',  ( 0.000000000000000000, 0.000000000000000000, -1.000000000000000000 ) ) ;
#1683 = ORIENTED_EDGE ( 'NONE', *, *, #2443, .F. ) ;
#1684 = DIRECTION ( 'NONE',  ( 0.000000000000000000, 0.000000000000000000, -1.000000000000000000 ) ) ;
#1685 = VERTEX_POINT ( 'NONE', #15 ) ;
#1686 = CARTESIAN_POINT ( 'NONE',  ( 15.00000000000000178, -105.9741860749772400, 45.31097727875214076 ) ) ;
#1687 = ORIENTED_EDGE ( 'NONE', *, *, #485, .F. ) ;
#1688 = CYLINDRICAL_SURFACE ( 'NONE', #1512, 1.749999999999975575 ) ;
#1689 = DIRECTION ( 'NONE',  ( 0.000000000000000000, 0.000000000000000000, 1.000000000000000000 ) ) ;
#1690 = CARTESIAN_POINT ( 'NONE',  ( -15.00000000000000000, 0.000000000000000000, 140.0000000000000284 ) ) ;
#1691 = ADVANCED_FACE ( 'NONE', ( #971 ), #1965, .T. ) ;
#1692 = EDGE_CURVE ( 'NONE', #2136, #1945, #1782, .T. ) ;
#1693 = DIRECTION ( 'NONE',  ( 1.000000000000000000, 0.000000000000000000, -0.000000000000000000 ) ) ;
#1694 = ORIENTED_EDGE ( 'NONE', *, *, #1584, .F. ) ;
#1695 = ORIENTED_EDGE ( 'NONE', *, *, #863, .T. ) ;
#1696 = DIRECTION ( 'NONE',  ( 0.000000000000000000, 0.000000000000000000, -1.000000000000000000 ) ) ;
#1697 = DIRECTION ( 'NONE',  ( -1.000000000000000000, -0.000000000000000000, -0.000000000000000000 ) ) ;
#1698 = ORIENTED_EDGE ( 'NONE', *, *, #1004, .T. ) ;
#1699 = LINE ( 'NONE', #172, #455 ) ;
#1700 = FACE_OUTER_BOUND ( 'NONE', #326, .T. ) ;
#1701 = CARTESIAN_POINT ( 'NONE',  ( -3.000000000000000000, 0.000000000000000000, 0.000000000000000000 ) ) ;
#1702 = EDGE_CURVE ( 'NONE', #1275, #1706, #1151, .T. ) ;
#1703 = AXIS2_PLACEMENT_3D ( 'NONE', #1290, #1100, #55 ) ;
#1704 = CARTESIAN_POINT ( 'NONE',  ( 0.000000000000000000, -90.81349549406573374, 86.37187064868867026 ) ) ;
#1705 = ADVANCED_FACE ( 'NONE', ( #575 ), #2129, .F. ) ;
#1706 = VERTEX_POINT ( 'NONE', #1185 ) ;
#1707 = AXIS2_PLACEMENT_3D ( 'NONE', #873, #465, #1653 ) ;
#1708 = EDGE_LOOP ( 'NONE', ( #2103, #1279, #1839, #508 ) ) ;
#1709 = FACE_BOUND ( 'NONE', #2463, .T. ) ;
#1710 = CARTESIAN_POINT ( 'NONE',  ( -3.000000000000000000, -107.1792749824045927, 26.88592595151813924 ) ) ;
#1711 = CIRCLE ( 'NONE', #2034, 10.00000000000000178 ) ;
#1712 = EDGE_LOOP ( 'NONE', ( #27, #610, #2115, #752 ) ) ;
#1713 = FACE_OUTER_BOUND ( 'NONE', #1756, .T. ) ;
#1714 = DIRECTION ( 'NONE',  ( -1.000000000000000000, 0.000000000000000000, 0.000000000000000000 ) ) ;
#1715 = AXIS2_PLACEMENT_3D ( 'NONE', #223, #18, #582 ) ;
#1716 = DIRECTION ( 'NONE',  ( 1.000000000000000000, -0.000000000000000000, -0.000000000000000000 ) ) ;
#1717 = VECTOR ( 'NONE', #2458, 999.9999999999998863 ) ;
#1718 = CIRCLE ( 'NONE', #1350, 58.50000000005850609 ) ;
#1719 = LINE ( 'NONE', #2500, #1467 ) ;
#1720 = ORIENTED_EDGE ( 'NONE', *, *, #2338, .F. ) ;
#1721 = AXIS2_PLACEMENT_3D ( 'NONE', #2312, #420, #385 ) ;
#1722 = EDGE_CURVE ( 'NONE', #2067, #1021, #1924, .T. ) ;
#1723 = ORIENTED_EDGE ( 'NONE', *, *, #1006, .F. ) ;
#1724 = CARTESIAN_POINT ( 'NONE',  ( 5.000000000000001776, -129.5053107519269986, 9.580246557194719514 ) ) ;
#1725 = CARTESIAN_POINT ( 'NONE',  ( 10.00000000000000178, -105.9741860749772400, 45.31097727875214076 ) ) ;
#1726 = EDGE_CURVE ( 'NONE', #693, #2339, #499, .T. ) ;
#1727 = ORIENTED_EDGE ( 'NONE', *, *, #1282, .T. ) ;
#1728 = CARTESIAN_POINT ( 'NONE',  ( -15.00000000000000000, 0.000000000000000000, 0.000000000000000000 ) ) ;
#1729 = DIRECTION ( 'NONE',  ( 0.000000000000000000, 0.000000000000000000, 1.000000000000000000 ) ) ;
#1730 = DIRECTION ( 'NONE',  ( 1.000000000000000000, -0.000000000000000000, -0.000000000000000000 ) ) ;
#1731 = CARTESIAN_POINT ( 'NONE',  ( 5.000000000000001776, -91.92388155425116736, 91.92388155425118157 ) ) ;
#1732 = DIRECTION ( 'NONE',  ( 1.000000000000000000, -0.000000000000000000, 0.000000000000000000 ) ) ;
#1733 = ORIENTED_EDGE ( 'NONE', *, *, #2333, .T. ) ;
#1734 = ORIENTED_EDGE ( 'NONE', *, *, #81, .F. ) ;
#1735 = CARTESIAN_POINT ( 'NONE',  ( 10.00000000000000178, -61.20999524966549643, 109.1322700101452341 ) ) ;
#1736 = EDGE_CURVE ( 'NONE', #2339, #61, #624, .T. ) ;
#1737 = FACE_OUTER_BOUND ( 'NONE', #1453, .T. ) ;
#1738 = VERTEX_POINT ( 'NONE', #393 ) ;
#1739 = DIRECTION ( 'NONE',  ( 1.000000000000000000, -0.000000000000000000, 0.000000000000000000 ) ) ;
#1740 = DIRECTION ( 'NONE',  ( 1.000000000000000000, -0.000000000000000000, -0.000000000000000000 ) ) ;
#1741 = DIRECTION ( 'NONE',  ( 0.000000000000000000, 0.000000000000000000, 1.000000000000000000 ) ) ;
#1742 = DIRECTION ( 'NONE',  ( 0.000000000000000000, 0.000000000000000000, -1.000000000000000000 ) ) ;
#1743 = ORIENTED_EDGE ( 'NONE', *, *, #961, .F. ) ;
#1744 = VERTEX_POINT ( 'NONE', #230 ) ;
#1745 = CARTESIAN_POINT ( 'NONE',  ( 10.00000000000000355, 0.000000000000000000, 0.000000000000000000 ) ) ;
#1746 = ORIENTED_EDGE ( 'NONE', *, *, #1191, .T. ) ;
#1747 = DIRECTION ( 'NONE',  ( 0.000000000000000000, 0.000000000000000000, 1.000000000000000000 ) ) ;
#1748 = VECTOR ( 'NONE', #2261, 1000.000000000000000 ) ;
#1749 = FACE_OUTER_BOUND ( 'NONE', #152, .T. ) ;
#1750 = EDGE_CURVE ( 'NONE', #347, #2528, #704, .T. ) ;
#1751 = CIRCLE ( 'NONE', #2156, 58.50000000005850609 ) ;
#1752 = DIRECTION ( 'NONE',  ( 0.000000000000000000, 0.000000000000000000, 1.000000000000000000 ) ) ;
#1753 = CARTESIAN_POINT ( 'NONE',  ( -3.000000000000000000, -109.1322700101458878, 61.20999524966430272 ) ) ;
#1754 = LINE ( 'NONE', #1972, #778 ) ;
#1755 = PRESENTATION_LAYER_ASSIGNMENT (  '', '', ( #7 ) ) ;
#1756 = EDGE_LOOP ( 'NONE', ( #409, #1743, #1059, #504 ) ) ;
#1757 = VECTOR ( 'NONE', #2171, 1000.000000000000000 ) ;
#1758 = ORIENTED_EDGE ( 'NONE', *, *, #993, .F. ) ;
#1759 = DIRECTION ( 'NONE',  ( -1.000000000000000000, 0.000000000000000000, -0.000000000000000000 ) ) ;
#1760 = AXIS2_PLACEMENT_3D ( 'NONE', #1638, #470, #103 ) ;
#1761 = EDGE_LOOP ( 'NONE', ( #962, #1576, #201, #277 ) ) ;
#1762 = LINE ( 'NONE', #795, #11 ) ;
#1763 = CARTESIAN_POINT ( 'NONE',  ( -15.00000000000000000, -95.81982761952293970, 83.85446222626019619 ) ) ;
#1764 = CARTESIAN_POINT ( 'NONE',  ( -15.00000000000000000, -44.30795000097871394, 110.3325746222564305 ) ) ;
#1765 = ORIENTED_EDGE ( 'NONE', *, *, #1325, .F. ) ;
#1766 = CARTESIAN_POINT ( 'NONE',  ( 15.00000000000000178, -123.4858401664030509, 20.19314622412434801 ) ) ;
#1767 = DIRECTION ( 'NONE',  ( 0.000000000000000000, 0.000000000000000000, -1.000000000000000000 ) ) ;
#1768 = EDGE_CURVE ( 'NONE', #266, #2128, #765, .T. ) ;
#1769 = CARTESIAN_POINT ( 'NONE',  ( 10.00000000000000178, -5.413572461060430996, 106.6544498265585048 ) ) ;
#1770 = ORIENTED_EDGE ( 'NONE', *, *, #1844, .F. ) ;
#1771 = EDGE_CURVE ( 'NONE', #2189, #1237, #745, .T. ) ;
#1772 = EDGE_LOOP ( 'NONE', ( #1016, #520 ) ) ;
#1773 = CARTESIAN_POINT ( 'NONE',  ( 10.00000000000000178, 0.000000000000000000, 0.000000000000000000 ) ) ;
#1774 = ORIENTED_EDGE ( 'NONE', *, *, #988, .T. ) ;
#1775 = DIRECTION ( 'NONE',  ( -1.000000000000000000, 0.000000000000000000, 0.000000000000000000 ) ) ;
#1776 = DIRECTION ( 'NONE',  ( 1.000000000000000000, -0.000000000000000000, -0.000000000000000000 ) ) ;
#1777 = DIRECTION ( 'NONE',  ( -1.000000000000000000, -0.000000000000000000, 0.000000000000000000 ) ) ;
#1778 = CARTESIAN_POINT ( 'NONE',  ( -3.000000000000000000, -125.1260000001251314, -2.298527330853974181E-14 ) ) ;
#1779 = ORIENTED_EDGE ( 'NONE', *, *, #1271, .T. ) ;
#1780 = ADVANCED_FACE ( 'NONE', ( #1558 ), #589, .F. ) ;
#1781 = EDGE_LOOP ( 'NONE', ( #1347, #2050, #2074, #1480 ) ) ;
#1782 = LINE ( 'NONE', #753, #2256 ) ;
#1783 = AXIS2_PLACEMENT_3D ( 'NONE', #314, #1740, #953 ) ;
#1784 = EDGE_CURVE ( 'NONE', #693, #951, #297, .T. ) ;
#1785 = ORIENTED_EDGE ( 'NONE', *, *, #507, .F. ) ;
#1786 = DIRECTION ( 'NONE',  ( -1.000000000000000000, 0.000000000000000000, 0.000000000000000000 ) ) ;
#1787 = AXIS2_PLACEMENT_3D ( 'NONE', #1536, #715, #1155 ) ;
#1788 = ORIENTED_EDGE ( 'NONE', *, *, #1657, .F. ) ;
#1789 = FACE_OUTER_BOUND ( 'NONE', #1532, .T. ) ;
#1790 = DIRECTION ( 'NONE',  ( -1.000000000000000000, 0.000000000000000000, 0.000000000000000000 ) ) ;
#1791 = DIRECTION ( 'NONE',  ( -1.000000000000000000, 0.000000000000000000, 0.000000000000000000 ) ) ;
#1792 = ORIENTED_EDGE ( 'NONE', *, *, #1675, .F. ) ;
#1793 = AXIS2_PLACEMENT_3D ( 'NONE', #625, #1195, #1960 ) ;
#1794 = AXIS2_PLACEMENT_3D ( 'NONE', #1165, #2357, #1203 ) ;
#1795 = ORIENTED_EDGE ( 'NONE', *, *, #1722, .T. ) ;
#1796 = DIRECTION ( 'NONE',  ( 1.000000000000000000, -0.000000000000000000, 0.000000000000000000 ) ) ;
#1797 = ADVANCED_FACE ( 'NONE', ( #628 ), #1819, .F. ) ;
#1798 = AXIS2_PLACEMENT_3D ( 'NONE', #1445, #682, #474 ) ;
#1799 = ORIENTED_EDGE ( 'NONE', *, *, #2427, .F. ) ;
#1800 = DIRECTION ( 'NONE',  ( -1.000000000000000000, 0.000000000000000000, 0.000000000000000000 ) ) ;
#1801 = ADVANCED_FACE ( 'NONE', ( #1256 ), #1019, .F. ) ;
#1802 = AXIS2_PLACEMENT_3D ( 'NONE', #1583, #599, #181 ) ;
#1803 = DIRECTION ( 'NONE',  ( -1.000000000000000000, 0.000000000000000000, -0.000000000000000000 ) ) ;
#1804 = CARTESIAN_POINT ( 'NONE',  ( -15.00000000000000000, -20.31741800103385032, 125.7731779286696252 ) ) ;
#1805 = DIRECTION ( 'NONE',  ( -1.000000000000000000, 0.000000000000000000, 0.000000000000000000 ) ) ;
#1806 = LINE ( 'NONE', #1983, #405 ) ;
#1807 = ORIENTED_EDGE ( 'NONE', *, *, #1004, .F. ) ;
#1808 = CARTESIAN_POINT ( 'NONE',  ( 10.00000000000000178, -125.1260000001251314, 0.000000000000000000 ) ) ;
#1809 = CARTESIAN_POINT ( 'NONE',  ( 10.00000000000000178, -140.0000000000000284, -140.0000000000000284 ) ) ;
#1810 = EDGE_CURVE ( 'NONE', #418, #33, #1424, .T. ) ;
#1811 = ORIENTED_EDGE ( 'NONE', *, *, #1443, .T. ) ;
#1812 = CYLINDRICAL_SURFACE ( 'NONE', #1434, 1.750000000000001554 ) ;
#1813 = EDGE_CURVE ( 'NONE', #995, #461, #853, .T. ) ;
#1814 = ORIENTED_EDGE ( 'NONE', *, *, #1660, .T. ) ;
#1815 = DIRECTION ( 'NONE',  ( 1.000000000000000000, -0.000000000000000000, -0.000000000000000000 ) ) ;
#1816 = CYLINDRICAL_SURFACE ( 'NONE', #1585, 2.999999999999968026 ) ;
#1817 = DIRECTION ( 'NONE',  ( 0.000000000000000000, 0.000000000000000000, -1.000000000000000000 ) ) ;
#1818 = ORIENTED_EDGE ( 'NONE', *, *, #475, .F. ) ;
#1819 = CYLINDRICAL_SURFACE ( 'NONE', #1338, 125.1260000001251314 ) ;
#1820 = ORIENTED_EDGE ( 'NONE', *, *, #37, .T. ) ;
#1821 = CARTESIAN_POINT ( 'NONE',  ( 15.00000000000000178, 0.000000000000000000, 0.000000000000000000 ) ) ;
#1822 = ORIENTED_EDGE ( 'NONE', *, *, #961, .T. ) ;
#1823 = DIRECTION ( 'NONE',  ( 0.000000000000000000, 0.000000000000000000, -1.000000000000000000 ) ) ;
#1824 = AXIS2_PLACEMENT_3D ( 'NONE', #2343, #1940, #1604 ) ;
#1825 = DIRECTION ( 'NONE',  ( 0.000000000000000000, 0.000000000000000000, 1.000000000000000000 ) ) ;
#1826 = EDGE_CURVE ( 'NONE', #1494, #2371, #123, .T. ) ;
#1827 = CARTESIAN_POINT ( 'NONE',  ( -2.999999999999999112, -125.7731779286696252, 20.31741800103393558 ) ) ;
#1828 = AXIS2_PLACEMENT_3D ( 'NONE', #834, #432, #1833 ) ;
#1829 = ADVANCED_FACE ( 'NONE', ( #2000 ), #479, .F. ) ;
#1830 = CLOSED_SHELL ( 'NONE', ( #2270, #849, #1376, #1971, #2475, #367, #2079, #2093, #2439, #1142, #2107, #1096, #1079, #666, #258, #1116, #228, #1440, #1468, #1311, #551, #1171, #1239, #1705, #194, #1314, #2140, #1531, #909, #1452, #1901, #1372, #1421, #1327, #1801, #2461, #2302, #1603, #940, #799, #2160, #2517, #1829, #519, #1294, #261, #1355, #2400, #460, #318, #269, #1361, #1389, #112, #1780, #1797, #2284, #1476, #572, #925, #1631, #1126, #1569, #292, #2257, #1645, #240, #42, #650, #2472, #2415, #208, #1691, #555, #383 ) ) ;
#1831 = VECTOR ( 'NONE', #1269, 1000.000000000000000 ) ;
#1832 = EDGE_LOOP ( 'NONE', ( #2479, #2218 ) ) ;
#1833 = DIRECTION ( 'NONE',  ( 0.000000000000000000, 0.000000000000000000, 1.000000000000000000 ) ) ;
#1834 = AXIS2_PLACEMENT_3D ( 'NONE', #749, #712, #360 ) ;
#1835 = ORIENTED_EDGE ( 'NONE', *, *, #2489, .F. ) ;
#1836 = DIRECTION ( 'NONE',  ( 0.000000000000000000, 0.000000000000000000, 1.000000000000000000 ) ) ;
#1837 = DIRECTION ( 'NONE',  ( 1.000000000000000000, -0.000000000000000000, -0.000000000000000000 ) ) ;
#1838 = AXIS2_PLACEMENT_3D ( 'NONE', #1623, #1451, #64 ) ;
#1839 = ORIENTED_EDGE ( 'NONE', *, *, #1813, .F. ) ;
#1840 = DIRECTION ( 'NONE',  ( 0.000000000000000000, 0.4492457435080635109, 0.8934082280457725789 ) ) ;
#1841 = CARTESIAN_POINT ( 'NONE',  ( 15.00000000000000178, -95.07224920698212145, -48.63893363677416914 ) ) ;
#1842 = CIRCLE ( 'NONE', #581, 9.999999999999980460 ) ;
#1843 = CARTESIAN_POINT ( 'NONE',  ( 5.000000000000001776, -11.33024655719470353, 127.7553107519269986 ) ) ;
#1844 = EDGE_CURVE ( 'NONE', #1318, #2039, #1179, .T. ) ;
#1845 = EDGE_CURVE ( 'NONE', #450, #598, #2446, .T. ) ;
#1846 = VERTEX_POINT ( 'NONE', #1449 ) ;
#1847 = LINE ( 'NONE', #1868, #814 ) ;
#1848 = EDGE_CURVE ( 'NONE', #1929, #1322, #611, .T. ) ;
#1849 = ORIENTED_EDGE ( 'NONE', *, *, #725, .F. ) ;
#1850 = CARTESIAN_POINT ( 'NONE',  ( -2.999999999999999112, -13.79846902766792915, 124.4018351038945411 ) ) ;
#1851 = ORIENTED_EDGE ( 'NONE', *, *, #692, .F. ) ;
#1852 = CARTESIAN_POINT ( 'NONE',  ( -15.00000000000000000, -129.5053107519269986, 11.33024655719469465 ) ) ;
#1853 = CARTESIAN_POINT ( 'NONE',  ( 10.00000000000000178, -44.25514247077578034, 117.0384477038321336 ) ) ;
#1854 = CARTESIAN_POINT ( 'NONE',  ( -2.999999999999999112, -20.31741800103385032, 125.7731779286696252 ) ) ;
#1855 = CYLINDRICAL_SURFACE ( 'NONE', #248, 128.1260000001251456 ) ;
#1856 = ORIENTED_EDGE ( 'NONE', *, *, #428, .T. ) ;
#1857 = CARTESIAN_POINT ( 'NONE',  ( 10.00000000000000355, 0.000000000000000000, 0.000000000000000000 ) ) ;
#1858 = EDGE_CURVE ( 'NONE', #601, #2303, #2417, .T. ) ;
#1859 = ORIENTED_EDGE ( 'NONE', *, *, #1102, .T. ) ;
#1860 = DIRECTION ( 'NONE',  ( 0.000000000000000000, 0.000000000000000000, 1.000000000000000000 ) ) ;
#1861 = EDGE_LOOP ( 'NONE', ( #1225, #2476, #1005, #1799 ) ) ;
#1862 = FACE_OUTER_BOUND ( 'NONE', #497, .T. ) ;
#1863 = ORIENTED_EDGE ( 'NONE', *, *, #1358, .T. ) ;
#1864 = DIRECTION ( 'NONE',  ( 1.000000000000000000, -0.000000000000000000, -0.000000000000000000 ) ) ;
#1865 = AXIS2_PLACEMENT_3D ( 'NONE', #517, #1714, #964 ) ;
#1866 = PLANE ( 'NONE',  #2413 ) ;
#1867 = ORIENTED_EDGE ( 'NONE', *, *, #2208, .T. ) ;
#1868 = CARTESIAN_POINT ( 'NONE',  ( -3.000000000000000000, -20.31741800103385032, 125.7731779286696252 ) ) ;
#1869 = CIRCLE ( 'NONE', #1593, 125.1260000001251314 ) ;
#1870 = ORIENTED_EDGE ( 'NONE', *, *, #541, .F. ) ;
#1871 = CYLINDRICAL_SURFACE ( 'NONE', #906, 125.1260000001251314 ) ;
#1872 = EDGE_CURVE ( 'NONE', #833, #1598, #445, .T. ) ;
#1873 = CARTESIAN_POINT ( 'NONE',  ( -15.00000000000000000, -110.3325746222564163, 44.30795000097874237 ) ) ;
#1874 = CIRCLE ( 'NONE', #2157, 9.999999999999994671 ) ;
#1875 = AXIS2_PLACEMENT_3D ( 'NONE', #1630, #660, #1253 ) ;
#1876 = ORIENTED_EDGE ( 'NONE', *, *, #802, .F. ) ;
#1877 = CARTESIAN_POINT ( 'NONE',  ( -3.000000000000000000, -26.88592595151929032, 107.1792749824043085 ) ) ;
#1878 = VERTEX_POINT ( 'NONE', #1052 ) ;
#1879 = CARTESIAN_POINT ( 'NONE',  ( 5.000000000000001776, -129.5053107519269986, 11.33024655719469465 ) ) ;
#1880 = AXIS2_PLACEMENT_3D ( 'NONE', #1454, #2213, #1264 ) ;
#1881 = AXIS2_PLACEMENT_3D ( 'NONE', #154, #2263, #1296 ) ;
#1882 = DIRECTION ( 'NONE',  ( 1.000000000000000000, -0.000000000000000000, 0.000000000000000000 ) ) ;
#1883 = ORIENTED_EDGE ( 'NONE', *, *, #1112, .F. ) ;
#1884 = VERTEX_POINT ( 'NONE', #639 ) ;
#1885 = DIRECTION ( 'NONE',  ( 1.000000000000000000, -0.000000000000000000, 0.000000000000000000 ) ) ;
#1886 = EDGE_CURVE ( 'NONE', #1887, #1409, #1135, .T. ) ;
#1887 = VERTEX_POINT ( 'NONE', #1399 ) ;
#1888 = DIRECTION ( 'NONE',  ( 0.000000000000000000, 0.000000000000000000, 1.000000000000000000 ) ) ;
#1889 = CARTESIAN_POINT ( 'NONE',  ( -15.00000000000000000, -8.013312686065319213, 124.9079707005098498 ) ) ;
#1890 = EDGE_CURVE ( 'NONE', #1287, #1275, #867, .T. ) ;
#1891 = CARTESIAN_POINT ( 'NONE',  ( 10.00000000000000355, -30.30574261291997473, 106.2629378697195222 ) ) ;
#1892 = CARTESIAN_POINT ( 'NONE',  ( -2.999999999999999112, -83.85446222626016777, 95.81982761952296812 ) ) ;
#1893 = ORIENTED_EDGE ( 'NONE', *, *, #914, .T. ) ;
#1894 = VERTEX_POINT ( 'NONE', #1808 ) ;
#1895 = FACE_OUTER_BOUND ( 'NONE', #1973, .T. ) ;
#1896 = CARTESIAN_POINT ( 'NONE',  ( -3.000000000000000000, -8.013312686065306778, 124.9079707005098498 ) ) ;
#1897 = ORIENTED_EDGE ( 'NONE', *, *, #1419, .F. ) ;
#1898 = FACE_OUTER_BOUND ( 'NONE', #235, .T. ) ;
#1899 = DIRECTION ( 'NONE',  ( 0.000000000000000000, 0.000000000000000000, -1.000000000000000000 ) ) ;
#1900 =( NAMED_UNIT ( * ) SI_UNIT ( $, .STERADIAN. ) SOLID_ANGLE_UNIT ( ) );
#1901 = ADVANCED_FACE ( 'NONE', ( #62 ), #2426, .F. ) ;
#1902 = AXIS2_PLACEMENT_3D ( 'NONE', #2387, #1406, #2187 ) ;
#1903 = DIRECTION ( 'NONE',  ( 0.000000000000000000, 0.000000000000000000, 1.000000000000000000 ) ) ;
#1904 = ORIENTED_EDGE ( 'NONE', *, *, #1248, .T. ) ;
#1905 = EDGE_CURVE ( 'NONE', #1035, #1894, #2402, .T. ) ;
#1906 = VECTOR ( 'NONE', #308, 1000.000000000000000 ) ;
#1907 = ORIENTED_EDGE ( 'NONE', *, *, #521, .F. ) ;
#1908 = DIRECTION ( 'NONE',  ( 1.000000000000000000, -0.000000000000000000, -0.000000000000000000 ) ) ;
#1909 = DIRECTION ( 'NONE',  ( 1.000000000000000000, -0.000000000000000000, -0.000000000000000000 ) ) ;
#1910 = AXIS2_PLACEMENT_3D ( 'NONE', #1943, #2396, #19 ) ;
#1911 = AXIS2_PLACEMENT_3D ( 'NONE', #1011, #822, #1673 ) ;
#1912 = VERTEX_POINT ( 'NONE', #443 ) ;
#1913 = CYLINDRICAL_SURFACE ( 'NONE', #1145, 3.000000000000002665 ) ;
#1914 = CARTESIAN_POINT ( 'NONE',  ( 15.00000000000000178, -122.9451955416885767, 23.25929425514176430 ) ) ;
#1915 = AXIS2_PLACEMENT_3D ( 'NONE', #439, #2188, #2347 ) ;
#1916 = CIRCLE ( 'NONE', #169, 2.999999999999968026 ) ;
#1917 = DIRECTION ( 'NONE',  ( 0.000000000000000000, 0.000000000000000000, 1.000000000000000000 ) ) ;
#1918 = DIRECTION ( 'NONE',  ( 1.000000000000000000, -0.000000000000000000, -0.000000000000000000 ) ) ;
#1919 = CIRCLE ( 'NONE', #1798, 110.5000000001104894 ) ;
#1920 = EDGE_CURVE ( 'NONE', #648, #418, #1254, .T. ) ;
#1921 = AXIS2_PLACEMENT_3D ( 'NONE', #26, #821, #806 ) ;
#1922 = DIRECTION ( 'NONE',  ( -1.000000000000000000, 0.000000000000000000, 0.000000000000000000 ) ) ;
#1923 = ORIENTED_EDGE ( 'NONE', *, *, #1419, .T. ) ;
#1924 = CIRCLE ( 'NONE', #1721, 3.000000000000002665 ) ;
#1925 = EDGE_CURVE ( 'NONE', #1021, #2067, #733, .T. ) ;
#1926 = EDGE_LOOP ( 'NONE', ( #1470, #1727, #1081, #1758 ) ) ;
#1927 = DIRECTION ( 'NONE',  ( 0.000000000000000000, 0.9785820767750125215, 0.2058570353782049611 ) ) ;
#1928 = CYLINDRICAL_SURFACE ( 'NONE', #899, 1.750000000000001554 ) ;
#1929 = VERTEX_POINT ( 'NONE', #361 ) ;
#1930 = CARTESIAN_POINT ( 'NONE',  ( 5.000000000000001776, -129.5053107519269986, 11.33024655719469465 ) ) ;
#1931 = CARTESIAN_POINT ( 'NONE',  ( 10.00000000000000178, -41.32945807179381603, 118.1033097399186005 ) ) ;
#1932 = CARTESIAN_POINT ( 'NONE',  ( 7.500000000000008882, -110.2196730112685970, 7.865982539609829516 ) ) ;
#1933 = DIRECTION ( 'NONE',  ( 0.000000000000000000, 0.000000000000000000, -1.000000000000000000 ) ) ;
#1934 = VERTEX_POINT ( 'NONE', #1550 ) ;
#1935 = ORIENTED_EDGE ( 'NONE', *, *, #791, .T. ) ;
#1936 = CARTESIAN_POINT ( 'NONE',  ( 10.00000000000000355, 0.000000000000000000, 0.000000000000000000 ) ) ;
#1937 = EDGE_CURVE ( 'NONE', #1182, #2182, #876, .T. ) ;
#1938 = EDGE_LOOP ( 'NONE', ( #1351, #1646 ) ) ;
#1939 = CYLINDRICAL_SURFACE ( 'NONE', #2297, 58.50000000005850609 ) ;
#1940 = DIRECTION ( 'NONE',  ( -1.000000000000000000, 0.000000000000000000, 0.000000000000000000 ) ) ;
#1941 = EDGE_CURVE ( 'NONE', #403, #598, #2196, .T. ) ;
#1942 = CARTESIAN_POINT ( 'NONE',  ( -3.000000000000000000, -7.865982539610988589, 110.2196730112685117 ) ) ;
#1943 = CARTESIAN_POINT ( 'NONE',  ( -3.000000000000000000, -23.85167898359664918, 104.0940720899153007 ) ) ;
#1944 = FACE_OUTER_BOUND ( 'NONE', #395, .T. ) ;
#1945 = VERTEX_POINT ( 'NONE', #1139 ) ;
#1946 = CIRCLE ( 'NONE', #1824, 9.999999999999994671 ) ;
#1947 = ORIENTED_EDGE ( 'NONE', *, *, #2259, .T. ) ;
#1948 = CARTESIAN_POINT ( 'NONE',  ( 10.08363775929436379, -91.92388155425116736, 88.92388155425118157 ) ) ;
#1949 = EDGE_CURVE ( 'NONE', #574, #2362, #1711, .T. ) ;
#1950 = ORIENTED_EDGE ( 'NONE', *, *, #1236, .F. ) ;
#1951 = CARTESIAN_POINT ( 'NONE',  ( 10.00000000000000178, -98.37084864696252851, 41.56506430974724253 ) ) ;
#1952 = AXIS2_PLACEMENT_3D ( 'NONE', #278, #818, #1209 ) ;
#1953 = DIRECTION ( 'NONE',  ( 0.000000000000000000, 0.000000000000000000, -1.000000000000000000 ) ) ;
#1954 = DIRECTION ( 'NONE',  ( 0.000000000000000000, 0.000000000000000000, 1.000000000000000000 ) ) ;
#1955 = EDGE_CURVE ( 'NONE', #461, #1504, #187, .T. ) ;
#1956 = AXIS2_PLACEMENT_3D ( 'NONE', #188, #343, #1742 ) ;
#1957 = CARTESIAN_POINT ( 'NONE',  ( -15.00000000000000000, -81.26279228057404680, 99.05872231558582541 ) ) ;
#1958 = CARTESIAN_POINT ( 'NONE',  ( -15.00000000000000000, -91.32737018444231580, 74.92037994580248039 ) ) ;
#1959 = CIRCLE ( 'NONE', #1956, 1.750000000000001554 ) ;
#1960 = DIRECTION ( 'NONE',  ( 0.000000000000000000, 0.000000000000000000, 1.000000000000000000 ) ) ;
#1961 = CIRCLE ( 'NONE', #1058, 110.5000000001104752 ) ;
#1962 = ORIENTED_EDGE ( 'NONE', *, *, #1937, .F. ) ;
#1963 = CIRCLE ( 'NONE', #1388, 1.750000000000001554 ) ;
#1964 = VERTEX_POINT ( 'NONE', #509 ) ;
#1965 = CYLINDRICAL_SURFACE ( 'NONE', #2380, 9.999999999999994671 ) ;
#1966 = AXIS2_PLACEMENT_3D ( 'NONE', #2394, #1413, #2195 ) ;
#1967 = ORIENTED_EDGE ( 'NONE', *, *, #802, .T. ) ;
#1968 = CARTESIAN_POINT ( 'NONE',  ( 5.000000000000001776, -11.33024655719470353, 129.5053107519269986 ) ) ;
#1969 = LINE ( 'NONE', #1001, #1024 ) ;
#1970 = CARTESIAN_POINT ( 'NONE',  ( -2.999999999999999112, -99.05872231558578278, 81.26279228057408943 ) ) ;
#1971 = ADVANCED_FACE ( 'NONE', ( #317 ), #1089, .F. ) ;
#1972 = CARTESIAN_POINT ( 'NONE',  ( 15.00000000000000178, -106.6544498265585474, 63.91357246111783752 ) ) ;
#1973 = EDGE_LOOP ( 'NONE', ( #1113, #1482, #366, #294 ) ) ;
#1974 = ORIENTED_EDGE ( 'NONE', *, *, #1675, .T. ) ;
#1975 = DIRECTION ( 'NONE',  ( 0.000000000000000000, 0.000000000000000000, -1.000000000000000000 ) ) ;
#1976 = ORIENTED_EDGE ( 'NONE', *, *, #306, .T. ) ;
#1977 = DIRECTION ( 'NONE',  ( -1.000000000000000000, 0.000000000000000000, 0.000000000000000000 ) ) ;
#1978 = CARTESIAN_POINT ( 'NONE',  ( 0.000000000000000000, -13.79846902766792915, 124.4018351038945411 ) ) ;
#1979 = FACE_OUTER_BOUND ( 'NONE', #714, .T. ) ;
#1980 = CARTESIAN_POINT ( 'NONE',  ( -15.00000000000000000, -91.92388155425116736, 91.92388155425118157 ) ) ;
#1981 = CARTESIAN_POINT ( 'NONE',  ( 5.000000000000001776, -91.92388155425116736, 90.17388155425118157 ) ) ;
#1982 = EDGE_CURVE ( 'NONE', #1359, #801, #363, .T. ) ;
#1983 = CARTESIAN_POINT ( 'NONE',  ( -15.00000000000000000, -91.92388155425116736, 93.67388155425118157 ) ) ;
#1984 = EDGE_CURVE ( 'NONE', #2223, #1414, #1847, .T. ) ;
#1985 = VERTEX_POINT ( 'NONE', #2436 ) ;
#1986 = DIRECTION ( 'NONE',  ( 1.000000000000000000, -0.000000000000000000, -0.000000000000000000 ) ) ;
#1987 = VECTOR ( 'NONE', #1301, 1000.000000000000000 ) ;
#1988 = ORIENTED_EDGE ( 'NONE', *, *, #891, .T. ) ;
#1989 = FACE_OUTER_BOUND ( 'NONE', #1861, .T. ) ;
#1990 = CARTESIAN_POINT ( 'NONE',  ( 7.500000000000008882, -7.865982539610981483, 110.2196730112685259 ) ) ;
#1991 = DIRECTION ( 'NONE',  ( 0.000000000000000000, -1.000000000000000000, 0.000000000000000000 ) ) ;
#1992 = DIRECTION ( 'NONE',  ( 0.000000000000000000, 0.000000000000000000, 1.000000000000000000 ) ) ;
#1993 = AXIS2_PLACEMENT_3D ( 'NONE', #557, #1732, #775 ) ;
#1994 = DIRECTION ( 'NONE',  ( 0.000000000000000000, 0.000000000000000000, 1.000000000000000000 ) ) ;
#1995 = ORIENTED_EDGE ( 'NONE', *, *, #1949, .F. ) ;
#1996 = VECTOR ( 'NONE', #850, 1000.000000000000000 ) ;
#1997 = EDGE_CURVE ( 'NONE', #2254, #2212, #498, .T. ) ;
#1998 = AXIS2_PLACEMENT_3D ( 'NONE', #2386, #872, #2432 ) ;
#1999 = VERTEX_POINT ( 'NONE', #379 ) ;
#2000 = FACE_OUTER_BOUND ( 'NONE', #1926, .T. ) ;
#2001 = AXIS2_PLACEMENT_3D ( 'NONE', #2383, #1587, #220 ) ;
#2002 = EDGE_CURVE ( 'NONE', #2265, #805, #1095, .T. ) ;
#2003 = VECTOR ( 'NONE', #1320, 1000.000000000000000 ) ;
#2004 = ORIENTED_EDGE ( 'NONE', *, *, #863, .F. ) ;
#2005 = CYLINDRICAL_SURFACE ( 'NONE', #1838, 3.000000000000002665 ) ;
#2006 = EDGE_CURVE ( 'NONE', #1110, #2062, #1257, .T. ) ;
#2007 = EDGE_LOOP ( 'NONE', ( #2141, #927, #707, #875 ) ) ;
#2008 = CARTESIAN_POINT ( 'NONE',  ( 10.00000000000000178, -23.25929425514300419, 122.9451955416883493 ) ) ;
#2009 = DIRECTION ( 'NONE',  ( 1.000000000000000000, -0.000000000000000000, 0.000000000000000000 ) ) ;
#2010 = DIRECTION ( 'NONE',  ( 1.000000000000000000, -0.000000000000000000, -0.000000000000000000 ) ) ;
#2011 = ORIENTED_EDGE ( 'NONE', *, *, #6, .T. ) ;
#2012 = DIRECTION ( 'NONE',  ( 0.000000000000000000, 0.000000000000000000, -1.000000000000000000 ) ) ;
#2013 = EDGE_LOOP ( 'NONE', ( #1661, #1410, #2468, #1444 ) ) ;
#2014 = CARTESIAN_POINT ( 'NONE',  ( 10.00000000000000355, 0.000000000000000000, 0.000000000000000000 ) ) ;
#2015 = EDGE_CURVE ( 'NONE', #918, #354, #2406, .T. ) ;
#2016 = ORIENTED_EDGE ( 'NONE', *, *, #771, .F. ) ;
#2017 = DIRECTION ( 'NONE',  ( 0.000000000000000000, 0.000000000000000000, -1.000000000000000000 ) ) ;
#2018 = EDGE_CURVE ( 'NONE', #1878, #1586, #484, .T. ) ;
#2019 = LINE ( 'NONE', #1074, #280 ) ;
#2020 = DIRECTION ( 'NONE',  ( 0.000000000000000000, 0.000000000000000000, 1.000000000000000000 ) ) ;
#2021 = ORIENTED_EDGE ( 'NONE', *, *, #98, .F. ) ;
#2022 = DIRECTION ( 'NONE',  ( -1.000000000000000000, 0.000000000000000000, 0.000000000000000000 ) ) ;
#2023 = ORIENTED_EDGE ( 'NONE', *, *, #2150, .T. ) ;
#2024 = CARTESIAN_POINT ( 'NONE',  ( -15.00000000000000000, -11.33024655719470353, 129.5053107519269986 ) ) ;
#2025 = CARTESIAN_POINT ( 'NONE',  ( -3.000000000000000000, -106.6544498265585474, 5.413572461059314556 ) ) ;
#2026 = CIRCLE ( 'NONE', #74, 110.5000000001104752 ) ;
#2027 = EDGE_CURVE ( 'NONE', #705, #1144, #2237, .T. ) ;
#2028 = ORIENTED_EDGE ( 'NONE', *, *, #1982, .F. ) ;
#2029 = LINE ( 'NONE', #56, #864 ) ;
#2030 = CARTESIAN_POINT ( 'NONE',  ( 10.00000000000000178, -95.07224920698212145, -48.63893363677416914 ) ) ;
#2031 = EDGE_CURVE ( 'NONE', #2506, #2518, #556, .T. ) ;
#2032 = AXIS2_PLACEMENT_3D ( 'NONE', #202, #1759, #1599 ) ;
#2033 = CARTESIAN_POINT ( 'NONE',  ( 10.00000000000000178, 0.000000000000000000, 0.000000000000000000 ) ) ;
#2034 = AXIS2_PLACEMENT_3D ( 'NONE', #702, #2332, #111 ) ;
#2035 = CIRCLE ( 'NONE', #491, 10.00000000000000888 ) ;
#2036 = AXIS2_PLACEMENT_3D ( 'NONE', #2375, #2178, #2145 ) ;
#2037 = ORIENTED_EDGE ( 'NONE', *, *, #819, .F. ) ;
#2038 = CARTESIAN_POINT ( 'NONE',  ( 15.00000000000000178, -107.5755458568078069, 63.90632057661553489 ) ) ;
#2039 = VERTEX_POINT ( 'NONE', #1078 ) ;
#2040 = CYLINDRICAL_SURFACE ( 'NONE', #296, 58.50000000005852030 ) ;
#2041 = DIRECTION ( 'NONE',  ( 0.000000000000000000, 0.000000000000000000, 1.000000000000000000 ) ) ;
#2042 = AXIS2_PLACEMENT_3D ( 'NONE', #2274, #1082, #1276 ) ;
#2043 = ORIENTED_EDGE ( 'NONE', *, *, #1407, .T. ) ;
#2044 = CARTESIAN_POINT ( 'NONE',  ( 10.00000000000000355, 0.000000000000000000, 0.000000000000000000 ) ) ;
#2045 = DIRECTION ( 'NONE',  ( -1.000000000000000000, 0.000000000000000000, 0.000000000000000000 ) ) ;
#2046 = CARTESIAN_POINT ( 'NONE',  ( 5.000000000000001776, -91.92388155425116736, 91.92388155425118157 ) ) ;
#2047 = VECTOR ( 'NONE', #780, 1000.000000000000000 ) ;
#2048 = CARTESIAN_POINT ( 'NONE',  ( 10.00000000000000178, 0.000000000000000000, 0.000000000000000000 ) ) ;
#2049 = EDGE_CURVE ( 'NONE', #1884, #1846, #1326, .T. ) ;
#2050 = ORIENTED_EDGE ( 'NONE', *, *, #1102, .F. ) ;
#2051 = CARTESIAN_POINT ( 'NONE',  ( -3.000000000000000000, 31.39087612225167945, 102.0739503050336765 ) ) ;
#2052 = EDGE_CURVE ( 'NONE', #2437, #933, #691, .T. ) ;
#2053 = ORIENTED_EDGE ( 'NONE', *, *, #1267, .T. ) ;
#2054 = CARTESIAN_POINT ( 'NONE',  ( 10.00000000000000178, -61.92197721066230542, 91.52004555476706571 ) ) ;
#2055 = CARTESIAN_POINT ( 'NONE',  ( -3.000000000000000000, -99.38602809437821861, 48.29769580060605705 ) ) ;
#2056 = ORIENTED_EDGE ( 'NONE', *, *, #723, .T. ) ;
#2057 = DIRECTION ( 'NONE',  ( -0.000000000000000000, 1.000000000000000000, -0.000000000000000000 ) ) ;
#2058 = DIRECTION ( 'NONE',  ( 1.000000000000000000, -0.000000000000000000, -0.000000000000000000 ) ) ;
#2059 = DIRECTION ( 'NONE',  ( 1.000000000000000000, -0.000000000000000000, -0.000000000000000000 ) ) ;
#2060 = CARTESIAN_POINT ( 'NONE',  ( -3.000000000000000000, -11.39296477138500485, 109.9111020495309248 ) ) ;
#2061 = EDGE_CURVE ( 'NONE', #433, #1484, #567, .T. ) ;
#2062 = VERTEX_POINT ( 'NONE', #389 ) ;
#2063 = CARTESIAN_POINT ( 'NONE',  ( -3.000000000000000000, 48.63893363677317438, 95.07224920698261883 ) ) ;
#2064 = EDGE_CURVE ( 'NONE', #1484, #1887, #243, .T. ) ;
#2065 = EDGE_LOOP ( 'NONE', ( #1555, #324, #1687, #689 ) ) ;
#2066 = DIRECTION ( 'NONE',  ( -1.000000000000000000, 0.000000000000000000, -0.000000000000000000 ) ) ;
#2067 = VERTEX_POINT ( 'NONE', #798 ) ;
#2068 = CARTESIAN_POINT ( 'NONE',  ( -15.00000000000000000, -74.92037994580245197, 91.32737018444234423 ) ) ;
#2069 = FACE_OUTER_BOUND ( 'NONE', #441, .T. ) ;
#2070 = LINE ( 'NONE', #1497, #2403 ) ;
#2071 = CIRCLE ( 'NONE', #1783, 58.50000000005852030 ) ;
#2072 = CARTESIAN_POINT ( 'NONE',  ( 10.00000000000000355, -79.37701191820112001, 76.87353236948447943 ) ) ;
#2073 = AXIS2_PLACEMENT_3D ( 'NONE', #1166, #839, #1767 ) ;
#2074 = ORIENTED_EDGE ( 'NONE', *, *, #711, .T. ) ;
#2075 = EDGE_CURVE ( 'NONE', #102, #1159, #438, .T. ) ;
#2076 = CIRCLE ( 'NONE', #2410, 58.50000000005852741 ) ;
#2077 = ORIENTED_EDGE ( 'NONE', *, *, #1872, .T. ) ;
#2078 = PLANE ( 'NONE',  #174 ) ;
#2079 = ADVANCED_FACE ( 'NONE', ( #1178 ), #1204, .F. ) ;
#2080 = AXIS2_PLACEMENT_3D ( 'NONE', #494, #2201, #673 ) ;
#2081 = VECTOR ( 'NONE', #351, 1000.000000000000000 ) ;
#2082 = ORIENTED_EDGE ( 'NONE', *, *, #1499, .F. ) ;
#2083 = DIRECTION ( 'NONE',  ( 0.000000000000000000, 0.000000000000000000, 1.000000000000000000 ) ) ;
#2084 = CARTESIAN_POINT ( 'NONE',  ( -15.00000000000000000, -91.32737018444231580, 74.92037994580248039 ) ) ;
#2085 = AXIS2_PLACEMENT_3D ( 'NONE', #847, #1432, #1072 ) ;
#2086 = CARTESIAN_POINT ( 'NONE',  ( 10.00000000000000178, 0.000000000000000000, -140.0000000000000284 ) ) ;
#2087 = AXIS2_PLACEMENT_3D ( 'NONE', #908, #501, #335 ) ;
#2088 = DIRECTION ( 'NONE',  ( -1.000000000000000000, 0.000000000000000000, 0.000000000000000000 ) ) ;
#2089 = ORIENTED_EDGE ( 'NONE', *, *, #1491, .T. ) ;
#2090 = VERTEX_POINT ( 'NONE', #2177 ) ;
#2091 = DIRECTION ( 'NONE',  ( 1.000000000000000000, -0.000000000000000000, 0.000000000000000000 ) ) ;
#2092 = DIRECTION ( 'NONE',  ( -1.000000000000000000, 0.000000000000000000, 0.000000000000000000 ) ) ;
#2093 = ADVANCED_FACE ( 'NONE', ( #1565 ), #237, .F. ) ;
#2094 = VERTEX_POINT ( 'NONE', #2144 ) ;
#2095 = LINE ( 'NONE', #137, #133 ) ;
#2096 = CARTESIAN_POINT ( 'NONE',  ( -3.000000000000000000, 0.000000000000000000, 0.000000000000000000 ) ) ;
#2097 = EDGE_CURVE ( 'NONE', #851, #943, #651, .T. ) ;
#2098 =( LENGTH_UNIT ( ) NAMED_UNIT ( * ) SI_UNIT ( .MILLI., .METRE. ) );
#2099 = CYLINDRICAL_SURFACE ( 'NONE', #449, 1.750000000000001554 ) ;
#2100 = EDGE_LOOP ( 'NONE', ( #640, #2151, #203, #192 ) ) ;
#2101 = VERTEX_POINT ( 'NONE', #595 ) ;
#2102 = DIRECTION ( 'NONE',  ( 0.000000000000000000, 0.000000000000000000, -1.000000000000000000 ) ) ;
#2103 = ORIENTED_EDGE ( 'NONE', *, *, #2221, .F. ) ;
#2104 = DIRECTION ( 'NONE',  ( -1.000000000000000000, -0.000000000000000000, -0.000000000000000000 ) ) ;
#2105 = DIRECTION ( 'NONE',  ( 1.000000000000000000, -0.000000000000000000, -0.000000000000000000 ) ) ;
#2106 = CARTESIAN_POINT ( 'NONE',  ( 15.00000000000000178, -79.23069769562810905, 96.84530147970680503 ) ) ;
#2107 = ADVANCED_FACE ( 'NONE', ( #978 ), #29, .F. ) ;
#2108 = VECTOR ( 'NONE', #58, 1000.000000000000000 ) ;
#2109 = CARTESIAN_POINT ( 'NONE',  ( 10.00000000000000178, -117.0384477038326168, 44.25514247077457952 ) ) ;
#2110 = ORIENTED_EDGE ( 'NONE', *, *, #57, .F. ) ;
#2111 = VECTOR ( 'NONE', #1986, 1000.000000000000000 ) ;
#2112 = ORIENTED_EDGE ( 'NONE', *, *, #837, .T. ) ;
#2113 = DIRECTION ( 'NONE',  ( 0.000000000000000000, 0.000000000000000000, -1.000000000000000000 ) ) ;
#2114 = CARTESIAN_POINT ( 'NONE',  ( -3.000000000000000000, 0.000000000000000000, 125.1260000001251314 ) ) ;
#2115 = ORIENTED_EDGE ( 'NONE', *, *, #2349, .T. ) ;
#2116 = CARTESIAN_POINT ( 'NONE',  ( -15.00000000000000000, -22.37598835481592374, 115.9873571609195153 ) ) ;
#2117 = DIRECTION ( 'NONE',  ( 0.000000000000000000, -0.2058570353782049334, 0.9785820767750124105 ) ) ;
#2118 = CIRCLE ( 'NONE', #1020, 58.50000000005852030 ) ;
#2119 = VECTOR ( 'NONE', #1716, 1000.000000000000000 ) ;
#2120 = CARTESIAN_POINT ( 'NONE',  ( -3.000000000000000000, -117.0384477038326452, 44.25514247077457952 ) ) ;
#2121 = DIRECTION ( 'NONE',  ( -1.000000000000000000, 0.000000000000000000, 0.000000000000000000 ) ) ;
#2122 = CIRCLE ( 'NONE', #170, 10.00000000000000888 ) ;
#2123 = AXIS2_PLACEMENT_3D ( 'NONE', #1821, #2438, #1247 ) ;
#2124 = CARTESIAN_POINT ( 'NONE',  ( 15.00000000000000178, -72.70319596766385928, 78.22227132143696338 ) ) ;
#2125 = EDGE_CURVE ( 'NONE', #1110, #2067, #635, .T. ) ;
#2126 = ORIENTED_EDGE ( 'NONE', *, *, #2388, .T. ) ;
#2127 = EDGE_CURVE ( 'NONE', #2303, #842, #40, .T. ) ;
#2128 = VERTEX_POINT ( 'NONE', #1970 ) ;
#2129 = CYLINDRICAL_SURFACE ( 'NONE', #1065, 110.5000000001104894 ) ;
#2130 = ORIENTED_EDGE ( 'NONE', *, *, #1607, .T. ) ;
#2131 = DIRECTION ( 'NONE',  ( 1.000000000000000000, -0.000000000000000000, -0.000000000000000000 ) ) ;
#2132 = DIRECTION ( 'NONE',  ( 0.000000000000000000, 0.9279685171134824939, 0.3726585987820544288 ) ) ;
#2133 = FACE_OUTER_BOUND ( 'NONE', #2013, .T. ) ;
#2134 = DIRECTION ( 'NONE',  ( -1.000000000000000000, 0.000000000000000000, -0.000000000000000000 ) ) ;
#2135 = DIRECTION ( 'NONE',  ( -1.000000000000000000, -0.000000000000000000, 0.000000000000000000 ) ) ;
#2136 = VERTEX_POINT ( 'NONE', #2373 ) ;
#2137 = EDGE_CURVE ( 'NONE', #1598, #1878, #2161, .T. ) ;
#2138 = VERTEX_POINT ( 'NONE', #1753 ) ;
#2139 = DIRECTION ( 'NONE',  ( -1.000000000000000000, 0.000000000000000000, 0.000000000000000000 ) ) ;
#2140 = ADVANCED_FACE ( 'NONE', ( #1002 ), #1194, .F. ) ;
#2141 = ORIENTED_EDGE ( 'NONE', *, *, #788, .T. ) ;
#2142 = CYLINDRICAL_SURFACE ( 'NONE', #1109, 110.5000000001104894 ) ;
#2143 = DIRECTION ( 'NONE',  ( -1.000000000000000000, -0.000000000000000000, -0.000000000000000000 ) ) ;
#2144 = CARTESIAN_POINT ( 'NONE',  ( -15.00000000000000000, -8.013312686065310331, 124.9079707005098498 ) ) ;
#2145 = DIRECTION ( 'NONE',  ( 0.000000000000000000, 0.000000000000000000, 1.000000000000000000 ) ) ;
#2146 = VERTEX_POINT ( 'NONE', #196 ) ;
#2147 = VECTOR ( 'NONE', #1154, 1000.000000000000000 ) ;
#2148 = ORIENTED_EDGE ( 'NONE', *, *, #740, .F. ) ;
#2149 = LINE ( 'NONE', #1948, #2335 ) ;
#2150 = EDGE_CURVE ( 'NONE', #1964, #2260, #162, .T. ) ;
#2151 = ORIENTED_EDGE ( 'NONE', *, *, #2125, .T. ) ;
#2152 = CARTESIAN_POINT ( 'NONE',  ( -15.00000000000000000, -140.0000000000000284, 0.000000000000000000 ) ) ;
#2153 = AXIS2_PLACEMENT_3D ( 'NONE', #1041, #1284, #2510 ) ;
#2154 = EDGE_CURVE ( 'NONE', #1196, #681, #623, .T. ) ;
#2155 = FACE_OUTER_BOUND ( 'NONE', #817, .T. ) ;
#2156 = AXIS2_PLACEMENT_3D ( 'NONE', #1496, #1190, #2172 ) ;
#2157 = AXIS2_PLACEMENT_3D ( 'NONE', #215, #1805, #1994 ) ;
#2158 = ORIENTED_EDGE ( 'NONE', *, *, #1358, .F. ) ;
#2159 = DIRECTION ( 'NONE',  ( 0.000000000000000000, 0.000000000000000000, 1.000000000000000000 ) ) ;
#2160 = ADVANCED_FACE ( 'NONE', ( #427 ), #828, .F. ) ;
#2161 = LINE ( 'NONE', #414, #1463 ) ;
#2162 = CIRCLE ( 'NONE', #372, 58.50000000005852030 ) ;
#2163 = DIRECTION ( 'NONE',  ( -1.000000000000000000, 0.000000000000000000, 0.000000000000000000 ) ) ;
#2164 = AXIS2_PLACEMENT_3D ( 'NONE', #2234, #488, #882 ) ;
#2165 = ORIENTED_EDGE ( 'NONE', *, *, #1941, .F. ) ;
#2166 = CIRCLE ( 'NONE', #703, 1.749999999999975575 ) ;
#2167 = ORIENTED_EDGE ( 'NONE', *, *, #510, .T. ) ;
#2168 = CARTESIAN_POINT ( 'NONE',  ( 10.00000000000000178, 0.000000000000000000, 0.000000000000000000 ) ) ;
#2169 = CIRCLE ( 'NONE', #830, 125.1260000001251314 ) ;
#2170 = ORIENTED_EDGE ( 'NONE', *, *, #213, .T. ) ;
#2171 = DIRECTION ( 'NONE',  ( -1.000000000000000000, 0.000000000000000000, 0.000000000000000000 ) ) ;
#2172 = DIRECTION ( 'NONE',  ( 0.000000000000000000, 0.000000000000000000, 1.000000000000000000 ) ) ;
#2173 = CYLINDRICAL_SURFACE ( 'NONE', #2361, 58.50000000005852741 ) ;
#2174 = EDGE_CURVE ( 'NONE', #574, #266, #1137, .T. ) ;
#2175 = ORIENTED_EDGE ( 'NONE', *, *, #1025, .T. ) ;
#2176 = CARTESIAN_POINT ( 'NONE',  ( -3.000000000000000000, 0.000000000000000000, 0.000000000000000000 ) ) ;
#2177 = CARTESIAN_POINT ( 'NONE',  ( -3.000000000000000000, -123.4858401664030509, 20.19314622412430893 ) ) ;
#2178 = DIRECTION ( 'NONE',  ( -1.000000000000000000, -0.000000000000000000, 0.000000000000000000 ) ) ;
#2179 = ORIENTED_EDGE ( 'NONE', *, *, #362, .F. ) ;
#2180 = ORIENTED_EDGE ( 'NONE', *, *, #819, .T. ) ;
#2181 = CARTESIAN_POINT ( 'NONE',  ( 10.00000000000000178, 0.000000000000000000, 0.000000000000000000 ) ) ;
#2182 = VERTEX_POINT ( 'NONE', #1216 ) ;
#2183 = CARTESIAN_POINT ( 'NONE',  ( 7.500000000000002665, -99.38602809437824703, 48.29769580060609968 ) ) ;
#2184 = APPLICATION_PROTOCOL_DEFINITION ( 'draft international standard', 'automotive_design', 1998, #2222 ) ;
#2185 = ORIENTED_EDGE ( 'NONE', *, *, #1810, .T. ) ;
#2186 = CYLINDRICAL_SURFACE ( 'NONE', #2452, 3.000000000000002665 ) ;
#2187 = DIRECTION ( 'NONE',  ( 0.000000000000000000, 0.000000000000000000, 1.000000000000000000 ) ) ;
#2188 = DIRECTION ( 'NONE',  ( 1.000000000000000000, -0.000000000000000000, -0.000000000000000000 ) ) ;
#2189 = VERTEX_POINT ( 'NONE', #250 ) ;
#2190 = EDGE_CURVE ( 'NONE', #2223, #442, #1027, .T. ) ;
#2191 = ORIENTED_EDGE ( 'NONE', *, *, #1692, .T. ) ;
#2192 = DIRECTION ( 'NONE',  ( 0.000000000000000000, 1.000000000000000000, 0.000000000000000000 ) ) ;
#2193 = EDGE_CURVE ( 'NONE', #2182, #102, #359, .T. ) ;
#2194 = ORIENTED_EDGE ( 'NONE', *, *, #2484, .F. ) ;
#2195 = DIRECTION ( 'NONE',  ( -1.000000000000000000, 0.000000000000000000, 0.000000000000000000 ) ) ;
#2196 = CIRCLE ( 'NONE', #77, 110.5000000001104894 ) ;
#2197 = VERTEX_POINT ( 'NONE', #2460 ) ;
#2198 = DIRECTION ( 'NONE',  ( 1.000000000000000000, -0.000000000000000000, -0.000000000000000000 ) ) ;
#2199 = CARTESIAN_POINT ( 'NONE',  ( 15.00000000000000178, 0.000000000000000000, 0.000000000000000000 ) ) ;
#2200 = VECTOR ( 'NONE', #2444, 1000.000000000000000 ) ;
#2201 = DIRECTION ( 'NONE',  ( -1.000000000000000000, 0.000000000000000000, 0.000000000000000000 ) ) ;
#2202 = CIRCLE ( 'NONE', #1425, 10.00000000000000888 ) ;
#2203 = EDGE_CURVE ( 'NONE', #2094, #164, #2019, .T. ) ;
#2204 = ORIENTED_EDGE ( 'NONE', *, *, #1845, .F. ) ;
#2205 = CARTESIAN_POINT ( 'NONE',  ( 10.00000000000000178, -106.6544498265585474, 5.413572461059314556 ) ) ;
#2206 = FACE_BOUND ( 'NONE', #120, .T. ) ;
#2207 = CIRCLE ( 'NONE', #825, 58.50000000005852030 ) ;
#2208 = EDGE_CURVE ( 'NONE', #933, #2437, #1013, .T. ) ;
#2209 = EDGE_LOOP ( 'NONE', ( #525, #1723, #316, #2299 ) ) ;
#2210 = FACE_OUTER_BOUND ( 'NONE', #52, .T. ) ;
#2211 = LINE ( 'NONE', #679, #1302 ) ;
#2212 = VERTEX_POINT ( 'NONE', #1242 ) ;
#2213 = DIRECTION ( 'NONE',  ( 1.000000000000000000, -0.000000000000000000, -0.000000000000000000 ) ) ;
#2214 = DIRECTION ( 'NONE',  ( -1.000000000000000000, 0.000000000000000000, 0.000000000000000000 ) ) ;
#2215 = DIRECTION ( 'NONE',  ( 1.000000000000000000, -0.000000000000000000, 0.000000000000000000 ) ) ;
#2216 = ORIENTED_EDGE ( 'NONE', *, *, #740, .T. ) ;
#2217 = DIRECTION ( 'NONE',  ( -1.000000000000000000, 0.000000000000000000, 0.000000000000000000 ) ) ;
#2218 = ORIENTED_EDGE ( 'NONE', *, *, #976, .F. ) ;
#2219 = FACE_OUTER_BOUND ( 'NONE', #2100, .T. ) ;
#2220 = FACE_OUTER_BOUND ( 'NONE', #1460, .T. ) ;
#2221 = EDGE_CURVE ( 'NONE', #1504, #1196, #2440, .T. ) ;
#2222 = APPLICATION_CONTEXT ( 'automotive_design' ) ;
#2223 = VERTEX_POINT ( 'NONE', #1854 ) ;
#2224 = CARTESIAN_POINT ( 'NONE',  ( 5.000000000000001776, -11.33024655719470353, 132.5053107519269986 ) ) ;
#2225 = DIRECTION ( 'NONE',  ( 0.000000000000000000, 0.000000000000000000, -1.000000000000000000 ) ) ;
#2226 = CARTESIAN_POINT ( 'NONE',  ( 10.00000000000000178, -7.865982539610981483, 110.2196730112685259 ) ) ;
#2227 = ORIENTED_EDGE ( 'NONE', *, *, #225, .T. ) ;
#2228 = DIRECTION ( 'NONE',  ( 0.000000000000000000, 0.000000000000000000, 1.000000000000000000 ) ) ;
#2229 = ORIENTED_EDGE ( 'NONE', *, *, #1784, .T. ) ;
#2230 = FACE_OUTER_BOUND ( 'NONE', #590, .T. ) ;
#2231 = VECTOR ( 'NONE', #1487, 1000.000000000000000 ) ;
#2232 = EDGE_CURVE ( 'NONE', #851, #1308, #1330, .T. ) ;
#2233 = ORIENTED_EDGE ( 'NONE', *, *, #10, .F. ) ;
#2234 = CARTESIAN_POINT ( 'NONE',  ( -3.000000000000000000, -98.37084864696252851, 41.56506430974724253 ) ) ;
#2235 = LINE ( 'NONE', #489, #1339 ) ;
#2236 = DIRECTION ( 'NONE',  ( 1.000000000000000000, -0.000000000000000000, 0.000000000000000000 ) ) ;
#2237 = CIRCLE ( 'NONE', #1298, 58.50000000005852030 ) ;
#2238 = EDGE_CURVE ( 'NONE', #1744, #2146, #476, .T. ) ;
#2239 = DIRECTION ( 'NONE',  ( 0.000000000000000000, 1.000000000000000000, -0.000000000000000000 ) ) ;
#2240 = VECTOR ( 'NONE', #1395, 1000.000000000000227 ) ;
#2241 = AXIS2_PLACEMENT_3D ( 'NONE', #796, #1574, #2368 ) ;
#2242 = VECTOR ( 'NONE', #547, 1000.000000000000114 ) ;
#2243 = VERTEX_POINT ( 'NONE', #1251 ) ;
#2244 = DIRECTION ( 'NONE',  ( 1.000000000000000000, 0.000000000000000000, -0.000000000000000000 ) ) ;
#2245 = DIRECTION ( 'NONE',  ( 0.000000000000000000, -0.3726585987820547063, -0.9279685171134823829 ) ) ;
#2246 = AXIS2_PLACEMENT_3D ( 'NONE', #1535, #1730, #530 ) ;
#2247 = EDGE_LOOP ( 'NONE', ( #1331, #2056, #281, #1192 ) ) ;
#2248 = CARTESIAN_POINT ( 'NONE',  ( 5.000000000000001776, 0.000000000000000000, 0.000000000000000000 ) ) ;
#2249 = CARTESIAN_POINT ( 'NONE',  ( -3.000000000000000000, -5.413572461060430996, 106.6544498265585048 ) ) ;
#2250 = CIRCLE ( 'NONE', #1228, 1.749999999999975575 ) ;
#2251 = CIRCLE ( 'NONE', #744, 10.00000000000000888 ) ;
#2252 = ORIENTED_EDGE ( 'NONE', *, *, #1937, .T. ) ;
#2253 = DIRECTION ( 'NONE',  ( -1.000000000000000000, 0.000000000000000000, -0.000000000000000000 ) ) ;
#2254 = VERTEX_POINT ( 'NONE', #452 ) ;
#2255 = CARTESIAN_POINT ( 'NONE',  ( -3.000000000000000000, -81.61573746989566303, 94.84401548477576682 ) ) ;
#2256 = VECTOR ( 'NONE', #2514, 1000.000000000000000 ) ;
#2257 = ADVANCED_FACE ( 'NONE', ( #108, #1680 ), #2423, .T. ) ;
#2258 = CARTESIAN_POINT ( 'NONE',  ( -15.00000000000000000, 0.000000000000000000, 0.000000000000000000 ) ) ;
#2259 = EDGE_CURVE ( 'NONE', #1035, #1613, #1130, .T. ) ;
#2260 = VERTEX_POINT ( 'NONE', #848 ) ;
#2261 = DIRECTION ( 'NONE',  ( -1.000000000000000000, 0.000000000000000000, 0.000000000000000000 ) ) ;
#2262 = EDGE_LOOP ( 'NONE', ( #1244, #1369, #219, #2350 ) ) ;
#2263 = DIRECTION ( 'NONE',  ( 1.000000000000000000, -0.000000000000000000, 0.000000000000000000 ) ) ;
#2264 = CARTESIAN_POINT ( 'NONE',  ( 10.00000000000000178, -125.1163158262811663, 1.556724153337210703 ) ) ;
#2265 = VERTEX_POINT ( 'NONE', #1061 ) ;
#2266 = CARTESIAN_POINT ( 'NONE',  ( -15.00000000000000000, -11.33024655719470353, 129.5053107519269986 ) ) ;
#2267 = EDGE_LOOP ( 'NONE', ( #1029, #1863 ) ) ;
#2268 = CYLINDRICAL_SURFACE ( 'NONE', #1703, 58.50000000005853451 ) ;
#2269 = CYLINDRICAL_SURFACE ( 'NONE', #1305, 58.50000000005852030 ) ;
#2270 = ADVANCED_FACE ( 'NONE', ( #1628 ), #1816, .F. ) ;
#2271 = EDGE_CURVE ( 'NONE', #1334, #171, #2026, .T. ) ;
#2272 = EDGE_LOOP ( 'NONE', ( #727, #1851, #2348, #16 ) ) ;
#2273 = ORIENTED_EDGE ( 'NONE', *, *, #976, .T. ) ;
#2274 = CARTESIAN_POINT ( 'NONE',  ( -10.00000000000000000, 0.000000000000000000, 0.000000000000000000 ) ) ;
#2275 = ORIENTED_EDGE ( 'NONE', *, *, #166, .T. ) ;
#2276 = CARTESIAN_POINT ( 'NONE',  ( -3.000000000000000000, -110.2196730112685970, 7.865982539609836621 ) ) ;
#2277 = DIRECTION ( 'NONE',  ( -1.000000000000000000, 0.000000000000000000, 0.000000000000000000 ) ) ;
#2278 = AXIS2_PLACEMENT_3D ( 'NONE', #1764, #823, #2132 ) ;
#2279 = DIRECTION ( 'NONE',  ( 0.000000000000000000, 0.000000000000000000, -1.000000000000000000 ) ) ;
#2280 = CYLINDRICAL_SURFACE ( 'NONE', #2283, 58.50000000005852030 ) ;
#2281 = AXIS2_PLACEMENT_3D ( 'NONE', #242, #267, #2392 ) ;
#2282 = ORIENTED_EDGE ( 'NONE', *, *, #1955, .T. ) ;
#2283 = AXIS2_PLACEMENT_3D ( 'NONE', #1344, #1156, #2321 ) ;
#2284 = ADVANCED_FACE ( 'NONE', ( #1038 ), #884, .F. ) ;
#2285 = VECTOR ( 'NONE', #2135, 1000.000000000000000 ) ;
#2286 = ORIENTED_EDGE ( 'NONE', *, *, #272, .T. ) ;
#2287 = PLANE ( 'NONE',  #949 ) ;
#2288 = CARTESIAN_POINT ( 'NONE',  ( -10.00000000000000000, 0.000000000000000000, 0.000000000000000000 ) ) ;
#2289 = AXIS2_PLACEMENT_3D ( 'NONE', #1378, #249, #1752 ) ;
#2290 = EDGE_CURVE ( 'NONE', #2339, #1322, #696, .T. ) ;
#2291 = AXIS2_PLACEMENT_3D ( 'NONE', #1117, #1524, #2307 ) ;
#2292 = ORIENTED_EDGE ( 'NONE', *, *, #1205, .F. ) ;
#2293 = FACE_OUTER_BOUND ( 'NONE', #2262, .T. ) ;
#2294 = CYLINDRICAL_SURFACE ( 'NONE', #1865, 58.50000000005853451 ) ;
#2295 = AXIS2_PLACEMENT_3D ( 'NONE', #1678, #2104, #1300 ) ;
#2296 = CARTESIAN_POINT ( 'NONE',  ( 7.500000000000008882, -107.1792749824046069, 26.88592595151823161 ) ) ;
#2297 = AXIS2_PLACEMENT_3D ( 'NONE', #1602, #193, #784 ) ;
#2298 = DIRECTION ( 'NONE',  ( 0.000000000000000000, 0.000000000000000000, 1.000000000000000000 ) ) ;
#2299 = ORIENTED_EDGE ( 'NONE', *, *, #2137, .F. ) ;
#2300 = ORIENTED_EDGE ( 'NONE', *, *, #66, .F. ) ;
#2301 = CARTESIAN_POINT ( 'NONE',  ( -3.000000000000000000, -41.56506430974823019, 98.37084864696210218 ) ) ;
#2302 = ADVANCED_FACE ( 'NONE', ( #80 ), #672, .F. ) ;
#2303 = VERTEX_POINT ( 'NONE', #2255 ) ;
#2304 = DIRECTION ( 'NONE',  ( 1.000000000000000000, -0.000000000000000000, 0.000000000000000000 ) ) ;
#2305 = EDGE_CURVE ( 'NONE', #2101, #851, #860, .T. ) ;
#2306 = DIRECTION ( 'NONE',  ( 1.000000000000000000, -0.000000000000000000, 0.000000000000000000 ) ) ;
#2307 = DIRECTION ( 'NONE',  ( 0.000000000000000000, 0.000000000000000000, -1.000000000000000000 ) ) ;
#2308 = DIRECTION ( 'NONE',  ( 1.000000000000000000, -0.000000000000000000, -0.000000000000000000 ) ) ;
#2309 = CARTESIAN_POINT ( 'NONE',  ( 10.00000000000000178, 0.000000000000000000, 0.000000000000000000 ) ) ;
#2310 = VERTEX_POINT ( 'NONE', #2433 ) ;
#2311 = ORIENTED_EDGE ( 'NONE', *, *, #1025, .F. ) ;
#2312 = CARTESIAN_POINT ( 'NONE',  ( 5.000000000000001776, -11.33024655719470353, 129.5053107519269986 ) ) ;
#2313 = DIRECTION ( 'NONE',  ( 0.000000000000000000, 0.000000000000000000, 1.000000000000000000 ) ) ;
#2314 = ORIENTED_EDGE ( 'NONE', *, *, #1702, .T. ) ;
#2315 = CARTESIAN_POINT ( 'NONE',  ( -3.000000000000000000, -95.81982761952293970, 83.85446222626019619 ) ) ;
#2316 = DIRECTION ( 'NONE',  ( -1.000000000000000000, 0.000000000000000000, 0.000000000000000000 ) ) ;
#2317 = EDGE_CURVE ( 'NONE', #2362, #681, #683, .T. ) ;
#2318 = DIRECTION ( 'NONE',  ( 0.000000000000000000, 0.000000000000000000, 1.000000000000000000 ) ) ;
#2319 = DIRECTION ( 'NONE',  ( 0.000000000000000000, 0.000000000000000000, -1.000000000000000000 ) ) ;
#2320 = AXIS2_PLACEMENT_3D ( 'NONE', #341, #2306, #1337 ) ;
#2321 = DIRECTION ( 'NONE',  ( 0.000000000000000000, 0.000000000000000000, 1.000000000000000000 ) ) ;
#2322 = ORIENTED_EDGE ( 'NONE', *, *, #587, .T. ) ;
#2323 = ORIENTED_EDGE ( 'NONE', *, *, #945, .T. ) ;
#2324 = FACE_OUTER_BOUND ( 'NONE', #1131, .T. ) ;
#2325 = DIRECTION ( 'NONE',  ( -1.000000000000000000, 0.000000000000000000, 0.000000000000000000 ) ) ;
#2326 = VECTOR ( 'NONE', #1693, 1000.000000000000000 ) ;
#2327 = ORIENTED_EDGE ( 'NONE', *, *, #2052, .T. ) ;
#2328 = CARTESIAN_POINT ( 'NONE',  ( 15.00000000000000178, -109.1322700101458736, 61.20999524966431693 ) ) ;
#2329 = CARTESIAN_POINT ( 'NONE',  ( -2.999999999999999112, -128.1260000001251456, 0.000000000000000000 ) ) ;
#2330 = VECTOR ( 'NONE', #979, 1000.000000000000000 ) ;
#2331 = DIRECTION ( 'NONE',  ( 1.000000000000000000, -0.000000000000000000, -0.000000000000000000 ) ) ;
#2332 = DIRECTION ( 'NONE',  ( 1.000000000000000000, -0.000000000000000000, -0.000000000000000000 ) ) ;
#2333 = EDGE_CURVE ( 'NONE', #171, #1912, #2071, .T. ) ;
#2334 = CIRCLE ( 'NONE', #741, 58.50000000005852030 ) ;
#2335 = VECTOR ( 'NONE', #804, 1000.000000000000000 ) ;
#2336 = DIRECTION ( 'NONE',  ( 0.000000000000000000, 0.000000000000000000, -1.000000000000000000 ) ) ;
#2337 = ORIENTED_EDGE ( 'NONE', *, *, #70, .T. ) ;
#2338 = EDGE_CURVE ( 'NONE', #91, #266, #1252, .T. ) ;
#2339 = VERTEX_POINT ( 'NONE', #1931 ) ;
#2340 = DIRECTION ( 'NONE',  ( 0.000000000000000000, -0.2058570353782049334, 0.9785820767750124105 ) ) ;
#2341 = VERTEX_POINT ( 'NONE', #185 ) ;
#2342 = CARTESIAN_POINT ( 'NONE',  ( 15.00000000000000178, 0.000000000000000000, 0.000000000000000000 ) ) ;
#2343 = CARTESIAN_POINT ( 'NONE',  ( -3.000000000000000000, -74.92037994580245197, 91.32737018444234423 ) ) ;
#2344 = DIRECTION ( 'NONE',  ( 0.000000000000000000, -0.3726585987820548174, -0.9279685171134824939 ) ) ;
#2345 = CARTESIAN_POINT ( 'NONE',  ( -15.00000000000000000, -74.92037994580245197, 91.32737018444234423 ) ) ;
#2346 = EDGE_CURVE ( 'NONE', #2138, #143, #565, .T. ) ;
#2347 = DIRECTION ( 'NONE',  ( 0.000000000000000000, 0.000000000000000000, 1.000000000000000000 ) ) ;
#2348 = ORIENTED_EDGE ( 'NONE', *, *, #2064, .F. ) ;
#2349 = EDGE_CURVE ( 'NONE', #794, #2260, #1136, .T. ) ;
#2350 = ORIENTED_EDGE ( 'NONE', *, *, #2052, .F. ) ;
#2351 = DIRECTION ( 'NONE',  ( 0.000000000000000000, 0.000000000000000000, -1.000000000000000000 ) ) ;
#2352 = ORIENTED_EDGE ( 'NONE', *, *, #179, .F. ) ;
#2353 = DIRECTION ( 'NONE',  ( -1.000000000000000000, 0.000000000000000000, 0.000000000000000000 ) ) ;
#2354 = APPLICATION_PROTOCOL_DEFINITION ( 'draft international standard', 'automotive_design', 1998, #2355 ) ;
#2355 = APPLICATION_CONTEXT ( 'automotive_design' ) ;
#2356 = ORIENTED_EDGE ( 'NONE', *, *, #2049, .F. ) ;
#2357 = DIRECTION ( 'NONE',  ( 1.000000000000000000, -0.000000000000000000, -0.000000000000000000 ) ) ;
#2358 = DIRECTION ( 'NONE',  ( 0.000000000000000000, 0.000000000000000000, -1.000000000000000000 ) ) ;
#2359 = CARTESIAN_POINT ( 'NONE',  ( 10.00000000000000178, -91.92388155425116736, 91.92388155425118157 ) ) ;
#2360 = ORIENTED_EDGE ( 'NONE', *, *, #394, .T. ) ;
#2361 = AXIS2_PLACEMENT_3D ( 'NONE', #619, #1546, #1212 ) ;
#2362 = VERTEX_POINT ( 'NONE', #139 ) ;
#2363 = CARTESIAN_POINT ( 'NONE',  ( -3.000000000000000000, 0.000000000000000000, 0.000000000000000000 ) ) ;
#2364 = EDGE_CURVE ( 'NONE', #1249, #2212, #1176, .T. ) ;
#2365 = ORIENTED_EDGE ( 'NONE', *, *, #288, .F. ) ;
#2366 = DIRECTION ( 'NONE',  ( 0.000000000000000000, 0.000000000000000000, -1.000000000000000000 ) ) ;
#2367 = AXIS2_PLACEMENT_3D ( 'NONE', #2181, #1222, #88 ) ;
#2368 = DIRECTION ( 'NONE',  ( 0.000000000000000000, 0.000000000000000000, 1.000000000000000000 ) ) ;
#2369 = EDGE_CURVE ( 'NONE', #1318, #1912, #1115, .T. ) ;
#2370 = CIRCLE ( 'NONE', #1261, 1.750000000000001554 ) ;
#2371 = VERTEX_POINT ( 'NONE', #1690 ) ;
#2372 = CARTESIAN_POINT ( 'NONE',  ( 10.00000000000000178, -63.90632057661667176, 107.5755458568071532 ) ) ;
#2373 = CARTESIAN_POINT ( 'NONE',  ( -15.00000000000000000, -129.5053107519269986, 13.08024655719467155 ) ) ;
#2374 = CIRCLE ( 'NONE', #1186, 110.5000000001105036 ) ;
#2375 = CARTESIAN_POINT ( 'NONE',  ( 15.00000000000000178, 0.000000000000000000, 0.000000000000000000 ) ) ;
#2376 = CIRCLE ( 'NONE', #1880, 125.1260000001251314 ) ;
#2377 = ORIENTED_EDGE ( 'NONE', *, *, #1886, .T. ) ;
#2378 = ORIENTED_EDGE ( 'NONE', *, *, #2412, .F. ) ;
#2379 = DIRECTION ( 'NONE',  ( 1.000000000000000000, -0.000000000000000000, -0.000000000000000000 ) ) ;
#2380 = AXIS2_PLACEMENT_3D ( 'NONE', #1371, #218, #1148 ) ;
#2381 = EDGE_CURVE ( 'NONE', #1196, #995, #2070, .T. ) ;
#2382 = ORIENTED_EDGE ( 'NONE', *, *, #914, .F. ) ;
#2383 = CARTESIAN_POINT ( 'NONE',  ( -10.00000000000000000, 0.000000000000000000, 0.000000000000000000 ) ) ;
#2384 = EDGE_CURVE ( 'NONE', #354, #933, #545, .T. ) ;
#2385 = ORIENTED_EDGE ( 'NONE', *, *, #2346, .F. ) ;
#2386 = CARTESIAN_POINT ( 'NONE',  ( 15.00000000000000178, -5.413572461060430996, 106.6544498265585048 ) ) ;
#2387 = CARTESIAN_POINT ( 'NONE',  ( -15.00000000000000000, 0.000000000000000000, 0.000000000000000000 ) ) ;
#2388 = EDGE_CURVE ( 'NONE', #61, #776, #888, .T. ) ;
#2389 = DIRECTION ( 'NONE',  ( 0.000000000000000000, 0.000000000000000000, 1.000000000000000000 ) ) ;
#2390 = PLANE ( 'NONE',  #1548 ) ;
#2391 = ORIENTED_EDGE ( 'NONE', *, *, #824, .F. ) ;
#2392 = DIRECTION ( 'NONE',  ( 0.000000000000000000, 0.000000000000000000, 1.000000000000000000 ) ) ;
#2393 = ORIENTED_EDGE ( 'NONE', *, *, #1034, .T. ) ;
#2394 = CARTESIAN_POINT ( 'NONE',  ( -15.00000000000000000, 0.000000000000000000, 0.000000000000000000 ) ) ;
#2395 = DIRECTION ( 'NONE',  ( 1.000000000000000000, -0.000000000000000000, -0.000000000000000000 ) ) ;
#2396 = DIRECTION ( 'NONE',  ( 1.000000000000000000, -0.000000000000000000, -0.000000000000000000 ) ) ;
#2397 = EDGE_CURVE ( 'NONE', #353, #2094, #358, .T. ) ;
#2398 = CARTESIAN_POINT ( 'NONE',  ( -15.00000000000000000, -11.73989867388585928, 134.1876558716446652 ) ) ;
#2399 = ORIENTED_EDGE ( 'NONE', *, *, #2521, .F. ) ;
#2400 = ADVANCED_FACE ( 'NONE', ( #158 ), #2294, .F. ) ;
#2401 = ORIENTED_EDGE ( 'NONE', *, *, #896, .T. ) ;
#2402 = LINE ( 'NONE', #1411, #2527 ) ;
#2403 = VECTOR ( 'NONE', #2470, 1000.000000000000000 ) ;
#2404 = EDGE_LOOP ( 'NONE', ( #1625, #1184 ) ) ;
#2405 = CARTESIAN_POINT ( 'NONE',  ( -3.000000000000000000, -115.9873571609195011, 22.37598835481598769 ) ) ;
#2406 = CIRCLE ( 'NONE', #1787, 3.000000000000002665 ) ;
#2407 = ORIENTED_EDGE ( 'NONE', *, *, #2203, .F. ) ;
#2408 = CARTESIAN_POINT ( 'NONE',  ( 10.00000000000000178, -64.40912176522991217, 85.18182592565635503 ) ) ;
#2409 = DIRECTION ( 'NONE',  ( 0.000000000000000000, 0.000000000000000000, 1.000000000000000000 ) ) ;
#2410 = AXIS2_PLACEMENT_3D ( 'NONE', #2025, #1624, #1057 ) ;
#2411 = FACE_OUTER_BOUND ( 'NONE', #1640, .T. ) ;
#2412 = EDGE_CURVE ( 'NONE', #2101, #919, #480, .T. ) ;
#2413 = AXIS2_PLACEMENT_3D ( 'NONE', #1435, #2239, #265 ) ;
#2414 = CIRCLE ( 'NONE', #2246, 58.50000000005852030 ) ;
#2415 = ADVANCED_FACE ( 'NONE', ( #1700 ), #554, .F. ) ;
#2416 = EDGE_LOOP ( 'NONE', ( #1083, #656, #1788, #930 ) ) ;
#2417 = LINE ( 'NONE', #649, #36 ) ;
#2418 = AXIS2_PLACEMENT_3D ( 'NONE', #1352, #3, #17 ) ;
#2419 = ORIENTED_EDGE ( 'NONE', *, *, #1905, .T. ) ;
#2420 = FACE_OUTER_BOUND ( 'NONE', #2416, .T. ) ;
#2421 = EDGE_LOOP ( 'NONE', ( #386, #1069, #49, #616 ) ) ;
#2422 = DIRECTION ( 'NONE',  ( 0.000000000000000000, 0.000000000000000000, 1.000000000000000000 ) ) ;
#2423 = PLANE ( 'NONE',  #1050 ) ;
#2424 = PLANE ( 'NONE',  #165 ) ;
#2425 = ORIENTED_EDGE ( 'NONE', *, *, #1551, .T. ) ;
#2426 = CYLINDRICAL_SURFACE ( 'NONE', #2281, 110.5000000001104894 ) ;
#2427 = EDGE_CURVE ( 'NONE', #801, #667, #1457, .T. ) ;
#2428 = ORIENTED_EDGE ( 'NONE', *, *, #754, .F. ) ;
#2429 = PLANE ( 'NONE',  #1966 ) ;
#2430 = DIRECTION ( 'NONE',  ( 0.000000000000000000, 0.000000000000000000, -1.000000000000000000 ) ) ;
#2431 = EDGE_LOOP ( 'NONE', ( #2457, #1795 ) ) ;
#2432 = DIRECTION ( 'NONE',  ( 0.000000000000000000, 0.000000000000000000, 1.000000000000000000 ) ) ;
#2433 = CARTESIAN_POINT ( 'NONE',  ( -3.000000000000000000, -61.20999524966548933, 109.1322700101452199 ) ) ;
#2434 = SURFACE_SIDE_STYLE ('',( #1654 ) ) ;
#2435 = VERTEX_POINT ( 'NONE', #1509 ) ;
#2436 = CARTESIAN_POINT ( 'NONE',  ( 10.00000000000000355, -48.29769580060712997, 99.38602809437772123 ) ) ;
#2437 = VERTEX_POINT ( 'NONE', #1315 ) ;
#2438 = DIRECTION ( 'NONE',  ( -1.000000000000000000, 0.000000000000000000, 0.000000000000000000 ) ) ;
#2439 = ADVANCED_FACE ( 'NONE', ( #2497 ), #748, .F. ) ;
#2440 = CIRCLE ( 'NONE', #810, 10.00000000000001243 ) ;
#2441 = ORIENTED_EDGE ( 'NONE', *, *, #408, .T. ) ;
#2442 = CARTESIAN_POINT ( 'NONE',  ( -15.00000000000000000, -91.92388155425116736, 91.92388155425118157 ) ) ;
#2443 = EDGE_CURVE ( 'NONE', #995, #2362, #759, .T. ) ;
#2444 = DIRECTION ( 'NONE',  ( -1.000000000000000000, 0.000000000000000000, 0.000000000000000000 ) ) ;
#2445 = DIRECTION ( 'NONE',  ( 0.000000000000000000, 0.000000000000000000, -1.000000000000000000 ) ) ;
#2446 = CIRCLE ( 'NONE', #1545, 58.50000000005852030 ) ;
#2447 = LINE ( 'NONE', #1039, #289 ) ;
#2448 = AXIS2_PLACEMENT_3D ( 'NONE', #1333, #2478, #2313 ) ;
#2449 = ADVANCED_BREP_SHAPE_REPRESENTATION ( 'Engrane de BAse Giratoria Version 2', ( #684, #1503 ), #1629 ) ;
#2450 = ORIENTED_EDGE ( 'NONE', *, *, #471, .T. ) ;
#2451 = CARTESIAN_POINT ( 'NONE',  ( 10.08363775929436379, -129.5053107519269986, 8.330246557194726620 ) ) ;
#2452 = AXIS2_PLACEMENT_3D ( 'NONE', #1577, #1193, #2159 ) ;
#2453 = ORIENTED_EDGE ( 'NONE', *, *, #824, .T. ) ;
#2454 = CARTESIAN_POINT ( 'NONE',  ( 15.00000000000000178, 0.000000000000000000, 0.000000000000000000 ) ) ;
#2455 = AXIS2_PLACEMENT_3D ( 'NONE', #2266, #1288, #325 ) ;
#2456 = CIRCLE ( 'NONE', #134, 9.999999999999994671 ) ;
#2457 = ORIENTED_EDGE ( 'NONE', *, *, #1925, .T. ) ;
#2458 = DIRECTION ( 'NONE',  ( 0.000000000000000000, 0.8934082280457715797, 0.4492457435080656758 ) ) ;
#2459 = ORIENTED_EDGE ( 'NONE', *, *, #213, .F. ) ;
#2460 = CARTESIAN_POINT ( 'NONE',  ( 10.00000000000000178, 0.000000000000000000, 125.1260000001251314 ) ) ;
#2461 = ADVANCED_FACE ( 'NONE', ( #769 ), #2268, .F. ) ;
#2462 = DIRECTION ( 'NONE',  ( 0.000000000000000000, 0.000000000000000000, -1.000000000000000000 ) ) ;
#2463 = EDGE_LOOP ( 'NONE', ( #957, #1622 ) ) ;
#2464 = DIRECTION ( 'NONE',  ( -1.000000000000000000, 0.000000000000000000, -0.000000000000000000 ) ) ;
#2465 = EDGE_LOOP ( 'NONE', ( #1259, #1974, #1811, #1077 ) ) ;
#2466 = DIRECTION ( 'NONE',  ( 1.000000000000000000, -0.000000000000000000, -0.000000000000000000 ) ) ;
#2467 = LINE ( 'NONE', #932, #287 ) ;
#2468 = ORIENTED_EDGE ( 'NONE', *, *, #2208, .F. ) ;
#2469 = DIRECTION ( 'NONE',  ( -1.000000000000000000, 0.000000000000000000, 0.000000000000000000 ) ) ;
#2470 = DIRECTION ( 'NONE',  ( -1.000000000000000000, 0.000000000000000000, -0.000000000000000000 ) ) ;
#2471 = DIRECTION ( 'NONE',  ( 1.000000000000000000, -0.000000000000000000, 0.000000000000000000 ) ) ;
#2472 = ADVANCED_FACE ( 'NONE', ( #1175 ), #1201, .T. ) ;
#2473 = CARTESIAN_POINT ( 'NONE',  ( 15.00000000000000178, 0.000000000000000000, 0.000000000000000000 ) ) ;
#2474 = ORIENTED_EDGE ( 'NONE', *, *, #758, .T. ) ;
#2475 = ADVANCED_FACE ( 'NONE', ( #2155 ), #2173, .F. ) ;
#2476 = ORIENTED_EDGE ( 'NONE', *, *, #1750, .T. ) ;
#2477 = DIRECTION ( 'NONE',  ( 0.000000000000000000, 0.000000000000000000, 1.000000000000000000 ) ) ;
#2478 = DIRECTION ( 'NONE',  ( -1.000000000000000000, 0.000000000000000000, 0.000000000000000000 ) ) ;
#2479 = ORIENTED_EDGE ( 'NONE', *, *, #1491, .F. ) ;
#2480 = LINE ( 'NONE', #2328, #1757 ) ;
#2481 = DIRECTION ( 'NONE',  ( 0.000000000000000000, 0.2058570353782071816, 0.9785820767750120774 ) ) ;
#2482 = AXIS2_PLACEMENT_3D ( 'NONE', #1841, #1664, #1433 ) ;
#2483 = FACE_OUTER_BOUND ( 'NONE', #94, .T. ) ;
#2484 = EDGE_CURVE ( 'NONE', #598, #805, #411, .T. ) ;
#2485 = CARTESIAN_POINT ( 'NONE',  ( 5.000000000000001776, -129.5053107519269986, 11.33024655719469465 ) ) ;
#2486 = AXIS2_PLACEMENT_3D ( 'NONE', #2345, #607, #211 ) ;
#2487 = ORIENTED_EDGE ( 'NONE', *, *, #362, .T. ) ;
#2488 = AXIS2_PLACEMENT_3D ( 'NONE', #115, #513, #2041 ) ;
#2489 = EDGE_CURVE ( 'NONE', #284, #2101, #1946, .T. ) ;
#2490 = CIRCLE ( 'NONE', #1596, 58.50000000005852030 ) ;
#2491 = ORIENTED_EDGE ( 'NONE', *, *, #965, .T. ) ;
#2492 = FACE_OUTER_BOUND ( 'NONE', #2431, .T. ) ;
#2493 =( GEOMETRIC_REPRESENTATION_CONTEXT ( 3 ) GLOBAL_UNCERTAINTY_ASSIGNED_CONTEXT ( ( #35 ) ) GLOBAL_UNIT_ASSIGNED_CONTEXT ( ( #2098, #938, #1900 ) ) REPRESENTATION_CONTEXT ( 'NONE', 'WORKASPACE' ) );
#2494 = AXIS2_PLACEMENT_3D ( 'NONE', #1641, #451, #2422 ) ;
#2495 = ORIENTED_EDGE ( 'NONE', *, *, #1048, .T. ) ;
#2496 = CARTESIAN_POINT ( 'NONE',  ( 10.00000000000000178, -11.33024655719470353, 126.5053107519269986 ) ) ;
#2497 = FACE_OUTER_BOUND ( 'NONE', #638, .T. ) ;
#2498 = CARTESIAN_POINT ( 'NONE',  ( 10.00000000000000178, -45.08895410832571571, 100.8822889185297811 ) ) ;
#2499 = AXIS2_PLACEMENT_3D ( 'NONE', #1160, #1387, #959 ) ;
#2500 = CARTESIAN_POINT ( 'NONE',  ( -15.00000000000000000, -125.8063095643528442, 24.27023588328493986 ) ) ;
#2501 = EDGE_LOOP ( 'NONE', ( #425, #436, #2292, #1218 ) ) ;
#2502 = EDGE_LOOP ( 'NONE', ( #63, #1045, #1720, #878 ) ) ;
#2503 = DIRECTION ( 'NONE',  ( 1.000000000000000000, -0.000000000000000000, -0.000000000000000000 ) ) ;
#2504 = LINE ( 'NONE', #371, #937 ) ;
#2505 = EDGE_CURVE ( 'NONE', #886, #1414, #397, .T. ) ;
#2506 = VERTEX_POINT ( 'NONE', #2329 ) ;
#2507 = DIRECTION ( 'NONE',  ( 1.000000000000000000, -0.000000000000000000, -0.000000000000000000 ) ) ;
#2508 = DIRECTION ( 'NONE',  ( 0.000000000000000000, 0.000000000000000000, -1.000000000000000000 ) ) ;
#2509 = CARTESIAN_POINT ( 'NONE',  ( 10.00000000000000178, -102.0739503050333497, -31.39087612225269197 ) ) ;
#2510 = DIRECTION ( 'NONE',  ( 0.000000000000000000, 0.000000000000000000, -1.000000000000000000 ) ) ;
#2511 = FACE_OUTER_BOUND ( 'NONE', #138, .T. ) ;
#2512 = ORIENTED_EDGE ( 'NONE', *, *, #1325, .T. ) ;
#2513 = ORIENTED_EDGE ( 'NONE', *, *, #2305, .F. ) ;
#2514 = DIRECTION ( 'NONE',  ( 1.000000000000000000, -0.000000000000000000, -0.000000000000000000 ) ) ;
#2515 = CARTESIAN_POINT ( 'NONE',  ( -15.00000000000000000, -91.92388155425116736, 91.92388155425118157 ) ) ;
#2516 = PRODUCT_DEFINITION_CONTEXT ( 'detailed design', #2355, 'design' ) ;
#2517 = ADVANCED_FACE ( 'NONE', ( #1749 ), #435, .F. ) ;
#2518 = VERTEX_POINT ( 'NONE', #246 ) ;
#2519 = DIRECTION ( 'NONE',  ( 0.000000000000000000, 0.000000000000000000, -1.000000000000000000 ) ) ;
#2520 = DIRECTION ( 'NONE',  ( 1.000000000000000000, -0.000000000000000000, -0.000000000000000000 ) ) ;
#2521 = EDGE_CURVE ( 'NONE', #514, #284, #1364, .T. ) ;
#2522 = CARTESIAN_POINT ( 'NONE',  ( -3.000000000000000000, -76.87353236948528945, 79.37701191820036684 ) ) ;
#2523 = DIRECTION ( 'NONE',  ( 1.000000000000000000, 0.000000000000000000, -0.000000000000000000 ) ) ;
#2524 = AXIS2_PLACEMENT_3D ( 'NONE', #580, #592, #234 ) ;
#2525 = DIRECTION ( 'NONE',  ( 1.000000000000000000, -0.000000000000000000, -0.000000000000000000 ) ) ;
#2526 = EDGE_LOOP ( 'NONE', ( #1683, #1210, #1967, #313, #75, #803, #2407, #113, #2227, #1774, #1040, #190, #1157, #136, #621, #982, #1595, #478 ) ) ;
#2527 = VECTOR ( 'NONE', #2192, 1000.000000000000000 ) ;
#2528 = VERTEX_POINT ( 'NONE', #424 ) ;
#2529 = CARTESIAN_POINT ( 'NONE',  ( 10.00000000000000178, -78.22227132143770234, 72.70319596766306347 ) ) ;
ENDSEC;
END-ISO-10303-21;
