ISO-10303-21;
HEADER;
FILE_DESCRIPTION (( 'STEP AP214' ),
    '1' );
FILE_NAME ('soporte para rodamiento prototipoEditado.STEP',
    '2026-05-01T02:14:34',
    ( '' ),
    ( '' ),
    'SwSTEP 2.0',
    'SolidWorks 2026',
    '' );
FILE_SCHEMA (( 'AUTOMOTIVE_DESIGN' ));
ENDSEC;

DATA;
#1 = EDGE_CURVE ( 'NONE', #42, #990, #403, .T. ) ;
#2 = CIRCLE ( 'NONE', #24, 5.000000000000000888 ) ;
#3 = CARTESIAN_POINT ( 'NONE',  ( -15.00000000000000000, 67.25000000000000000, 18.80000000000003268 ) ) ;
#4 = APPLICATION_PROTOCOL_DEFINITION ( 'draft international standard', 'automotive_design', 1998, #435 ) ;
#5 = VERTEX_POINT ( 'NONE', #386 ) ;
#6 = DIRECTION ( 'NONE',  ( 0.000000000000000000, 0.000000000000000000, -1.000000000000000000 ) ) ;
#7 = ORIENTED_EDGE ( 'NONE', *, *, #113, .F. ) ;
#8 = CARTESIAN_POINT ( 'NONE',  ( -15.00000000000000000, 67.25000000000000000, 18.80000000000003268 ) ) ;
#9 = PLANE ( 'NONE',  #477 ) ;
#10 = DIRECTION ( 'NONE',  ( 0.000000000000000000, 0.000000000000000000, 1.000000000000000000 ) ) ;
#11 = PLANE ( 'NONE',  #850 ) ;
#12 = ORIENTED_EDGE ( 'NONE', *, *, #895, .T. ) ;
#13 = DIRECTION ( 'NONE',  ( -1.000000000000000000, -9.130123557772660939E-17, 0.000000000000000000 ) ) ;
#14 = FACE_BOUND ( 'NONE', #51, .T. ) ;
#15 = CARTESIAN_POINT ( 'NONE',  ( 1.479114197289400419E-31, -2.168404344971008868E-15, 36.80000000000002558 ) ) ;
#16 = DIRECTION ( 'NONE',  ( 1.000000000000000000, 0.000000000000000000, -0.000000000000000000 ) ) ;
#17 = EDGE_CURVE ( 'NONE', #1269, #1009, #632, .T. ) ;
#18 = EDGE_LOOP ( 'NONE', ( #1280, #1483, #28, #241, #468, #1059, #943, #966, #961, #1062, #1161 ) ) ;
#19 = PLANE ( 'NONE',  #847 ) ;
#20 = ORIENTED_EDGE ( 'NONE', *, *, #1180, .T. ) ;
#21 = VECTOR ( 'NONE', #589, 1000.000000000000000 ) ;
#22 = CARTESIAN_POINT ( 'NONE',  ( -4.000000000000000888, 54.14999999999999858, 33.80000000000003268 ) ) ;
#23 = VECTOR ( 'NONE', #165, 1000.000000000000000 ) ;
#24 = AXIS2_PLACEMENT_3D ( 'NONE', #265, #1239, #1440 ) ;
#25 = ORIENTED_EDGE ( 'NONE', *, *, #337, .T. ) ;
#26 = LINE ( 'NONE', #499, #482 ) ;
#27 = ADVANCED_FACE ( 'NONE', ( #988 ), #396, .T. ) ;
#28 = ORIENTED_EDGE ( 'NONE', *, *, #604, .T. ) ;
#29 = DIRECTION ( 'NONE',  ( -0.000000000000000000, -1.000000000000000000, -0.000000000000000000 ) ) ;
#30 = ORIENTED_EDGE ( 'NONE', *, *, #1180, .F. ) ;
#31 = CARTESIAN_POINT ( 'NONE',  ( -15.00000000000000000, 67.25000000000000000, 18.80000000000003268 ) ) ;
#32 = DIRECTION ( 'NONE',  ( 0.000000000000000000, 0.000000000000000000, 1.000000000000000000 ) ) ;
#33 = EDGE_LOOP ( 'NONE', ( #1256, #1215, #870, #408 ) ) ;
#34 = DIRECTION ( 'NONE',  ( -0.000000000000000000, -0.000000000000000000, -1.000000000000000000 ) ) ;
#35 = VERTEX_POINT ( 'NONE', #838 ) ;
#36 = CARTESIAN_POINT ( 'NONE',  ( 7.500000000000000888, 38.98974596215548871, 18.80000000000003268 ) ) ;
#37 = DIRECTION ( 'NONE',  ( 9.130123557772660939E-17, 1.000000000000000000, 0.000000000000000000 ) ) ;
#38 = DIRECTION ( 'NONE',  ( -1.000000000000000000, -0.000000000000000000, -0.000000000000000000 ) ) ;
#39 = DIRECTION ( 'NONE',  ( -0.000000000000000000, 1.000000000000000000, 2.385244779468110248E-16 ) ) ;
#40 = ORIENTED_EDGE ( 'NONE', *, *, #837, .F. ) ;
#41 = LINE ( 'NONE', #501, #303 ) ;
#42 = VERTEX_POINT ( 'NONE', #723 ) ;
#43 = VECTOR ( 'NONE', #1455, 1000.000000000000114 ) ;
#44 = CARTESIAN_POINT ( 'NONE',  ( -15.00000000000000000, 3.000000000000000000, 10.00000000000003197 ) ) ;
#45 = EDGE_CURVE ( 'NONE', #1141, #558, #1205, .T. ) ;
#46 = VECTOR ( 'NONE', #1116, 1000.000000000000000 ) ;
#47 = SURFACE_SIDE_STYLE ('',( #162 ) ) ;
#48 = VECTOR ( 'NONE', #382, 1000.000000000000000 ) ;
#49 = CARTESIAN_POINT ( 'NONE',  ( 0.000000000000000000, 54.14999999999999858, 23.80000000000003268 ) ) ;
#50 = VECTOR ( 'NONE', #607, 1000.000000000000000 ) ;
#51 = EDGE_LOOP ( 'NONE', ( #1439, #1419, #1226, #658, #1543, #572 ) ) ;
#52 = CYLINDRICAL_SURFACE ( 'NONE', #74, 10.00000000000000178 ) ;
#53 = AXIS2_PLACEMENT_3D ( 'NONE', #1165, #110, #94 ) ;
#54 = ORIENTED_EDGE ( 'NONE', *, *, #661, .T. ) ;
#55 = CARTESIAN_POINT ( 'NONE',  ( 0.000000000000000000, 0.000000000000000000, 0.000000000000000000 ) ) ;
#56 = ADVANCED_FACE ( 'NONE', ( #1085 ), #731, .T. ) ;
#57 = EDGE_CURVE ( 'NONE', #645, #811, #964, .T. ) ;
#58 = DIRECTION ( 'NONE',  ( 4.930380657631323784E-32, 1.000000000000000000, 2.461820351650061511E-16 ) ) ;
#59 = DIRECTION ( 'NONE',  ( 0.000000000000000000, 0.000000000000000000, -1.000000000000000000 ) ) ;
#60 = ORIENTED_EDGE ( 'NONE', *, *, #1211, .F. ) ;
#61 = CARTESIAN_POINT ( 'NONE',  ( -4.000000000000000000, 60.65000000000000568, 23.80000000000003268 ) ) ;
#62 = ORIENTED_EDGE ( 'NONE', *, *, #527, .F. ) ;
#63 = CARTESIAN_POINT ( 'NONE',  ( 13.99999999999999822, 67.25000000000000000, 12.80000000000003268 ) ) ;
#64 = FACE_OUTER_BOUND ( 'NONE', #709, .T. ) ;
#65 = ORIENTED_EDGE ( 'NONE', *, *, #708, .T. ) ;
#66 = DIRECTION ( 'NONE',  ( 0.000000000000000000, 0.000000000000000000, -1.000000000000000000 ) ) ;
#67 = ADVANCED_FACE ( 'NONE', ( #256 ), #612, .F. ) ;
#68 = VERTEX_POINT ( 'NONE', #1448 ) ;
#69 = LINE ( 'NONE', #651, #453 ) ;
#70 = CIRCLE ( 'NONE', #1097, 3.500000000000001332 ) ;
#71 = CARTESIAN_POINT ( 'NONE',  ( 3.526982781544381260E-15, 3.000000000000000000, 28.80000000000003268 ) ) ;
#72 = CARTESIAN_POINT ( 'NONE',  ( 4.000000000000000000, 57.14999999999999858, 23.80000000000003268 ) ) ;
#73 = VECTOR ( 'NONE', #721, 1000.000000000000000 ) ;
#74 = AXIS2_PLACEMENT_3D ( 'NONE', #1382, #1151, #787 ) ;
#75 = ORIENTED_EDGE ( 'NONE', *, *, #57, .F. ) ;
#76 = LINE ( 'NONE', #557, #922 ) ;
#77 = AXIS2_PLACEMENT_3D ( 'NONE', #532, #178, #304 ) ;
#78 = EDGE_LOOP ( 'NONE', ( #786, #84, #476, #381, #416, #227 ) ) ;
#79 = CARTESIAN_POINT ( 'NONE',  ( 14.14767965253620829, 3.000000000000002665, 9.147681806451020137 ) ) ;
#80 = CARTESIAN_POINT ( 'NONE',  ( 4.000000000000000888, 54.14999999999999858, 33.80000000000003268 ) ) ;
#81 = DIRECTION ( 'NONE',  ( 0.000000000000000000, 0.8660254037844414832, 0.4999999999999950040 ) ) ;
#82 = ORIENTED_EDGE ( 'NONE', *, *, #877, .T. ) ;
#83 = DIRECTION ( 'NONE',  ( 0.000000000000000000, 0.000000000000000000, -1.000000000000000000 ) ) ;
#84 = ORIENTED_EDGE ( 'NONE', *, *, #977, .T. ) ;
#85 = ADVANCED_FACE ( 'NONE', ( #379 ), #855, .T. ) ;
#86 = DIRECTION ( 'NONE',  ( 0.000000000000000000, -1.000000000000000000, -1.301042606982605567E-16 ) ) ;
#87 = CARTESIAN_POINT ( 'NONE',  ( -4.999999999999997335, 2.999999999999997780, 38.80000000000002558 ) ) ;
#88 = ORIENTED_EDGE ( 'NONE', *, *, #831, .T. ) ;
#89 = DIRECTION ( 'NONE',  ( -0.000000000000000000, 1.000000000000000000, -0.000000000000000000 ) ) ;
#90 = VERTEX_POINT ( 'NONE', #654 ) ;
#91 = EDGE_CURVE ( 'NONE', #156, #68, #70, .T. ) ;
#92 = ADVANCED_FACE ( 'NONE', ( #436 ), #777, .T. ) ;
#93 = DIRECTION ( 'NONE',  ( 1.000000000000000000, -0.000000000000000000, 0.000000000000000000 ) ) ;
#94 = DIRECTION ( 'NONE',  ( 1.734723475976807094E-15, 0.000000000000000000, 1.000000000000000000 ) ) ;
#95 = EDGE_LOOP ( 'NONE', ( #955, #881, #834, #766 ) ) ;
#96 = AXIS2_PLACEMENT_3D ( 'NONE', #1084, #853, #1220 ) ;
#97 = CARTESIAN_POINT ( 'NONE',  ( 3.526982781544381260E-15, 6.999999999999999112, 28.80000000000003268 ) ) ;
#98 = AXIS2_PLACEMENT_3D ( 'NONE', #1538, #677, #489 ) ;
#99 = VERTEX_POINT ( 'NONE', #426 ) ;
#100 = AXIS2_PLACEMENT_3D ( 'NONE', #894, #564, #549 ) ;
#101 = AXIS2_PLACEMENT_3D ( 'NONE', #824, #349, #689 ) ;
#102 = FACE_OUTER_BOUND ( 'NONE', #1477, .T. ) ;
#103 = DIRECTION ( 'NONE',  ( 0.000000000000000000, 0.000000000000000000, 1.000000000000000000 ) ) ;
#104 = EDGE_CURVE ( 'NONE', #1322, #1269, #1147, .T. ) ;
#105 = VERTEX_POINT ( 'NONE', #1249 ) ;
#106 = LINE ( 'NONE', #710, #1423 ) ;
#107 = ORIENTED_EDGE ( 'NONE', *, *, #743, .F. ) ;
#108 = LINE ( 'NONE', #588, #1446 ) ;
#109 = LINE ( 'NONE', #939, #551 ) ;
#110 = DIRECTION ( 'NONE',  ( 0.000000000000000000, -1.000000000000000000, -0.000000000000000000 ) ) ;
#111 = VERTEX_POINT ( 'NONE', #883 ) ;
#112 = LINE ( 'NONE', #954, #1002 ) ;
#113 = EDGE_CURVE ( 'NONE', #794, #42, #1369, .T. ) ;
#114 = VERTEX_POINT ( 'NONE', #1013 ) ;
#115 = EDGE_CURVE ( 'NONE', #986, #223, #1145, .T. ) ;
#116 = DIRECTION ( 'NONE',  ( -0.000000000000000000, -0.000000000000000000, -1.000000000000000000 ) ) ;
#117 = DIRECTION ( 'NONE',  ( 0.000000000000000000, 0.000000000000000000, 1.000000000000000000 ) ) ;
#118 = CARTESIAN_POINT ( 'NONE',  ( 4.000000000000000000, 60.65000000000000568, 23.80000000000003268 ) ) ;
#119 = ORIENTED_EDGE ( 'NONE', *, *, #200, .T. ) ;
#120 = DIRECTION ( 'NONE',  ( 1.000000000000000000, 0.000000000000000000, 0.000000000000000000 ) ) ;
#121 = AXIS2_PLACEMENT_3D ( 'NONE', #280, #362, #10 ) ;
#122 = VECTOR ( 'NONE', #38, 1000.000000000000000 ) ;
#123 = ORIENTED_EDGE ( 'NONE', *, *, #604, .F. ) ;
#124 = CARTESIAN_POINT ( 'NONE',  ( -15.00000000000000000, 67.25000000000000000, 28.80000000000002558 ) ) ;
#125 = EDGE_CURVE ( 'NONE', #565, #1275, #1123, .T. ) ;
#126 = EDGE_CURVE ( 'NONE', #794, #5, #472, .T. ) ;
#127 = CIRCLE ( 'NONE', #872, 1.000000000000000888 ) ;
#128 = AXIS2_PLACEMENT_3D ( 'NONE', #1007, #58, #1117 ) ;
#129 = VECTOR ( 'NONE', #692, 1000.000000000000000 ) ;
#130 = CARTESIAN_POINT ( 'NONE',  ( -15.00000000000000000, 3.000000000000000000, 12.80000000000003268 ) ) ;
#131 = DIRECTION ( 'NONE',  ( 1.000000000000000000, 0.000000000000000000, 0.000000000000000000 ) ) ;
#132 = DIRECTION ( 'NONE',  ( -0.000000000000000000, -1.000000000000000000, -0.000000000000000000 ) ) ;
#133 = FACE_OUTER_BOUND ( 'NONE', #1391, .T. ) ;
#134 = ORIENTED_EDGE ( 'NONE', *, *, #184, .F. ) ;
#135 = DIRECTION ( 'NONE',  ( 0.000000000000000000, 1.000000000000000000, -0.000000000000000000 ) ) ;
#136 = ORIENTED_EDGE ( 'NONE', *, *, #1148, .F. ) ;
#137 = PRODUCT_DEFINITION_SHAPE ( 'NONE', 'NONE',  #1377 ) ;
#138 = FACE_OUTER_BOUND ( 'NONE', #1271, .T. ) ;
#139 = DIRECTION ( 'NONE',  ( -0.7071067811865490160, 0.000000000000000000, 0.7071067811865461294 ) ) ;
#140 = LINE ( 'NONE', #163, #50 ) ;
#141 = ORIENTED_EDGE ( 'NONE', *, *, #830, .F. ) ;
#142 = LINE ( 'NONE', #609, #773 ) ;
#143 = ORIENTED_EDGE ( 'NONE', *, *, #547, .F. ) ;
#144 = MANIFOLD_SOLID_BREP ( 'Cortar-Extruir1', #1469 ) ;
#145 = CYLINDRICAL_SURFACE ( 'NONE', #524, 3.500000000000001332 ) ;
#146 = DIRECTION ( 'NONE',  ( 0.000000000000000000, 1.000000000000000000, 1.301042606982605567E-16 ) ) ;
#147 = CARTESIAN_POINT ( 'NONE',  ( -13.79289321881345387, 67.25000000000000000, 10.00000000000003375 ) ) ;
#148 = VERTEX_POINT ( 'NONE', #662 ) ;
#149 = CARTESIAN_POINT ( 'NONE',  ( -2.500000000000003997, 3.000000000000000000, -2.499999999999996891 ) ) ;
#150 = EDGE_LOOP ( 'NONE', ( #500, #1537, #456, #727, #744, #953, #1443 ) ) ;
#151 = AXIS2_PLACEMENT_3D ( 'NONE', #1120, #1095, #871 ) ;
#152 = CARTESIAN_POINT ( 'NONE',  ( 15.00000000000000000, 3.000000000000000000, 11.20536146650573706 ) ) ;
#153 = AXIS2_PLACEMENT_3D ( 'NONE', #1142, #767, #66 ) ;
#154 = VECTOR ( 'NONE', #1231, 1000.000000000000000 ) ;
#155 = ADVANCED_FACE ( 'NONE', ( #1139 ), #418, .T. ) ;
#156 = VERTEX_POINT ( 'NONE', #310 ) ;
#157 = DIRECTION ( 'NONE',  ( 0.000000000000000000, -0.000000000000000000, -1.000000000000000000 ) ) ;
#158 = ORIENTED_EDGE ( 'NONE', *, *, #1091, .T. ) ;
#159 = DIRECTION ( 'NONE',  ( 0.000000000000000000, 0.000000000000000000, 1.000000000000000000 ) ) ;
#160 = ORIENTED_EDGE ( 'NONE', *, *, #373, .F. ) ;
#161 = CARTESIAN_POINT ( 'NONE',  ( 1.479114197289400419E-31, -2.602085213965210642E-15, 38.80000000000002558 ) ) ;
#162 = SURFACE_STYLE_FILL_AREA ( #1361 ) ;
#163 = CARTESIAN_POINT ( 'NONE',  ( 6.999999999999999112, 3.000000000000000000, 12.80000000000003268 ) ) ;
#164 = ORIENTED_EDGE ( 'NONE', *, *, #661, .F. ) ;
#165 = DIRECTION ( 'NONE',  ( 0.000000000000000000, -1.000000000000000000, 0.000000000000000000 ) ) ;
#166 = EDGE_CURVE ( 'NONE', #68, #1458, #1267, .T. ) ;
#167 = ADVANCED_FACE ( 'NONE', ( #520 ), #997, .T. ) ;
#168 = ORIENTED_EDGE ( 'NONE', *, *, #288, .T. ) ;
#169 = PLANE ( 'NONE',  #771 ) ;
#170 = FACE_OUTER_BOUND ( 'NONE', #1302, .T. ) ;
#171 = ORIENTED_EDGE ( 'NONE', *, *, #1297, .F. ) ;
#172 = DIRECTION ( 'NONE',  ( -1.788374717501863533E-15, 0.000000000000000000, -1.000000000000000000 ) ) ;
#173 = EDGE_LOOP ( 'NONE', ( #865, #638 ) ) ;
#174 = VECTOR ( 'NONE', #1329, 1000.000000000000000 ) ;
#175 = DIRECTION ( 'NONE',  ( 4.930380657631323784E-32, 1.000000000000000000, 2.461820351650061511E-16 ) ) ;
#176 = CARTESIAN_POINT ( 'NONE',  ( 3.526982781544381260E-15, -2.500000000441602102E-05, 30.55000000000003624 ) ) ;
#177 = VECTOR ( 'NONE', #487, 1000.000000000000000 ) ;
#178 = DIRECTION ( 'NONE',  ( -0.000000000000000000, 1.000000000000000000, -0.000000000000000000 ) ) ;
#179 = CIRCLE ( 'NONE', #1376, 3.500000000000001332 ) ;
#180 = EDGE_LOOP ( 'NONE', ( #1047, #1087, #123, #1034 ) ) ;
#181 = LINE ( 'NONE', #1270, #628 ) ;
#182 = VERTEX_POINT ( 'NONE', #643 ) ;
#183 = LINE ( 'NONE', #1360, #46 ) ;
#184 = EDGE_CURVE ( 'NONE', #488, #984, #1415, .T. ) ;
#185 =( NAMED_UNIT ( * ) PLANE_ANGLE_UNIT ( ) SI_UNIT ( $, .RADIAN. ) );
#186 = CARTESIAN_POINT ( 'NONE',  ( -6.999999999999999112, 3.000000000000000000, 10.00000000000003375 ) ) ;
#187 = ORIENTED_EDGE ( 'NONE', *, *, #113, .T. ) ;
#188 = FACE_OUTER_BOUND ( 'NONE', #598, .T. ) ;
#189 = ORIENTED_EDGE ( 'NONE', *, *, #184, .T. ) ;
#190 = CARTESIAN_POINT ( 'NONE',  ( 5.000000000000000888, 0.000000000000000000, 28.80000000000002913 ) ) ;
#191 = DIRECTION ( 'NONE',  ( 0.000000000000000000, -0.000000000000000000, 1.000000000000000000 ) ) ;
#192 = DIRECTION ( 'NONE',  ( 0.000000000000000000, 2.461820351650061511E-16, -1.000000000000000000 ) ) ;
#193 = ADVANCED_FACE ( 'NONE', ( #568 ), #232, .F. ) ;
#194 = EDGE_LOOP ( 'NONE', ( #590, #1389, #1064, #581, #903 ) ) ;
#195 = DIRECTION ( 'NONE',  ( 1.734723475976807883E-15, 2.710505431213762071E-16, -1.000000000000000000 ) ) ;
#196 = ORIENTED_EDGE ( 'NONE', *, *, #1148, .T. ) ;
#197 = DIRECTION ( 'NONE',  ( 1.000000000000000000, -4.930380657631323784E-32, -1.176016472440566327E-47 ) ) ;
#198 = LINE ( 'NONE', #923, #475 ) ;
#199 = DIRECTION ( 'NONE',  ( -1.000000000000000000, -0.000000000000000000, -0.000000000000000000 ) ) ;
#200 = EDGE_CURVE ( 'NONE', #276, #645, #109, .T. ) ;
#201 = CIRCLE ( 'NONE', #577, 4.000000000000000888 ) ;
#202 = ORIENTED_EDGE ( 'NONE', *, *, #640, .F. ) ;
#203 = PLANE ( 'NONE',  #951 ) ;
#204 = CIRCLE ( 'NONE', #329, 0.5000000000000004441 ) ;
#205 = ORIENTED_EDGE ( 'NONE', *, *, #1453, .T. ) ;
#206 = FACE_BOUND ( 'NONE', #173, .T. ) ;
#207 = DIRECTION ( 'NONE',  ( 2.168404344971025385E-16, 0.000000000000000000, 1.000000000000000000 ) ) ;
#208 = EDGE_LOOP ( 'NONE', ( #60, #237, #341, #1015, #818, #601 ) ) ;
#209 = CARTESIAN_POINT ( 'NONE',  ( -7.500000000000000888, 47.64999999999999147, 23.80000000000003268 ) ) ;
#210 = ORIENTED_EDGE ( 'NONE', *, *, #452, .F. ) ;
#211 = UNCERTAINTY_MEASURE_WITH_UNIT (LENGTH_MEASURE( 1.000000000000000082E-05 ), #1055, 'distance_accuracy_value', 'NONE');
#212 = EDGE_CURVE ( 'NONE', #1485, #223, #345, .T. ) ;
#213 = ADVANCED_FACE ( 'NONE', ( #102 ), #679, .T. ) ;
#214 = DIRECTION ( 'NONE',  ( 0.000000000000000000, 0.000000000000000000, -1.000000000000000000 ) ) ;
#215 = CARTESIAN_POINT ( 'NONE',  ( -6.999999999999999112, 3.000000000000000000, 12.80000000000003268 ) ) ;
#216 = ORIENTED_EDGE ( 'NONE', *, *, #1314, .T. ) ;
#217 = LINE ( 'NONE', #1081, #680 ) ;
#218 = EDGE_LOOP ( 'NONE', ( #134, #164, #1245, #624 ) ) ;
#219 = EDGE_CURVE ( 'NONE', #804, #114, #1424, .T. ) ;
#220 = DIRECTION ( 'NONE',  ( 0.000000000000000000, -1.000000000000000000, 0.000000000000000000 ) ) ;
#221 = CARTESIAN_POINT ( 'NONE',  ( -4.000000000000000000, 57.14999999999999858, 23.80000000000003268 ) ) ;
#222 = AXIS2_PLACEMENT_3D ( 'NONE', #737, #294, #891 ) ;
#223 = VERTEX_POINT ( 'NONE', #1039 ) ;
#224 = VECTOR ( 'NONE', #697, 1000.000000000000000 ) ;
#225 = CARTESIAN_POINT ( 'NONE',  ( 4.000000000000000000, 57.14999999999999858, 23.80000000000003268 ) ) ;
#226 = CIRCLE ( 'NONE', #1545, 1.000000000000000888 ) ;
#227 = ORIENTED_EDGE ( 'NONE', *, *, #761, .F. ) ;
#228 = CARTESIAN_POINT ( 'NONE',  ( 2.928932188134516057, 0.000000000000000000, -3.616162847937710373E-15 ) ) ;
#229 = VECTOR ( 'NONE', #1467, 1000.000000000000000 ) ;
#230 = VECTOR ( 'NONE', #1427, 1000.000000000000000 ) ;
#231 =( GEOMETRIC_REPRESENTATION_CONTEXT ( 3 ) GLOBAL_UNCERTAINTY_ASSIGNED_CONTEXT ( ( #211 ) ) GLOBAL_UNIT_ASSIGNED_CONTEXT ( ( #1055, #1221, #970 ) ) REPRESENTATION_CONTEXT ( 'NONE', 'WORKASPACE' ) );
#232 = PLANE ( 'NONE',  #675 ) ;
#233 = PLANE ( 'NONE',  #776 ) ;
#234 = EDGE_CURVE ( 'NONE', #1466, #804, #322, .T. ) ;
#235 = ORIENTED_EDGE ( 'NONE', *, *, #269, .T. ) ;
#236 = DIRECTION ( 'NONE',  ( -0.000000000000000000, 1.000000000000000000, 0.000000000000000000 ) ) ;
#237 = ORIENTED_EDGE ( 'NONE', *, *, #660, .F. ) ;
#238 = DIRECTION ( 'NONE',  ( 0.000000000000000000, -0.8660254037844415942, -0.4999999999999950040 ) ) ;
#239 = DIRECTION ( 'NONE',  ( -0.000000000000000000, 1.000000000000000000, 0.000000000000000000 ) ) ;
#240 = DIRECTION ( 'NONE',  ( 0.000000000000000000, 0.000000000000000000, -1.000000000000000000 ) ) ;
#241 = ORIENTED_EDGE ( 'NONE', *, *, #1297, .T. ) ;
#242 = CYLINDRICAL_SURFACE ( 'NONE', #1178, 1.000000000000000888 ) ;
#243 = EDGE_CURVE ( 'NONE', #1022, #423, #1393, .T. ) ;
#244 = ORIENTED_EDGE ( 'NONE', *, *, #1453, .F. ) ;
#245 = LINE ( 'NONE', #124, #1374 ) ;
#246 = FACE_OUTER_BOUND ( 'NONE', #587, .T. ) ;
#247 = DIRECTION ( 'NONE',  ( 1.000000000000000000, -4.930380657631323784E-32, -1.176016472440566327E-47 ) ) ;
#248 = LINE ( 'NONE', #725, #1155 ) ;
#249 = COLOUR_RGB ( '',0.7921568627450980005, 0.8196078431372548767, 0.9333333333333333481 ) ;
#250 = ORIENTED_EDGE ( 'NONE', *, *, #1115, .F. ) ;
#251 = CARTESIAN_POINT ( 'NONE',  ( -6.999999999999999112, 67.25000000000000000, 10.00000000000003375 ) ) ;
#252 = CIRCLE ( 'NONE', #1125, 8.000000000000000000 ) ;
#253 = VECTOR ( 'NONE', #842, 1000.000000000000000 ) ;
#254 = AXIS2_PLACEMENT_3D ( 'NONE', #1033, #437, #538 ) ;
#255 = LINE ( 'NONE', #505, #724 ) ;
#256 = FACE_OUTER_BOUND ( 'NONE', #1119, .T. ) ;
#257 = FACE_OUTER_BOUND ( 'NONE', #95, .T. ) ;
#258 = ORIENTED_EDGE ( 'NONE', *, *, #946, .T. ) ;
#259 = DIRECTION ( 'NONE',  ( 0.000000000000000000, 2.461820351650061511E-16, -1.000000000000000000 ) ) ;
#260 = EDGE_LOOP ( 'NONE', ( #273, #928, #160, #202 ) ) ;
#261 = EDGE_CURVE ( 'NONE', #503, #823, #1349, .T. ) ;
#262 = ADVANCED_FACE ( 'NONE', ( #706 ), #691, .F. ) ;
#263 = CARTESIAN_POINT ( 'NONE',  ( -15.00000000000000000, 6.999999999999999112, 28.80000000000002558 ) ) ;
#264 = ORIENTED_EDGE ( 'NONE', *, *, #344, .F. ) ;
#265 = CARTESIAN_POINT ( 'NONE',  ( -2.928932188134520498, 0.000000000000000000, 5.000000000000004441 ) ) ;
#266 = ORIENTED_EDGE ( 'NONE', *, *, #684, .F. ) ;
#267 = CARTESIAN_POINT ( 'NONE',  ( 7.500000000000000888, 47.64999999999999147, 23.80000000000003268 ) ) ;
#268 = ORIENTED_EDGE ( 'NONE', *, *, #1056, .T. ) ;
#269 = EDGE_CURVE ( 'NONE', #515, #841, #1053, .T. ) ;
#270 = CARTESIAN_POINT ( 'NONE',  ( -13.79289321881345387, 3.000000000000002665, 9.500000000000031974 ) ) ;
#271 = ORIENTED_EDGE ( 'NONE', *, *, #1421, .F. ) ;
#272 = CARTESIAN_POINT ( 'NONE',  ( -4.999999999999997335, 0.000000000000000000, 28.80000000000002558 ) ) ;
#273 = ORIENTED_EDGE ( 'NONE', *, *, #914, .F. ) ;
#274 = CARTESIAN_POINT ( 'NONE',  ( 15.00000000000000000, 67.25000000000000000, 10.00000000000003375 ) ) ;
#275 = AXIS2_PLACEMENT_3D ( 'NONE', #1292, #220, #214 ) ;
#276 = VERTEX_POINT ( 'NONE', #1157 ) ;
#277 = AXIS2_PLACEMENT_3D ( 'NONE', #913, #798, #827 ) ;
#278 = DIRECTION ( 'NONE',  ( 0.000000000000000000, 1.000000000000000000, 0.000000000000000000 ) ) ;
#279 = VECTOR ( 'NONE', #1171, 1000.000000000000000 ) ;
#280 = CARTESIAN_POINT ( 'NONE',  ( 13.79289321881345565, 67.25000000000000000, 9.500000000000031974 ) ) ;
#281 = CARTESIAN_POINT ( 'NONE',  ( 15.00000000000000000, 3.000000000000002665, 18.80000000000003268 ) ) ;
#282 = ADVANCED_FACE ( 'NONE', ( #1285 ), #339, .F. ) ;
#283 = EDGE_LOOP ( 'NONE', ( #1475, #1237, #606, #235 ) ) ;
#284 = DIRECTION ( 'NONE',  ( 1.000000000000000000, -0.000000000000000000, -2.168404344971008868E-16 ) ) ;
#285 = DIRECTION ( 'NONE',  ( -0.000000000000000000, 1.000000000000000000, -0.000000000000000000 ) ) ;
#286 = SURFACE_STYLE_USAGE ( .BOTH. , #47 ) ;
#287 = DIRECTION ( 'NONE',  ( 0.000000000000000000, -1.000000000000000000, 0.000000000000000000 ) ) ;
#288 = EDGE_CURVE ( 'NONE', #548, #1159, #768, .T. ) ;
#289 = ORIENTED_EDGE ( 'NONE', *, *, #384, .F. ) ;
#290 = EDGE_CURVE ( 'NONE', #1080, #1197, #574, .T. ) ;
#291 = CARTESIAN_POINT ( 'NONE',  ( -15.00000000000000000, 67.25000000000000000, 10.00000000000003375 ) ) ;
#292 = ORIENTED_EDGE ( 'NONE', *, *, #337, .F. ) ;
#293 = CARTESIAN_POINT ( 'NONE',  ( 13.79289321881345565, 67.25000000000000000, 10.00000000000003375 ) ) ;
#294 = DIRECTION ( 'NONE',  ( 0.000000000000000000, -1.000000000000000000, 0.000000000000000000 ) ) ;
#295 = CYLINDRICAL_SURFACE ( 'NONE', #1031, 2.909999999999999254 ) ;
#296 = EDGE_LOOP ( 'NONE', ( #54, #1247 ) ) ;
#297 = CARTESIAN_POINT ( 'NONE',  ( 6.464466094067268465, 67.25000000000000000, 1.464466094067265356 ) ) ;
#298 = ORIENTED_EDGE ( 'NONE', *, *, #1489, .T. ) ;
#299 = EDGE_CURVE ( 'NONE', #114, #1094, #696, .T. ) ;
#300 = VECTOR ( 'NONE', #1408, 1000.000000000000000 ) ;
#301 = CARTESIAN_POINT ( 'NONE',  ( 7.500000000000000888, 47.64999999999999147, 23.80000000000003268 ) ) ;
#302 = AXIS2_PLACEMENT_3D ( 'NONE', #1347, #882, #1138 ) ;
#303 = VECTOR ( 'NONE', #29, 1000.000000000000000 ) ;
#304 = DIRECTION ( 'NONE',  ( 0.000000000000000000, 0.000000000000000000, -1.000000000000000000 ) ) ;
#305 = VECTOR ( 'NONE', #120, 1000.000000000000000 ) ;
#306 = ORIENTED_EDGE ( 'NONE', *, *, #937, .F. ) ;
#307 = CYLINDRICAL_SURFACE ( 'NONE', #678, 1.750000000000001554 ) ;
#308 = ORIENTED_EDGE ( 'NONE', *, *, #1065, .T. ) ;
#309 = DIRECTION ( 'NONE',  ( 0.000000000000000000, 2.710505431213761085E-16, -1.000000000000000000 ) ) ;
#310 = CARTESIAN_POINT ( 'NONE',  ( 7.500000000000001776, 57.14999999999999858, 18.80000000000003268 ) ) ;
#311 = CARTESIAN_POINT ( 'NONE',  ( -4.000000000000000000, 57.14999999999999858, 23.80000000000003268 ) ) ;
#312 = ORIENTED_EDGE ( 'NONE', *, *, #812, .T. ) ;
#313 = FACE_OUTER_BOUND ( 'NONE', #445, .T. ) ;
#314 = ORIENTED_EDGE ( 'NONE', *, *, #57, .T. ) ;
#315 = DIRECTION ( 'NONE',  ( -1.000000000000000000, 0.000000000000000000, 0.000000000000000000 ) ) ;
#316 = ADVANCED_FACE ( 'NONE', ( #206, #1305 ), #1186, .F. ) ;
#317 = CARTESIAN_POINT ( 'NONE',  ( -15.00000000000000000, 67.25000000000000000, 13.80000000000003446 ) ) ;
#318 = ORIENTED_EDGE ( 'NONE', *, *, #1530, .F. ) ;
#319 = CARTESIAN_POINT ( 'NONE',  ( 3.741295971395168558E-15, 6.999999999999999112, 27.05000000000003268 ) ) ;
#320 = VERTEX_POINT ( 'NONE', #1273 ) ;
#321 = DIRECTION ( 'NONE',  ( 1.000000000000000000, 0.000000000000000000, 0.000000000000000000 ) ) ;
#322 = CIRCLE ( 'NONE', #597, 1.000000000000000888 ) ;
#323 = CARTESIAN_POINT ( 'NONE',  ( -6.999999999999999112, 67.25000000000000000, 12.80000000000003268 ) ) ;
#324 = DIRECTION ( 'NONE',  ( 0.000000000000000000, 1.734723475976806848E-16, -1.000000000000000000 ) ) ;
#325 = VECTOR ( 'NONE', #537, 1000.000000000000000 ) ;
#326 = EDGE_LOOP ( 'NONE', ( #30, #420, #703, #25 ) ) ;
#327 = DIRECTION ( 'NONE',  ( -1.000000000000000000, 0.000000000000000000, 0.000000000000000000 ) ) ;
#328 = EDGE_CURVE ( 'NONE', #1331, #462, #198, .T. ) ;
#329 = AXIS2_PLACEMENT_3D ( 'NONE', #765, #892, #1244 ) ;
#330 = VERTEX_POINT ( 'NONE', #263 ) ;
#331 = AXIS2_PLACEMENT_3D ( 'NONE', #687, #1403, #324 ) ;
#332 = DIRECTION ( 'NONE',  ( -0.000000000000000000, -0.000000000000000000, 1.000000000000000000 ) ) ;
#333 = CARTESIAN_POINT ( 'NONE',  ( 12.99999999999999289, 6.938893903907228378E-15, -2.795952976807744441E-15 ) ) ;
#334 = APPLICATION_CONTEXT ( 'automotive_design' ) ;
#335 = VERTEX_POINT ( 'NONE', #366 ) ;
#336 = DIRECTION ( 'NONE',  ( 0.000000000000000000, 0.000000000000000000, -1.000000000000000000 ) ) ;
#337 = EDGE_CURVE ( 'NONE', #535, #1000, #1099, .T. ) ;
#338 = ORIENTED_EDGE ( 'NONE', *, *, #125, .F. ) ;
#339 = CYLINDRICAL_SURFACE ( 'NONE', #1371, 7.999999999999996447 ) ;
#340 = DIRECTION ( 'NONE',  ( 0.000000000000000000, -1.301042606982605567E-16, 1.000000000000000000 ) ) ;
#341 = ORIENTED_EDGE ( 'NONE', *, *, #813, .F. ) ;
#342 = CARTESIAN_POINT ( 'NONE',  ( 13.99999999999999822, 67.25000000000000000, 13.80000000000003446 ) ) ;
#343 = ORIENTED_EDGE ( 'NONE', *, *, #344, .T. ) ;
#344 = EDGE_CURVE ( 'NONE', #223, #1253, #1199, .T. ) ;
#345 = LINE ( 'NONE', #443, #1076 ) ;
#346 = DIRECTION ( 'NONE',  ( -0.000000000000000000, -1.000000000000000000, 0.000000000000000000 ) ) ;
#347 = ORIENTED_EDGE ( 'NONE', *, *, #784, .T. ) ;
#348 = CIRCLE ( 'NONE', #502, 4.000000000000000888 ) ;
#349 = DIRECTION ( 'NONE',  ( 0.000000000000000000, 0.000000000000000000, -1.000000000000000000 ) ) ;
#350 = AXIS2_PLACEMENT_3D ( 'NONE', #918, #1042, #195 ) ;
#351 = ORIENTED_EDGE ( 'NONE', *, *, #126, .T. ) ;
#352 = DIRECTION ( 'NONE',  ( -0.000000000000000000, -0.000000000000000000, -1.000000000000000000 ) ) ;
#353 = VECTOR ( 'NONE', #929, 1000.000000000000000 ) ;
#354 = CIRCLE ( 'NONE', #254, 5.000000000000000000 ) ;
#355 = DIRECTION ( 'NONE',  ( 0.000000000000000000, 0.000000000000000000, 1.000000000000000000 ) ) ;
#356 = DIRECTION ( 'NONE',  ( 2.168404344971025385E-16, -2.461820351650061511E-16, 1.000000000000000000 ) ) ;
#357 = VERTEX_POINT ( 'NONE', #742 ) ;
#358 = DIRECTION ( 'NONE',  ( -1.000000000000000000, -0.000000000000000000, -0.000000000000000000 ) ) ;
#359 = ORIENTED_EDGE ( 'NONE', *, *, #567, .F. ) ;
#360 = CARTESIAN_POINT ( 'NONE',  ( 0.000000000000000000, 54.14999999999999858, 33.80000000000003268 ) ) ;
#361 = FACE_OUTER_BOUND ( 'NONE', #18, .T. ) ;
#362 = DIRECTION ( 'NONE',  ( 0.000000000000000000, 1.000000000000000000, 0.000000000000000000 ) ) ;
#363 = DIRECTION ( 'NONE',  ( -1.000000000000000000, -0.000000000000000000, -0.000000000000000000 ) ) ;
#364 = ORIENTED_EDGE ( 'NONE', *, *, #793, .T. ) ;
#365 = CARTESIAN_POINT ( 'NONE',  ( -7.500000000000000888, 47.64999999999999147, 23.80000000000003268 ) ) ;
#366 = CARTESIAN_POINT ( 'NONE',  ( 15.00000000000000000, 7.000000000000000000, 17.80000000000003268 ) ) ;
#367 = PRODUCT ( 'soporte para rodamiento prototipoEditado', 'soporte para rodamiento prototipoEditado', '', ( #1201 ) ) ;
#368 = DIRECTION ( 'NONE',  ( 0.000000000000000000, 0.000000000000000000, 1.000000000000000000 ) ) ;
#369 = DIRECTION ( 'NONE',  ( 0.000000000000000000, -0.000000000000000000, 1.000000000000000000 ) ) ;
#370 = ADVANCED_FACE ( 'NONE', ( #969 ), #145, .T. ) ;
#371 = AXIS2_PLACEMENT_3D ( 'NONE', #1532, #801, #466 ) ;
#372 = ORIENTED_EDGE ( 'NONE', *, *, #957, .F. ) ;
#373 = EDGE_CURVE ( 'NONE', #1043, #1022, #1303, .T. ) ;
#374 = DIRECTION ( 'NONE',  ( 0.000000000000000000, 0.000000000000000000, -1.000000000000000000 ) ) ;
#375 = VECTOR ( 'NONE', #1470, 1000.000000000000000 ) ;
#376 = ORIENTED_EDGE ( 'NONE', *, *, #1527, .F. ) ;
#377 = VECTOR ( 'NONE', #740, 1000.000000000000000 ) ;
#378 = DIRECTION ( 'NONE',  ( 0.000000000000000000, -1.301046388379690221E-16, 1.000000000000000000 ) ) ;
#379 = FACE_OUTER_BOUND ( 'NONE', #464, .T. ) ;
#380 = LINE ( 'NONE', #856, #924 ) ;
#381 = ORIENTED_EDGE ( 'NONE', *, *, #1482, .T. ) ;
#382 = DIRECTION ( 'NONE',  ( -0.000000000000000000, -0.000000000000000000, -1.000000000000000000 ) ) ;
#383 = EDGE_CURVE ( 'NONE', #1043, #809, #611, .T. ) ;
#384 = EDGE_CURVE ( 'NONE', #1291, #517, #1098, .T. ) ;
#385 = CARTESIAN_POINT ( 'NONE',  ( -15.00000000000000000, 0.000000000000000000, 28.80000000000002558 ) ) ;
#386 = CARTESIAN_POINT ( 'NONE',  ( 3.741295971395168558E-15, 3.000000000000000444, 27.05000000000003268 ) ) ;
#387 = CARTESIAN_POINT ( 'NONE',  ( 12.99999999999999822, 3.000000000000002665, 18.80000000000003268 ) ) ;
#388 = ORIENTED_EDGE ( 'NONE', *, *, #491, .T. ) ;
#389 = CARTESIAN_POINT ( 'NONE',  ( 3.526982781544381260E-15, 2.999999999999999556, 30.55000000000003624 ) ) ;
#390 = ADVANCED_FACE ( 'NONE', ( #138 ), #1437, .F. ) ;
#391 = ORIENTED_EDGE ( 'NONE', *, *, #673, .T. ) ;
#392 = EDGE_CURVE ( 'NONE', #330, #459, #647, .T. ) ;
#393 = FACE_OUTER_BOUND ( 'NONE', #494, .T. ) ;
#394 = EDGE_CURVE ( 'NONE', #811, #462, #1192, .T. ) ;
#395 = APPLICATION_PROTOCOL_DEFINITION ( 'draft international standard', 'automotive_design', 1998, #334 ) ;
#396 = CYLINDRICAL_SURFACE ( 'NONE', #121, 0.5000000000000004441 ) ;
#397 = FACE_OUTER_BOUND ( 'NONE', #150, .T. ) ;
#398 = ORIENTED_EDGE ( 'NONE', *, *, #510, .T. ) ;
#399 = CARTESIAN_POINT ( 'NONE',  ( 6.464466094067268465, 67.25000000000000000, 1.464466094067265356 ) ) ;
#400 = AXIS2_PLACEMENT_3D ( 'NONE', #1164, #86, #790 ) ;
#401 = EDGE_LOOP ( 'NONE', ( #351, #391 ) ) ;
#402 = VECTOR ( 'NONE', #1063, 1000.000000000000000 ) ;
#403 = CIRCLE ( 'NONE', #448, 1.750000000000001554 ) ;
#404 = LINE ( 'NONE', #1131, #1175 ) ;
#405 = AXIS2_PLACEMENT_3D ( 'NONE', #1362, #1388, #1158 ) ;
#406 = DIRECTION ( 'NONE',  ( -0.000000000000000000, -0.000000000000000000, -1.000000000000000000 ) ) ;
#407 = CARTESIAN_POINT ( 'NONE',  ( -15.00000000000000000, 67.25000000000000000, 13.80000000000003446 ) ) ;
#408 = ORIENTED_EDGE ( 'NONE', *, *, #491, .F. ) ;
#409 = DIRECTION ( 'NONE',  ( -0.000000000000000000, -1.000000000000000000, -0.000000000000000000 ) ) ;
#410 = EDGE_LOOP ( 'NONE', ( #312, #1381, #62, #1352, #959, #910 ) ) ;
#411 = LINE ( 'NONE', #417, #526 ) ;
#412 = CARTESIAN_POINT ( 'NONE',  ( 2.928932188134522274, 67.25000000000000000, 4.999999999999996447 ) ) ;
#413 = PLANE ( 'NONE',  #1054 ) ;
#414 = ORIENTED_EDGE ( 'NONE', *, *, #622, .T. ) ;
#415 = DIRECTION ( 'NONE',  ( -0.000000000000000000, 1.000000000000000000, 2.385244779468110248E-16 ) ) ;
#416 = ORIENTED_EDGE ( 'NONE', *, *, #948, .F. ) ;
#417 = CARTESIAN_POINT ( 'NONE',  ( 15.00000000000000000, 67.25000000000000000, 18.80000000000003268 ) ) ;
#418 = PLANE ( 'NONE',  #1520 ) ;
#419 = CARTESIAN_POINT ( 'NONE',  ( -6.464466094067261359, 67.25000000000000000, 1.464466094067270685 ) ) ;
#420 = ORIENTED_EDGE ( 'NONE', *, *, #1037, .F. ) ;
#421 = DIRECTION ( 'NONE',  ( 0.000000000000000000, -1.000000000000000000, 0.000000000000000000 ) ) ;
#422 = ADVANCED_FACE ( 'NONE', ( #14, #246 ), #484, .F. ) ;
#423 = VERTEX_POINT ( 'NONE', #152 ) ;
#424 = LINE ( 'NONE', #536, #1101 ) ;
#425 = CIRCLE ( 'NONE', #845, 1.000000000000000888 ) ;
#426 = CARTESIAN_POINT ( 'NONE',  ( 13.99999999999999822, 7.000000000000000000, 18.80000000000003268 ) ) ;
#427 = VECTOR ( 'NONE', #1198, 1000.000000000000000 ) ;
#428 = CARTESIAN_POINT ( 'NONE',  ( -14.14644660940673049, 67.25000000000000000, 9.146446609406760686 ) ) ;
#429 = CIRCLE ( 'NONE', #504, 10.00000000000000178 ) ;
#430 = EDGE_LOOP ( 'NONE', ( #682, #879, #171, #1399 ) ) ;
#431 = DIRECTION ( 'NONE',  ( 1.000000000000000000, 0.000000000000000000, 0.000000000000000000 ) ) ;
#432 = ORIENTED_EDGE ( 'NONE', *, *, #1024, .F. ) ;
#433 = EDGE_CURVE ( 'NONE', #1454, #1069, #226, .T. ) ;
#434 = CYLINDRICAL_SURFACE ( 'NONE', #1202, 4.000000000000000888 ) ;
#435 = APPLICATION_CONTEXT ( 'automotive_design' ) ;
#436 = FACE_OUTER_BOUND ( 'NONE', #33, .T. ) ;
#437 = DIRECTION ( 'NONE',  ( -0.000000000000000000, 1.000000000000000000, 0.000000000000000000 ) ) ;
#438 = VERTEX_POINT ( 'NONE', #22 ) ;
#439 = PLANE ( 'NONE',  #100 ) ;
#440 = ORIENTED_EDGE ( 'NONE', *, *, #288, .F. ) ;
#441 = CARTESIAN_POINT ( 'NONE',  ( -4.000000000000000888, 54.14999999999999858, 23.80000000000003268 ) ) ;
#442 = EDGE_CURVE ( 'NONE', #751, #156, #255, .T. ) ;
#443 = CARTESIAN_POINT ( 'NONE',  ( -2.928932188134526715, 67.25000000000000000, 3.616162847937722206E-15 ) ) ;
#444 = FACE_OUTER_BOUND ( 'NONE', #695, .T. ) ;
#445 = EDGE_LOOP ( 'NONE', ( #318, #1143, #806, #107 ) ) ;
#446 = FACE_OUTER_BOUND ( 'NONE', #1071, .T. ) ;
#447 = VERTEX_POINT ( 'NONE', #385 ) ;
#448 = AXIS2_PLACEMENT_3D ( 'NONE', #1100, #146, #368 ) ;
#449 = VECTOR ( 'NONE', #1445, 1000.000000000000000 ) ;
#450 = DIRECTION ( 'NONE',  ( -0.000000000000000000, 1.000000000000000000, 0.000000000000000000 ) ) ;
#451 = CARTESIAN_POINT ( 'NONE',  ( -13.99999999999999822, 67.25000000000000000, 13.80000000000003446 ) ) ;
#452 = EDGE_CURVE ( 'NONE', #335, #99, #425, .T. ) ;
#453 = VECTOR ( 'NONE', #552, 1000.000000000000000 ) ;
#454 = EDGE_CURVE ( 'NONE', #1315, #1454, #630, .T. ) ;
#455 = AXIS2_PLACEMENT_3D ( 'NONE', #615, #409, #159 ) ;
#456 = ORIENTED_EDGE ( 'NONE', *, *, #1432, .F. ) ;
#457 = CARTESIAN_POINT ( 'NONE',  ( 6.999999999999999112, 3.000000000000000000, 12.80000000000003268 ) ) ;
#458 = VECTOR ( 'NONE', #1250, 1000.000000000000000 ) ;
#459 = VERTEX_POINT ( 'NONE', #987 ) ;
#460 = CARTESIAN_POINT ( 'NONE',  ( 15.00000000000000000, 67.25000000000000000, 13.80000000000003446 ) ) ;
#461 = CARTESIAN_POINT ( 'NONE',  ( 15.00000000000000000, 7.000000000000000000, 18.80000000000003268 ) ) ;
#462 = VERTEX_POINT ( 'NONE', #595 ) ;
#463 = DIRECTION ( 'NONE',  ( 0.000000000000000000, 0.000000000000000000, 1.000000000000000000 ) ) ;
#464 = EDGE_LOOP ( 'NONE', ( #513, #1149, #1036, #1320 ) ) ;
#465 = ADVANCED_FACE ( 'NONE', ( #1200 ), #9, .F. ) ;
#466 = DIRECTION ( 'NONE',  ( 0.000000000000000000, 0.000000000000000000, 1.000000000000000000 ) ) ;
#467 = CARTESIAN_POINT ( 'NONE',  ( -13.99999999999999822, 67.25000000000000000, 12.80000000000003268 ) ) ;
#468 = ORIENTED_EDGE ( 'NONE', *, *, #1017, .F. ) ;
#469 = FACE_OUTER_BOUND ( 'NONE', #1229, .T. ) ;
#470 = ORIENTED_EDGE ( 'NONE', *, *, #166, .T. ) ;
#471 = FACE_OUTER_BOUND ( 'NONE', #410, .T. ) ;
#472 = CIRCLE ( 'NONE', #1251, 1.750000000000001554 ) ;
#473 = DIRECTION ( 'NONE',  ( 0.000000000000000000, 0.000000000000000000, -1.000000000000000000 ) ) ;
#474 = CYLINDRICAL_SURFACE ( 'NONE', #1447, 1.000000000000000888 ) ;
#475 = VECTOR ( 'NONE', #332, 1000.000000000000000 ) ;
#476 = ORIENTED_EDGE ( 'NONE', *, *, #1395, .F. ) ;
#477 = AXIS2_PLACEMENT_3D ( 'NONE', #3, #958, #1430 ) ;
#478 = FACE_OUTER_BOUND ( 'NONE', #1426, .T. ) ;
#479 = AXIS2_PLACEMENT_3D ( 'NONE', #61, #542, #1016 ) ;
#480 = ORIENTED_EDGE ( 'NONE', *, *, #442, .T. ) ;
#481 = FACE_OUTER_BOUND ( 'NONE', #711, .T. ) ;
#482 = VECTOR ( 'NONE', #974, 1000.000000000000000 ) ;
#483 = ADVANCED_FACE ( 'NONE', ( #361, #490 ), #169, .F. ) ;
#484 = PLANE ( 'NONE',  #896 ) ;
#485 = SHAPE_DEFINITION_REPRESENTATION ( #137, #1185 ) ;
#486 = EDGE_LOOP ( 'NONE', ( #511, #189, #1528, #1050 ) ) ;
#487 = DIRECTION ( 'NONE',  ( -0.000000000000000000, 1.000000000000000000, 2.385244779468110248E-16 ) ) ;
#488 = VERTEX_POINT ( 'NONE', #1478 ) ;
#489 = DIRECTION ( 'NONE',  ( 0.7071067811865465735, 0.000000000000000000, -0.7071067811865485719 ) ) ;
#490 = FACE_BOUND ( 'NONE', #208, .T. ) ;
#491 = EDGE_CURVE ( 'NONE', #986, #741, #424, .T. ) ;
#492 = DIRECTION ( 'NONE',  ( 0.000000000000000000, -1.000000000000000000, 0.000000000000000000 ) ) ;
#493 = CARTESIAN_POINT ( 'NONE',  ( 0.000000000000000000, 67.25000000000000000, 0.000000000000000000 ) ) ;
#494 = EDGE_LOOP ( 'NONE', ( #440, #608, #210, #982 ) ) ;
#495 = CARTESIAN_POINT ( 'NONE',  ( -13.00000000000000000, 6.938893903907228378E-15, 2.297267165458706454E-17 ) ) ;
#496 = ORIENTED_EDGE ( 'NONE', *, *, #1334, .T. ) ;
#497 = DIRECTION ( 'NONE',  ( 0.000000000000000000, 1.000000000000000000, 0.000000000000000000 ) ) ;
#498 = DIRECTION ( 'NONE',  ( 0.7071067811865460184, 0.000000000000000000, 0.7071067811865489050 ) ) ;
#499 = CARTESIAN_POINT ( 'NONE',  ( 15.00000000000000000, 3.000000000000000000, 12.80000000000003268 ) ) ;
#500 = ORIENTED_EDGE ( 'NONE', *, *, #1289, .F. ) ;
#501 = CARTESIAN_POINT ( 'NONE',  ( -6.999999999999999112, 67.25000000000000000, 10.00000000000003375 ) ) ;
#502 = AXIS2_PLACEMENT_3D ( 'NONE', #360, #1504, #321 ) ;
#503 = VERTEX_POINT ( 'NONE', #1012 ) ;
#504 = AXIS2_PLACEMENT_3D ( 'NONE', #272, #745, #192 ) ;
#505 = CARTESIAN_POINT ( 'NONE',  ( 7.500000000000000000, 57.14999999999999858, 23.80000000000003268 ) ) ;
#506 = ORIENTED_EDGE ( 'NONE', *, *, #1413, .T. ) ;
#507 = DIRECTION ( 'NONE',  ( 0.000000000000000000, 0.000000000000000000, -1.000000000000000000 ) ) ;
#508 = ORIENTED_EDGE ( 'NONE', *, *, #1075, .T. ) ;
#509 = CARTESIAN_POINT ( 'NONE',  ( -7.500000000000001776, 57.14999999999999858, 23.80000000000003268 ) ) ;
#510 = EDGE_CURVE ( 'NONE', #1159, #114, #411, .T. ) ;
#511 = ORIENTED_EDGE ( 'NONE', *, *, #1450, .F. ) ;
#512 = DIRECTION ( 'NONE',  ( -0.000000000000000000, -0.000000000000000000, -1.000000000000000000 ) ) ;
#513 = ORIENTED_EDGE ( 'NONE', *, *, #433, .F. ) ;
#514 = CARTESIAN_POINT ( 'NONE',  ( 12.99999999999999289, 6.938893903907228378E-15, -2.795952976807744441E-15 ) ) ;
#515 = VERTEX_POINT ( 'NONE', #301 ) ;
#516 = PLANE ( 'NONE',  #699 ) ;
#517 = VERTEX_POINT ( 'NONE', #44 ) ;
#518 = EDGE_CURVE ( 'NONE', #1069, #548, #1368, .T. ) ;
#519 = LINE ( 'NONE', #63, #921 ) ;
#520 = FACE_OUTER_BOUND ( 'NONE', #218, .T. ) ;
#521 = CARTESIAN_POINT ( 'NONE',  ( 0.000000000000000000, 3.000000000000000000, 0.000000000000000000 ) ) ;
#522 = ORIENTED_EDGE ( 'NONE', *, *, #518, .F. ) ;
#523 = CARTESIAN_POINT ( 'NONE',  ( 7.500000000000000888, 47.64999999999999147, 23.80000000000003268 ) ) ;
#524 = AXIS2_PLACEMENT_3D ( 'NONE', #1078, #512, #1335 ) ;
#525 = ORIENTED_EDGE ( 'NONE', *, *, #510, .F. ) ;
#526 = VECTOR ( 'NONE', #890, 1000.000000000000000 ) ;
#527 = EDGE_CURVE ( 'NONE', #1253, #1433, #183, .T. ) ;
#528 = VECTOR ( 'NONE', #238, 1000.000000000000000 ) ;
#529 = CARTESIAN_POINT ( 'NONE',  ( -14.14644660940673049, 3.000000000000000000, 9.146446609406762462 ) ) ;
#530 = CIRCLE ( 'NONE', #1130, 4.000000000000000888 ) ;
#531 = CARTESIAN_POINT ( 'NONE',  ( -4.000000000000000000, 60.65000000000000568, 18.80000000000003268 ) ) ;
#532 = CARTESIAN_POINT ( 'NONE',  ( 13.79289321881345565, 3.000000000000002665, 9.500000000000031974 ) ) ;
#533 = ORIENTED_EDGE ( 'NONE', *, *, #640, .T. ) ;
#534 = LINE ( 'NONE', #1127, #975 ) ;
#535 = VERTEX_POINT ( 'NONE', #529 ) ;
#536 = CARTESIAN_POINT ( 'NONE',  ( 2.928932188134516057, 67.25000000000000000, -3.616162847937710373E-15 ) ) ;
#537 = DIRECTION ( 'NONE',  ( -0.000000000000000000, 1.000000000000000000, 1.301042606982605567E-16 ) ) ;
#538 = DIRECTION ( 'NONE',  ( 0.000000000000000000, 0.000000000000000000, 1.000000000000000000 ) ) ;
#539 = ADVANCED_FACE ( 'NONE', ( #393 ), #659, .T. ) ;
#540 = EDGE_CURVE ( 'NONE', #1498, #938, #867, .T. ) ;
#541 = VERTEX_POINT ( 'NONE', #1354 ) ;
#542 = DIRECTION ( 'NONE',  ( 0.000000000000000000, -1.000000000000000000, 0.000000000000000000 ) ) ;
#543 = ORIENTED_EDGE ( 'NONE', *, *, #200, .F. ) ;
#544 = DIRECTION ( 'NONE',  ( 0.000000000000000000, -1.000000000000000000, 0.000000000000000000 ) ) ;
#545 = DIRECTION ( 'NONE',  ( 0.000000000000000000, 0.000000000000000000, 1.000000000000000000 ) ) ;
#546 = CARTESIAN_POINT ( 'NONE',  ( 15.00000000000000000, 67.25000000000000000, 12.80000000000003268 ) ) ;
#547 = EDGE_CURVE ( 'NONE', #1094, #1466, #519, .T. ) ;
#548 = VERTEX_POINT ( 'NONE', #1265 ) ;
#549 = DIRECTION ( 'NONE',  ( 0.000000000000000000, -1.000000000000000000, -2.385244779468110248E-16 ) ) ;
#550 = ORIENTED_EDGE ( 'NONE', *, *, #1162, .T. ) ;
#551 = VECTOR ( 'NONE', #932, 1000.000000000000000 ) ;
#552 = DIRECTION ( 'NONE',  ( -9.130123557772660939E-17, -1.000000000000000000, -0.000000000000000000 ) ) ;
#553 = CARTESIAN_POINT ( 'NONE',  ( 4.000000000000000000, 57.14999999999999858, 18.80000000000003268 ) ) ;
#554 = VECTOR ( 'NONE', #1434, 1000.000000000000000 ) ;
#555 = FACE_OUTER_BOUND ( 'NONE', #762, .T. ) ;
#556 = VERTEX_POINT ( 'NONE', #1019 ) ;
#557 = CARTESIAN_POINT ( 'NONE',  ( -13.00000000000000000, 3.000000000000007105, 7.385461054950201297E-16 ) ) ;
#558 = VERTEX_POINT ( 'NONE', #750 ) ;
#559 = ADVANCED_FACE ( 'NONE', ( #1494 ), #1122, .F. ) ;
#560 = LINE ( 'NONE', #1184, #253 ) ;
#561 = DIRECTION ( 'NONE',  ( 1.000000000000000000, 0.000000000000000000, -1.234635223917868174E-15 ) ) ;
#562 = CARTESIAN_POINT ( 'NONE',  ( -13.99999999999999822, 67.25000000000000000, 13.80000000000003446 ) ) ;
#563 = EDGE_LOOP ( 'NONE', ( #852, #1406, #1027, #75 ) ) ;
#564 = DIRECTION ( 'NONE',  ( 0.000000000000000000, -2.385244779468110248E-16, 1.000000000000000000 ) ) ;
#565 = VERTEX_POINT ( 'NONE', #1378 ) ;
#566 = EDGE_CURVE ( 'NONE', #35, #1137, #252, .T. ) ;
#567 = EDGE_CURVE ( 'NONE', #1000, #1331, #667, .T. ) ;
#568 = FACE_OUTER_BOUND ( 'NONE', #616, .T. ) ;
#569 = DIRECTION ( 'NONE',  ( 0.000000000000000000, -1.000000000000000000, 0.000000000000000000 ) ) ;
#570 = ORIENTED_EDGE ( 'NONE', *, *, #1527, .T. ) ;
#571 = CARTESIAN_POINT ( 'NONE',  ( 14.14768073325285869, 0.000000000000000000, 9.147680733252887109 ) ) ;
#572 = ORIENTED_EDGE ( 'NONE', *, *, #91, .F. ) ;
#573 = AXIS2_PLACEMENT_3D ( 'NONE', #1090, #843, #378 ) ;
#574 = LINE ( 'NONE', #1525, #300 ) ;
#575 = VECTOR ( 'NONE', #835, 1000.000000000000000 ) ;
#576 = EDGE_CURVE ( 'NONE', #1009, #182, #1077, .T. ) ;
#577 = AXIS2_PLACEMENT_3D ( 'NONE', #712, #116, #315 ) ;
#578 = ORIENTED_EDGE ( 'NONE', *, *, #977, .F. ) ;
#579 = DIRECTION ( 'NONE',  ( 0.000000000000000000, 1.000000000000000000, 1.301042606982605567E-16 ) ) ;
#580 = VECTOR ( 'NONE', #1193, 1000.000000000000000 ) ;
#581 = ORIENTED_EDGE ( 'NONE', *, *, #45, .F. ) ;
#582 = DIRECTION ( 'NONE',  ( -0.7071067811865465735, -0.000000000000000000, 0.7071067811865485719 ) ) ;
#583 = CARTESIAN_POINT ( 'NONE',  ( 4.999999999999928058, 2.999999999999998224, 36.80000000000002558 ) ) ;
#584 = ORIENTED_EDGE ( 'NONE', *, *, #1219, .F. ) ;
#585 = CARTESIAN_POINT ( 'NONE',  ( -15.00000000000000000, 67.25000000000000000, 12.80000000000003268 ) ) ;
#586 = EDGE_CURVE ( 'NONE', #320, #1135, #69, .T. ) ;
#587 = EDGE_LOOP ( 'NONE', ( #522, #832, #136, #508 ) ) ;
#588 = CARTESIAN_POINT ( 'NONE',  ( -7.500000000000000888, 47.64999999999999147, 23.80000000000003268 ) ) ;
#589 = DIRECTION ( 'NONE',  ( -0.000000000000000000, 1.000000000000000000, -0.000000000000000000 ) ) ;
#590 = ORIENTED_EDGE ( 'NONE', *, *, #540, .F. ) ;
#591 = CARTESIAN_POINT ( 'NONE',  ( 4.999999999999999112, -2.602085213965210642E-15, 38.80000000000002558 ) ) ;
#592 = EDGE_CURVE ( 'NONE', #1458, #320, #626, .T. ) ;
#593 = EDGE_LOOP ( 'NONE', ( #674, #376, #40, #271 ) ) ;
#594 = DIRECTION ( 'NONE',  ( -0.000000000000000000, -1.000000000000000000, -0.000000000000000000 ) ) ;
#595 = CARTESIAN_POINT ( 'NONE',  ( -6.999999999999999112, 3.000000000000000000, 12.80000000000003268 ) ) ;
#596 = CARTESIAN_POINT ( 'NONE',  ( 6.999999999999999112, 3.000000000000000000, 12.80000000000003268 ) ) ;
#597 = AXIS2_PLACEMENT_3D ( 'NONE', #1170, #1511, #915 ) ;
#598 = EDGE_LOOP ( 'NONE', ( #1089, #1435, #1183, #1018 ) ) ;
#599 = LINE ( 'NONE', #810, #554 ) ;
#600 = VECTOR ( 'NONE', #83, 1000.000000000000000 ) ;
#601 = ORIENTED_EDGE ( 'NONE', *, *, #576, .T. ) ;
#602 = PLANE ( 'NONE',  #98 ) ;
#603 = VECTOR ( 'NONE', #356, 1000.000000000000000 ) ;
#604 = EDGE_CURVE ( 'NONE', #1080, #968, #874, .T. ) ;
#605 = CARTESIAN_POINT ( 'NONE',  ( 12.08999999999999986, 0.000000000000000000, 11.20536146650573706 ) ) ;
#606 = ORIENTED_EDGE ( 'NONE', *, *, #887, .F. ) ;
#607 = DIRECTION ( 'NONE',  ( -1.000000000000000000, -0.000000000000000000, -0.000000000000000000 ) ) ;
#608 = ORIENTED_EDGE ( 'NONE', *, *, #1075, .F. ) ;
#609 = CARTESIAN_POINT ( 'NONE',  ( 3.741295971395168558E-15, -2.500000000396065611E-05, 27.05000000000003268 ) ) ;
#610 = ORIENTED_EDGE ( 'NONE', *, *, #566, .T. ) ;
#611 = LINE ( 'NONE', #617, #43 ) ;
#612 = PLANE ( 'NONE',  #1049 ) ;
#613 = DIRECTION ( 'NONE',  ( 0.000000000000000000, -0.000000000000000000, 1.000000000000000000 ) ) ;
#614 = ORIENTED_EDGE ( 'NONE', *, *, #937, .T. ) ;
#615 = CARTESIAN_POINT ( 'NONE',  ( -13.99999999999999822, 3.000000000000002665, 13.80000000000003446 ) ) ;
#616 = EDGE_LOOP ( 'NONE', ( #931, #388, #258, #917 ) ) ;
#617 = CARTESIAN_POINT ( 'NONE',  ( 15.00000000000000000, 0.000000000000000000, 10.00000000000003375 ) ) ;
#618 = EDGE_CURVE ( 'NONE', #535, #1433, #404, .T. ) ;
#619 = CARTESIAN_POINT ( 'NONE',  ( 14.14644660940673049, 67.25000000000000000, 9.146446609406760686 ) ) ;
#620 = CARTESIAN_POINT ( 'NONE',  ( -13.99999999999999822, 67.25000000000000000, 12.80000000000003268 ) ) ;
#621 = STYLED_ITEM ( 'NONE', ( #1505 ), #144 ) ;
#622 = EDGE_CURVE ( 'NONE', #746, #1454, #755, .T. ) ;
#623 = VECTOR ( 'NONE', #1298, 1000.000000000000000 ) ;
#624 = ORIENTED_EDGE ( 'NONE', *, *, #717, .F. ) ;
#625 = DIRECTION ( 'NONE',  ( -9.130123557772660939E-17, -1.000000000000000000, -0.000000000000000000 ) ) ;
#626 = CIRCLE ( 'NONE', #1325, 3.500000000000001332 ) ;
#627 = ORIENTED_EDGE ( 'NONE', *, *, #1503, .T. ) ;
#628 = VECTOR ( 'NONE', #795, 1000.000000000000000 ) ;
#629 = CIRCLE ( 'NONE', #1502, 3.500000000000001332 ) ;
#630 = LINE ( 'NONE', #31, #73 ) ;
#631 = VECTOR ( 'NONE', #1307, 1000.000000000000000 ) ;
#632 = LINE ( 'NONE', #15, #996 ) ;
#633 = DIRECTION ( 'NONE',  ( 0.000000000000000000, 0.000000000000000000, 1.000000000000000000 ) ) ;
#634 = ORIENTED_EDGE ( 'NONE', *, *, #782, .T. ) ;
#635 = DIRECTION ( 'NONE',  ( -4.930380657631323784E-32, -1.000000000000000000, -2.461820351650061511E-16 ) ) ;
#636 = DIRECTION ( 'NONE',  ( 1.000000000000000000, 0.000000000000000000, 0.000000000000000000 ) ) ;
#637 = CYLINDRICAL_SURFACE ( 'NONE', #1328, 8.000000000000000000 ) ;
#638 = ORIENTED_EDGE ( 'NONE', *, *, #1162, .F. ) ;
#639 = LINE ( 'NONE', #985, #229 ) ;
#640 = EDGE_CURVE ( 'NONE', #656, #1043, #1510, .T. ) ;
#641 = ORIENTED_EDGE ( 'NONE', *, *, #586, .T. ) ;
#642 = DIRECTION ( 'NONE',  ( 0.000000000000000000, -0.000000000000000000, 1.000000000000000000 ) ) ;
#643 = CARTESIAN_POINT ( 'NONE',  ( 13.00000000000000000, 0.000000000000000000, 28.79999999999997229 ) ) ;
#644 = LINE ( 'NONE', #407, #458 ) ;
#645 = VERTEX_POINT ( 'NONE', #251 ) ;
#646 = DIRECTION ( 'NONE',  ( 0.000000000000000000, 0.000000000000000000, 1.000000000000000000 ) ) ;
#647 = CIRCLE ( 'NONE', #96, 10.00000000000000178 ) ;
#648 = ORIENTED_EDGE ( 'NONE', *, *, #772, .T. ) ;
#649 = AXIS2_PLACEMENT_3D ( 'NONE', #1508, #1010, #172 ) ;
#650 = ADVANCED_FACE ( 'NONE', ( #471 ), #602, .F. ) ;
#651 = CARTESIAN_POINT ( 'NONE',  ( -7.500000000000000888, 47.64999999999999147, 18.80000000000003268 ) ) ;
#652 = EDGE_CURVE ( 'NONE', #438, #739, #956, .T. ) ;
#653 = VECTOR ( 'NONE', #669, 1000.000000000000000 ) ;
#654 = CARTESIAN_POINT ( 'NONE',  ( 13.00000000000000000, 3.000000000000000000, 28.79999999999997229 ) ) ;
#655 = LINE ( 'NONE', #419, #702 ) ;
#656 = VERTEX_POINT ( 'NONE', #79 ) ;
#657 = CARTESIAN_POINT ( 'NONE',  ( 6.999999999999999112, 67.25000000000000000, 12.80000000000003268 ) ) ;
#658 = ORIENTED_EDGE ( 'NONE', *, *, #592, .F. ) ;
#659 = CYLINDRICAL_SURFACE ( 'NONE', #302, 1.000000000000000888 ) ;
#660 = EDGE_CURVE ( 'NONE', #565, #1451, #1324, .T. ) ;
#661 = EDGE_CURVE ( 'NONE', #438, #488, #348, .T. ) ;
#662 = CARTESIAN_POINT ( 'NONE',  ( 6.999999999999999112, 3.000000000000000000, 10.00000000000003375 ) ) ;
#663 = PLANE ( 'NONE',  #405 ) ;
#664 = ORIENTED_EDGE ( 'NONE', *, *, #1290, .F. ) ;
#665 = PLANE ( 'NONE',  #822 ) ;
#666 = ORIENTED_EDGE ( 'NONE', *, *, #708, .F. ) ;
#667 = LINE ( 'NONE', #1005, #1304 ) ;
#668 = FILL_AREA_STYLE_COLOUR ( '', #249 ) ;
#669 = DIRECTION ( 'NONE',  ( 1.000000000000000000, 0.000000000000000000, -2.168404344971008868E-16 ) ) ;
#670 = EDGE_CURVE ( 'NONE', #1069, #1172, #1429, .T. ) ;
#671 = ORIENTED_EDGE ( 'NONE', *, *, #1121, .F. ) ;
#672 = LINE ( 'NONE', #1277, #1230 ) ;
#673 = EDGE_CURVE ( 'NONE', #5, #794, #1176, .T. ) ;
#674 = ORIENTED_EDGE ( 'NONE', *, *, #1323, .F. ) ;
#675 = AXIS2_PLACEMENT_3D ( 'NONE', #1539, #807, #561 ) ;
#676 = AXIS2_PLACEMENT_3D ( 'NONE', #190, #1242, #1144 ) ;
#677 = DIRECTION ( 'NONE',  ( 0.7071067811865485719, -0.000000000000000000, 0.7071067811865465735 ) ) ;
#678 = AXIS2_PLACEMENT_3D ( 'NONE', #780, #1195, #1295 ) ;
#679 = CYLINDRICAL_SURFACE ( 'NONE', #275, 5.000000000000000000 ) ;
#680 = VECTOR ( 'NONE', #358, 1000.000000000000000 ) ;
#681 = DIRECTION ( 'NONE',  ( -0.000000000000000000, -0.000000000000000000, -1.000000000000000000 ) ) ;
#682 = ORIENTED_EDGE ( 'NONE', *, *, #392, .F. ) ;
#683 = CARTESIAN_POINT ( 'NONE',  ( 13.79289321881345387, 67.25000000000000000, 10.00000000000003375 ) ) ;
#684 = EDGE_CURVE ( 'NONE', #541, #148, #1191, .T. ) ;
#685 = ORIENTED_EDGE ( 'NONE', *, *, #1366, .T. ) ;
#686 = DIRECTION ( 'NONE',  ( -0.000000000000000000, 1.000000000000000000, 2.385244779468110248E-16 ) ) ;
#687 = CARTESIAN_POINT ( 'NONE',  ( 4.999999999999999112, 6.999999999999999112, 28.80000000000002558 ) ) ;
#688 = ORIENTED_EDGE ( 'NONE', *, *, #851, .F. ) ;
#689 = DIRECTION ( 'NONE',  ( -1.000000000000000000, 0.000000000000000000, -0.000000000000000000 ) ) ;
#690 = EDGE_LOOP ( 'NONE', ( #1417, #359, #292, #1287, #289, #934, #1519 ) ) ;
#691 = PLANE ( 'NONE',  #797 ) ;
#692 = DIRECTION ( 'NONE',  ( 0.000000000000000000, -1.301042606982605567E-16, 1.000000000000000000 ) ) ;
#693 = ORIENTED_EDGE ( 'NONE', *, *, #104, .F. ) ;
#694 = CARTESIAN_POINT ( 'NONE',  ( 15.00000000000000000, 67.25000000000000000, 17.80000000000003268 ) ) ;
#695 = EDGE_LOOP ( 'NONE', ( #1501, #12, #1041, #1509, #1404, #525, #1338, #298 ) ) ;
#696 = CIRCLE ( 'NONE', #371, 1.000000000000000888 ) ;
#697 = DIRECTION ( 'NONE',  ( -0.000000000000000000, 1.000000000000000000, -0.000000000000000000 ) ) ;
#698 = DIRECTION ( 'NONE',  ( -1.000000000000000000, 0.000000000000000000, 0.000000000000000000 ) ) ;
#699 = AXIS2_PLACEMENT_3D ( 'NONE', #991, #1459, #864 ) ;
#700 = ORIENTED_EDGE ( 'NONE', *, *, #1323, .T. ) ;
#701 = DIRECTION ( 'NONE',  ( -1.000000000000000000, 0.000000000000000000, 0.000000000000000000 ) ) ;
#702 = VECTOR ( 'NONE', #287, 1000.000000000000000 ) ;
#703 = ORIENTED_EDGE ( 'NONE', *, *, #618, .F. ) ;
#704 = CIRCLE ( 'NONE', #331, 10.00000000000000178 ) ;
#705 = LINE ( 'NONE', #1208, #1255 ) ;
#706 = FACE_OUTER_BOUND ( 'NONE', #563, .T. ) ;
#707 = DIRECTION ( 'NONE',  ( -1.000000000000000000, -5.172175143618105541E-32, 2.168404344971025385E-16 ) ) ;
#708 = EDGE_CURVE ( 'NONE', #1152, #1135, #1311, .T. ) ;
#709 = EDGE_LOOP ( 'NONE', ( #1515, #570, #1375, #1240 ) ) ;
#710 = CARTESIAN_POINT ( 'NONE',  ( 13.99999999999999822, 67.25000000000000000, 18.80000000000003268 ) ) ;
#711 = EDGE_LOOP ( 'NONE', ( #1113, #941, #244, #414, #753, #1541, #1209, #82 ) ) ;
#712 = CARTESIAN_POINT ( 'NONE',  ( 0.000000000000000000, 54.14999999999999858, 23.80000000000003268 ) ) ;
#713 = DIRECTION ( 'NONE',  ( 0.000000000000000000, -1.000000000000000000, -1.301042606982605567E-16 ) ) ;
#714 = CARTESIAN_POINT ( 'NONE',  ( 15.00000000000000000, 67.25000000000000000, 18.80000000000003268 ) ) ;
#715 = ORIENTED_EDGE ( 'NONE', *, *, #269, .F. ) ;
#716 = CARTESIAN_POINT ( 'NONE',  ( -4.999999999999944045, 2.999999999999997780, 36.80000000000002558 ) ) ;
#717 = EDGE_CURVE ( 'NONE', #984, #739, #201, .T. ) ;
#718 = ORIENTED_EDGE ( 'NONE', *, *, #784, .F. ) ;
#719 = EDGE_CURVE ( 'NONE', #447, #330, #245, .T. ) ;
#720 = DIRECTION ( 'NONE',  ( -1.000000000000000000, 0.000000000000000000, 0.000000000000000000 ) ) ;
#721 = DIRECTION ( 'NONE',  ( -0.000000000000000000, -0.000000000000000000, 1.000000000000000000 ) ) ;
#722 = AXIS2_PLACEMENT_3D ( 'NONE', #605, #1212, #735 ) ;
#723 = CARTESIAN_POINT ( 'NONE',  ( 3.526982781544381260E-15, 6.999999999999999112, 30.55000000000003624 ) ) ;
#724 = VECTOR ( 'NONE', #981, 1000.000000000000000 ) ;
#725 = CARTESIAN_POINT ( 'NONE',  ( 6.999999999999999112, 67.25000000000000000, 12.80000000000003268 ) ) ;
#726 = VECTOR ( 'NONE', #1235, 1000.000000000000000 ) ;
#727 = ORIENTED_EDGE ( 'NONE', *, *, #1314, .F. ) ;
#728 = CARTESIAN_POINT ( 'NONE',  ( 7.500000000000000000, 57.14999999999999858, 23.80000000000003268 ) ) ;
#729 = ADVANCED_FACE ( 'NONE', ( #907 ), #434, .T. ) ;
#730 = CARTESIAN_POINT ( 'NONE',  ( -2.928932188134520498, 67.25000000000000000, 5.000000000000004441 ) ) ;
#731 = CYLINDRICAL_SURFACE ( 'NONE', #1282, 0.5000000000000004441 ) ;
#732 = PLANE ( 'NONE',  #1107 ) ;
#733 = EDGE_LOOP ( 'NONE', ( #718, #796, #187, #1363 ) ) ;
#734 = FACE_OUTER_BOUND ( 'NONE', #296, .T. ) ;
#735 = DIRECTION ( 'NONE',  ( 0.000000000000000000, 0.000000000000000000, 1.000000000000000000 ) ) ;
#736 = ADVANCED_FACE ( 'NONE', ( #481 ), #1038, .F. ) ;
#737 = CARTESIAN_POINT ( 'NONE',  ( -13.99999999999999822, 67.25000000000000000, 17.80000000000003268 ) ) ;
#738 = CARTESIAN_POINT ( 'NONE',  ( 4.999999999999999112, 6.999999999999997335, 38.80000000000002558 ) ) ;
#739 = VERTEX_POINT ( 'NONE', #441 ) ;
#740 = DIRECTION ( 'NONE',  ( -9.130123557772660939E-17, 1.000000000000000000, 0.000000000000000000 ) ) ;
#741 = VERTEX_POINT ( 'NONE', #228 ) ;
#742 = CARTESIAN_POINT ( 'NONE',  ( 15.00000000000000000, 0.000000000000000000, 28.80000000000002203 ) ) ;
#743 = EDGE_CURVE ( 'NONE', #1310, #357, #560, .T. ) ;
#744 = ORIENTED_EDGE ( 'NONE', *, *, #1503, .F. ) ;
#745 = DIRECTION ( 'NONE',  ( -4.930380657631323784E-32, -1.000000000000000000, -2.461820351650061511E-16 ) ) ;
#746 = VERTEX_POINT ( 'NONE', #1392 ) ;
#747 = LINE ( 'NONE', #399, #1472 ) ;
#748 = VECTOR ( 'NONE', #284, 1000.000000000000000 ) ;
#749 = VECTOR ( 'NONE', #1480, 1000.000000000000000 ) ;
#750 = CARTESIAN_POINT ( 'NONE',  ( 14.14644660940673049, 3.000000000000002665, 9.146446609406760686 ) ) ;
#751 = VERTEX_POINT ( 'NONE', #728 ) ;
#752 = DIRECTION ( 'NONE',  ( 0.000000000000000000, -2.385244779468110248E-16, 1.000000000000000000 ) ) ;
#753 = ORIENTED_EDGE ( 'NONE', *, *, #454, .F. ) ;
#754 = LINE ( 'NONE', #1241, #23 ) ;
#755 = LINE ( 'NONE', #1066, #1252 ) ;
#756 =( LENGTH_UNIT ( ) NAMED_UNIT ( * ) SI_UNIT ( .MILLI., .METRE. ) );
#757 = DIRECTION ( 'NONE',  ( 0.000000000000000000, -1.000000000000000000, 0.000000000000000000 ) ) ;
#758 = EDGE_LOOP ( 'NONE', ( #470, #664, #432, #861 ) ) ;
#759 = DIRECTION ( 'NONE',  ( -0.000000000000000000, 1.000000000000000000, 1.301042606982605567E-16 ) ) ;
#760 = EDGE_CURVE ( 'NONE', #1269, #1137, #705, .T. ) ;
#761 = EDGE_CURVE ( 'NONE', #1137, #1490, #789, .T. ) ;
#762 = EDGE_LOOP ( 'NONE', ( #216, #912, #688, #1468 ) ) ;
#763 = DIRECTION ( 'NONE',  ( 1.000000000000000000, -9.130123557772660939E-17, 0.000000000000000000 ) ) ;
#764 = DIRECTION ( 'NONE',  ( 0.000000000000000000, -1.000000000000000000, 0.000000000000000000 ) ) ;
#765 = CARTESIAN_POINT ( 'NONE',  ( 13.79289321881345565, 3.000000000000002665, 9.500000000000031974 ) ) ;
#766 = ORIENTED_EDGE ( 'NONE', *, *, #1260, .F. ) ;
#767 = DIRECTION ( 'NONE',  ( 0.000000000000000000, -1.000000000000000000, 0.000000000000000000 ) ) ;
#768 = CIRCLE ( 'NONE', #999, 1.000000000000000888 ) ;
#769 = ORIENTED_EDGE ( 'NONE', *, *, #673, .F. ) ;
#770 = EDGE_CURVE ( 'NONE', #1383, #1152, #108, .T. ) ;
#771 = AXIS2_PLACEMENT_3D ( 'NONE', #55, #1486, #642 ) ;
#772 = EDGE_CURVE ( 'NONE', #809, #893, #747, .T. ) ;
#773 = VECTOR ( 'NONE', #759, 1000.000000000000000 ) ;
#774 = DIRECTION ( 'NONE',  ( 0.000000000000000000, -1.000000000000000000, 0.000000000000000000 ) ) ;
#775 = AXIS2_PLACEMENT_3D ( 'NONE', #97, #579, #633 ) ;
#776 = AXIS2_PLACEMENT_3D ( 'NONE', #333, #707, #207 ) ;
#777 = CYLINDRICAL_SURFACE ( 'NONE', #800, 5.000000000000000000 ) ;
#778 = CARTESIAN_POINT ( 'NONE',  ( 6.999999999999999112, 3.000000000000000000, 10.00000000000003375 ) ) ;
#779 = ORIENTED_EDGE ( 'NONE', *, *, #1365, .F. ) ;
#780 = CARTESIAN_POINT ( 'NONE',  ( 3.526982781544381260E-15, -2.500000000418833856E-05, 28.80000000000003268 ) ) ;
#781 = ORIENTED_EDGE ( 'NONE', *, *, #212, .F. ) ;
#782 = EDGE_CURVE ( 'NONE', #1009, #1490, #639, .T. ) ;
#783 = DIRECTION ( 'NONE',  ( 1.000000000000000000, -0.000000000000000000, 2.168404344971008868E-16 ) ) ;
#784 = EDGE_CURVE ( 'NONE', #5, #990, #142, .T. ) ;
#785 = DIRECTION ( 'NONE',  ( 0.000000000000000000, 0.000000000000000000, 1.000000000000000000 ) ) ;
#786 = ORIENTED_EDGE ( 'NONE', *, *, #566, .F. ) ;
#787 = DIRECTION ( 'NONE',  ( 0.000000000000000000, 0.000000000000000000, -1.000000000000000000 ) ) ;
#788 = EDGE_LOOP ( 'NONE', ( #1168, #306, #1082, #634 ) ) ;
#789 = LINE ( 'NONE', #1272, #1400 ) ;
#790 = DIRECTION ( 'NONE',  ( 0.000000000000000000, 1.301042606982605567E-16, -1.000000000000000000 ) ) ;
#791 = LINE ( 'NONE', #1014, #1524 ) ;
#792 = ADVANCED_FACE ( 'NONE', ( #734 ), #516, .T. ) ;
#793 = EDGE_CURVE ( 'NONE', #938, #1141, #1422, .T. ) ;
#794 = VERTEX_POINT ( 'NONE', #389 ) ;
#795 = DIRECTION ( 'NONE',  ( -1.000000000000000000, -0.000000000000000000, 1.234635223917868174E-15 ) ) ;
#796 = ORIENTED_EDGE ( 'NONE', *, *, #126, .F. ) ;
#797 = AXIS2_PLACEMENT_3D ( 'NONE', #323, #93, #473 ) ;
#798 = DIRECTION ( 'NONE',  ( -0.000000000000000000, 1.000000000000000000, 2.385244779468110248E-16 ) ) ;
#799 = CIRCLE ( 'NONE', #1546, 0.5000000000000004441 ) ;
#800 = AXIS2_PLACEMENT_3D ( 'NONE', #412, #764, #1133 ) ;
#801 = DIRECTION ( 'NONE',  ( -0.000000000000000000, 1.000000000000000000, 0.000000000000000000 ) ) ;
#802 = VECTOR ( 'NONE', #34, 1000.000000000000000 ) ;
#803 = LINE ( 'NONE', #215, #580 ) ;
#804 = VERTEX_POINT ( 'NONE', #1476 ) ;
#805 = LINE ( 'NONE', #1035, #1028 ) ;
#806 = ORIENTED_EDGE ( 'NONE', *, *, #866, .F. ) ;
#807 = DIRECTION ( 'NONE',  ( 1.234635223917868174E-15, -0.000000000000000000, 1.000000000000000000 ) ) ;
#808 = FACE_OUTER_BOUND ( 'NONE', #593, .T. ) ;
#809 = VERTEX_POINT ( 'NONE', #1353 ) ;
#810 = CARTESIAN_POINT ( 'NONE',  ( 7.500000000000000888, 38.98974596215548871, 18.80000000000003268 ) ) ;
#811 = VERTEX_POINT ( 'NONE', #1216 ) ;
#812 = EDGE_CURVE ( 'NONE', #517, #535, #1114, .T. ) ;
#813 = EDGE_CURVE ( 'NONE', #1322, #565, #1106, .T. ) ;
#814 = DIRECTION ( 'NONE',  ( 0.000000000000000000, 0.000000000000000000, 1.000000000000000000 ) ) ;
#815 = FACE_OUTER_BOUND ( 'NONE', #1513, .T. ) ;
#816 = ORIENTED_EDGE ( 'NONE', *, *, #1169, .F. ) ;
#817 = FACE_OUTER_BOUND ( 'NONE', #180, .T. ) ;
#818 = ORIENTED_EDGE ( 'NONE', *, *, #17, .T. ) ;
#819 = AXIS2_PLACEMENT_3D ( 'NONE', #730, #239, #836 ) ;
#820 = DIRECTION ( 'NONE',  ( 0.000000000000000000, -0.8660254037844415942, -0.4999999999999950040 ) ) ;
#821 = CARTESIAN_POINT ( 'NONE',  ( 13.99999999999999822, 3.000000000000000000, 12.80000000000003268 ) ) ;
#822 = AXIS2_PLACEMENT_3D ( 'NONE', #1263, #431, #904 ) ;
#823 = VERTEX_POINT ( 'NONE', #1345 ) ;
#824 = CARTESIAN_POINT ( 'NONE',  ( 15.00000000000000000, 2.999999999999997780, 38.80000000000002558 ) ) ;
#825 = VECTOR ( 'NONE', #340, 1000.000000000000000 ) ;
#826 = ORIENTED_EDGE ( 'NONE', *, *, #878, .F. ) ;
#827 = DIRECTION ( 'NONE',  ( 0.000000000000000000, -2.478176394252579169E-16, 1.000000000000000000 ) ) ;
#828 = CARTESIAN_POINT ( 'NONE',  ( -6.999999999999999112, 67.25000000000000000, 12.80000000000003268 ) ) ;
#829 = DIRECTION ( 'NONE',  ( 0.000000000000000000, 0.000000000000000000, -1.000000000000000000 ) ) ;
#830 = EDGE_CURVE ( 'NONE', #645, #1331, #41, .T. ) ;
#831 = EDGE_CURVE ( 'NONE', #1383, #320, #1088, .T. ) ;
#832 = ORIENTED_EDGE ( 'NONE', *, *, #670, .T. ) ;
#833 = LINE ( 'NONE', #585, #230 ) ;
#834 = ORIENTED_EDGE ( 'NONE', *, *, #1163, .T. ) ;
#835 = DIRECTION ( 'NONE',  ( 0.000000000000000000, -1.000000000000000000, 0.000000000000000000 ) ) ;
#836 = DIRECTION ( 'NONE',  ( 0.000000000000000000, 0.000000000000000000, 1.000000000000000000 ) ) ;
#837 = EDGE_CURVE ( 'NONE', #1291, #556, #1104, .T. ) ;
#838 = CARTESIAN_POINT ( 'NONE',  ( -13.00000000000000178, 3.000000000000000444, 28.79999999999997584 ) ) ;
#839 = DIRECTION ( 'NONE',  ( 0.000000000000000000, -2.385244779468110248E-16, 1.000000000000000000 ) ) ;
#840 = ADVANCED_FACE ( 'NONE', ( #858 ), #19, .F. ) ;
#841 = VERTEX_POINT ( 'NONE', #36 ) ;
#842 = DIRECTION ( 'NONE',  ( 0.000000000000000000, -1.000000000000000000, 0.000000000000000000 ) ) ;
#843 = DIRECTION ( 'NONE',  ( -0.000000000000000000, 1.000000000000000000, 1.301042606982605567E-16 ) ) ;
#844 = CARTESIAN_POINT ( 'NONE',  ( -6.999999999999999112, 67.25000000000000000, 12.80000000000003268 ) ) ;
#845 = AXIS2_PLACEMENT_3D ( 'NONE', #860, #713, #1340 ) ;
#846 = CARTESIAN_POINT ( 'NONE',  ( -4.999999999999944045, -2.168404344971008868E-15, 36.80000000000002558 ) ) ;
#847 = AXIS2_PLACEMENT_3D ( 'NONE', #523, #13, #978 ) ;
#848 = ORIENTED_EDGE ( 'NONE', *, *, #1211, .T. ) ;
#849 = LINE ( 'NONE', #267, #377 ) ;
#850 = AXIS2_PLACEMENT_3D ( 'NONE', #493, #983, #369 ) ;
#851 = EDGE_CURVE ( 'NONE', #541, #938, #1225, .T. ) ;
#852 = ORIENTED_EDGE ( 'NONE', *, *, #830, .T. ) ;
#853 = DIRECTION ( 'NONE',  ( -0.000000000000000000, 1.000000000000000000, 1.301042606982605567E-16 ) ) ;
#854 = CARTESIAN_POINT ( 'NONE',  ( 0.000000000000000000, 0.000000000000000000, 0.000000000000000000 ) ) ;
#855 = CYLINDRICAL_SURFACE ( 'NONE', #222, 1.000000000000000888 ) ;
#856 = CARTESIAN_POINT ( 'NONE',  ( -4.000000000000000000, 60.65000000000000568, 23.80000000000003268 ) ) ;
#857 = ORIENTED_EDGE ( 'NONE', *, *, #592, .T. ) ;
#858 = FACE_OUTER_BOUND ( 'NONE', #283, .T. ) ;
#859 = ORIENTED_EDGE ( 'NONE', *, *, #1395, .T. ) ;
#860 = CARTESIAN_POINT ( 'NONE',  ( 13.99999999999999822, 6.999999999999999112, 17.80000000000003268 ) ) ;
#861 = ORIENTED_EDGE ( 'NONE', *, *, #1210, .T. ) ;
#862 = LINE ( 'NONE', #1449, #1204 ) ;
#863 = ORIENTED_EDGE ( 'NONE', *, *, #770, .F. ) ;
#864 = DIRECTION ( 'NONE',  ( 1.000000000000000000, 0.000000000000000000, -0.000000000000000000 ) ) ;
#865 = ORIENTED_EDGE ( 'NONE', *, *, #1, .F. ) ;
#866 = EDGE_CURVE ( 'NONE', #357, #1080, #899, .T. ) ;
#867 = LINE ( 'NONE', #293, #1025 ) ;
#868 = ORIENTED_EDGE ( 'NONE', *, *, #1530, .T. ) ;
#869 = PLANE ( 'NONE',  #1351 ) ;
#870 = ORIENTED_EDGE ( 'NONE', *, *, #1547, .F. ) ;
#871 = DIRECTION ( 'NONE',  ( 0.000000000000000000, 0.000000000000000000, 1.000000000000000000 ) ) ;
#872 = AXIS2_PLACEMENT_3D ( 'NONE', #960, #1529, #336 ) ;
#873 = CIRCLE ( 'NONE', #1306, 1.000000000000000888 ) ;
#874 = LINE ( 'NONE', #161, #375 ) ;
#875 = DIRECTION ( 'NONE',  ( -1.000000000000000000, 0.000000000000000000, 0.000000000000000000 ) ) ;
#876 = FACE_OUTER_BOUND ( 'NONE', #260, .T. ) ;
#877 = EDGE_CURVE ( 'NONE', #517, #823, #754, .T. ) ;
#878 = EDGE_CURVE ( 'NONE', #1141, #893, #1452, .T. ) ;
#879 = ORIENTED_EDGE ( 'NONE', *, *, #719, .F. ) ;
#880 = PLANE ( 'NONE',  #1052 ) ;
#881 = ORIENTED_EDGE ( 'NONE', *, *, #547, .T. ) ;
#882 = DIRECTION ( 'NONE',  ( 0.000000000000000000, -1.000000000000000000, 0.000000000000000000 ) ) ;
#883 = CARTESIAN_POINT ( 'NONE',  ( -4.000000000000000000, 60.65000000000000568, 23.80000000000003268 ) ) ;
#884 = LINE ( 'NONE', #778, #653 ) ;
#885 = ADVANCED_FACE ( 'NONE', ( #1001 ), #880, .F. ) ;
#886 = EDGE_LOOP ( 'NONE', ( #1522, #897, #859, #338 ) ) ;
#887 = EDGE_CURVE ( 'NONE', #515, #751, #849, .T. ) ;
#888 = FACE_OUTER_BOUND ( 'NONE', #758, .T. ) ;
#889 = ORIENTED_EDGE ( 'NONE', *, *, #717, .T. ) ;
#890 = DIRECTION ( 'NONE',  ( 0.000000000000000000, 0.000000000000000000, -1.000000000000000000 ) ) ;
#891 = DIRECTION ( 'NONE',  ( 0.000000000000000000, 0.000000000000000000, -1.000000000000000000 ) ) ;
#892 = DIRECTION ( 'NONE',  ( -0.000000000000000000, 1.000000000000000000, -0.000000000000000000 ) ) ;
#893 = VERTEX_POINT ( 'NONE', #297 ) ;
#894 = CARTESIAN_POINT ( 'NONE',  ( 1.479114197289400419E-31, -2.168404344971008868E-15, 36.80000000000002558 ) ) ;
#895 = EDGE_CURVE ( 'NONE', #357, #1022, #1136, .T. ) ;
#896 = AXIS2_PLACEMENT_3D ( 'NONE', #1312, #963, #1228 ) ;
#897 = ORIENTED_EDGE ( 'NONE', *, *, #957, .T. ) ;
#898 = ADVANCED_FACE ( 'NONE', ( #1499 ), #1160, .T. ) ;
#899 = CIRCLE ( 'NONE', #1079, 10.00000000000000178 ) ;
#900 = CARTESIAN_POINT ( 'NONE',  ( -7.500000000000000888, 47.64999999999999147, 23.80000000000003268 ) ) ;
#901 = CIRCLE ( 'NONE', #775, 1.750000000000001554 ) ;
#902 = LINE ( 'NONE', #87, #952 ) ;
#903 = ORIENTED_EDGE ( 'NONE', *, *, #793, .F. ) ;
#904 = DIRECTION ( 'NONE',  ( 0.000000000000000000, 0.000000000000000000, -1.000000000000000000 ) ) ;
#905 = ORIENTED_EDGE ( 'NONE', *, *, #299, .T. ) ;
#906 = EDGE_CURVE ( 'NONE', #1159, #335, #805, .T. ) ;
#907 = FACE_OUTER_BOUND ( 'NONE', #486, .T. ) ;
#908 = DIRECTION ( 'NONE',  ( -1.000000000000000000, -0.000000000000000000, 1.234635223917868174E-15 ) ) ;
#909 = CARTESIAN_POINT ( 'NONE',  ( 15.00000000000000000, 67.25000000000000000, 10.00000000000003375 ) ) ;
#910 = ORIENTED_EDGE ( 'NONE', *, *, #877, .F. ) ;
#911 = DIRECTION ( 'NONE',  ( 0.000000000000000000, 2.461820351650061511E-16, -1.000000000000000000 ) ) ;
#912 = ORIENTED_EDGE ( 'NONE', *, *, #540, .T. ) ;
#913 = CARTESIAN_POINT ( 'NONE',  ( 3.526982781544381260E-15, 3.000000000000000000, 28.80000000000003268 ) ) ;
#914 = EDGE_CURVE ( 'NONE', #423, #656, #1327, .T. ) ;
#915 = DIRECTION ( 'NONE',  ( 0.000000000000000000, 0.000000000000000000, -1.000000000000000000 ) ) ;
#916 = CARTESIAN_POINT ( 'NONE',  ( -2.928932188134526715, 0.000000000000000000, 3.616162847937722206E-15 ) ) ;
#917 = ORIENTED_EDGE ( 'NONE', *, *, #212, .T. ) ;
#918 = CARTESIAN_POINT ( 'NONE',  ( 5.000000000000000888, 3.000000000000000000, 28.80000000000002913 ) ) ;
#919 = ORIENTED_EDGE ( 'NONE', *, *, #1334, .F. ) ;
#920 = VECTOR ( 'NONE', #582, 1000.000000000000000 ) ;
#921 = VECTOR ( 'NONE', #544, 1000.000000000000000 ) ;
#922 = VECTOR ( 'NONE', #911, 1000.000000000000000 ) ;
#923 = CARTESIAN_POINT ( 'NONE',  ( -6.999999999999999112, 3.000000000000000000, 12.80000000000003268 ) ) ;
#924 = VECTOR ( 'NONE', #1337, 1000.000000000000000 ) ;
#925 = LINE ( 'NONE', #596, #1004 ) ;
#926 = CIRCLE ( 'NONE', #53, 5.000000000000000000 ) ;
#927 = ADVANCED_FACE ( 'NONE', ( #188 ), #439, .F. ) ;
#928 = ORIENTED_EDGE ( 'NONE', *, *, #243, .F. ) ;
#929 = DIRECTION ( 'NONE',  ( -1.000000000000000000, -0.000000000000000000, -0.000000000000000000 ) ) ;
#930 = ADVANCED_FACE ( 'NONE', ( #1023 ), #665, .T. ) ;
#931 = ORIENTED_EDGE ( 'NONE', *, *, #115, .F. ) ;
#932 = DIRECTION ( 'NONE',  ( 1.000000000000000000, 0.000000000000000000, 0.000000000000000000 ) ) ;
#933 = CARTESIAN_POINT ( 'NONE',  ( 12.99999999999999822, 0.000000000000000000, 18.80000000000003268 ) ) ;
#934 = ORIENTED_EDGE ( 'NONE', *, *, #837, .T. ) ;
#935 = LINE ( 'NONE', #1167, #353 ) ;
#936 = ADVANCED_FACE ( 'NONE', ( #313 ), #52, .T. ) ;
#937 = EDGE_CURVE ( 'NONE', #182, #90, #534, .T. ) ;
#938 = VERTEX_POINT ( 'NONE', #683 ) ;
#939 = CARTESIAN_POINT ( 'NONE',  ( -15.00000000000000000, 67.25000000000000000, 10.00000000000003375 ) ) ;
#940 = DIRECTION ( 'NONE',  ( -0.000000000000000000, 0.000000000000000000, -1.000000000000000000 ) ) ;
#941 = ORIENTED_EDGE ( 'NONE', *, *, #719, .T. ) ;
#942 = DIRECTION ( 'NONE',  ( 0.000000000000000000, -1.000000000000000000, 0.000000000000000000 ) ) ;
#943 = ORIENTED_EDGE ( 'NONE', *, *, #1219, .T. ) ;
#944 = CARTESIAN_POINT ( 'NONE',  ( 6.999999999999999112, 67.25000000000000000, 10.00000000000003553 ) ) ;
#945 = VECTOR ( 'NONE', #1032, 1000.000000000000000 ) ;
#946 = EDGE_CURVE ( 'NONE', #741, #1485, #181, .T. ) ;
#947 = PRESENTATION_LAYER_ASSIGNMENT (  '', '', ( #621 ) ) ;
#948 = EDGE_CURVE ( 'NONE', #1490, #90, #1500, .T. ) ;
#949 = CARTESIAN_POINT ( 'NONE',  ( 13.99999999999999822, 67.25000000000000000, 17.80000000000003268 ) ) ;
#950 = PLANE ( 'NONE',  #1283 ) ;
#951 = AXIS2_PLACEMENT_3D ( 'NONE', #657, #327, #646 ) ;
#952 = VECTOR ( 'NONE', #569, 1000.000000000000000 ) ;
#953 = ORIENTED_EDGE ( 'NONE', *, *, #1163, .F. ) ;
#954 = CARTESIAN_POINT ( 'NONE',  ( -4.000000000000000000, 60.65000000000000568, 23.80000000000003268 ) ) ;
#955 = ORIENTED_EDGE ( 'NONE', *, *, #1413, .F. ) ;
#956 = LINE ( 'NONE', #1083, #973 ) ;
#957 = EDGE_CURVE ( 'NONE', #1451, #1296, #672, .T. ) ;
#958 = DIRECTION ( 'NONE',  ( 0.000000000000000000, 0.000000000000000000, -1.000000000000000000 ) ) ;
#959 = ORIENTED_EDGE ( 'NONE', *, *, #261, .T. ) ;
#960 = CARTESIAN_POINT ( 'NONE',  ( -13.99999999999999822, 6.999999999999999112, 17.80000000000003268 ) ) ;
#961 = ORIENTED_EDGE ( 'NONE', *, *, #1547, .T. ) ;
#962 = DIRECTION ( 'NONE',  ( 1.000000000000000000, -0.000000000000000000, 0.000000000000000000 ) ) ;
#963 = DIRECTION ( 'NONE',  ( 0.000000000000000000, 0.000000000000000000, -1.000000000000000000 ) ) ;
#964 = LINE ( 'NONE', #844, #174 ) ;
#965 = DIRECTION ( 'NONE',  ( 0.000000000000000000, -1.000000000000000000, 0.000000000000000000 ) ) ;
#966 = ORIENTED_EDGE ( 'NONE', *, *, #946, .F. ) ;
#967 = DIRECTION ( 'NONE',  ( -0.7071067811865460184, 0.000000000000000000, -0.7071067811865489050 ) ) ;
#968 = VERTEX_POINT ( 'NONE', #1514 ) ;
#969 = FACE_OUTER_BOUND ( 'NONE', #1126, .T. ) ;
#970 =( NAMED_UNIT ( * ) SI_UNIT ( $, .STERADIAN. ) SOLID_ANGLE_UNIT ( ) );
#971 = VECTOR ( 'NONE', #1319, 1000.000000000000000 ) ;
#972 = ORIENTED_EDGE ( 'NONE', *, *, #851, .T. ) ;
#973 = VECTOR ( 'NONE', #352, 1000.000000000000000 ) ;
#974 = DIRECTION ( 'NONE',  ( -0.000000000000000000, -0.000000000000000000, 1.000000000000000000 ) ) ;
#975 = VECTOR ( 'NONE', #1254, 1000.000000000000000 ) ;
#976 = ORIENTED_EDGE ( 'NONE', *, *, #234, .F. ) ;
#977 = EDGE_CURVE ( 'NONE', #35, #1275, #76, .T. ) ;
#978 = DIRECTION ( 'NONE',  ( 9.130123557772660939E-17, -1.000000000000000000, 0.000000000000000000 ) ) ;
#979 = VECTOR ( 'NONE', #989, 1000.000000000000000 ) ;
#980 = ORIENTED_EDGE ( 'NONE', *, *, #1341, .F. ) ;
#981 = DIRECTION ( 'NONE',  ( -0.000000000000000000, -0.000000000000000000, -1.000000000000000000 ) ) ;
#982 = ORIENTED_EDGE ( 'NONE', *, *, #906, .F. ) ;
#983 = DIRECTION ( 'NONE',  ( -0.000000000000000000, 1.000000000000000000, 0.000000000000000000 ) ) ;
#984 = VERTEX_POINT ( 'NONE', #1390 ) ;
#985 = CARTESIAN_POINT ( 'NONE',  ( 4.999999999999928058, -2.168404344971008868E-15, 36.80000000000002558 ) ) ;
#986 = VERTEX_POINT ( 'NONE', #1484 ) ;
#987 = CARTESIAN_POINT ( 'NONE',  ( -4.999999999999997335, 6.999999999999997335, 38.80000000000002558 ) ) ;
#988 = FACE_OUTER_BOUND ( 'NONE', #194, .T. ) ;
#989 = DIRECTION ( 'NONE',  ( 2.168404344971025385E-16, -2.461820351650061511E-16, 1.000000000000000000 ) ) ;
#990 = VERTEX_POINT ( 'NONE', #319 ) ;
#991 = CARTESIAN_POINT ( 'NONE',  ( 0.000000000000000000, 54.14999999999999858, 33.80000000000003268 ) ) ;
#992 = ORIENTED_EDGE ( 'NONE', *, *, #1024, .T. ) ;
#993 = ADVANCED_FACE ( 'NONE', ( #446 ), #203, .F. ) ;
#994 = CARTESIAN_POINT ( 'NONE',  ( -4.000000000000000000, 57.14999999999999858, 18.80000000000003268 ) ) ;
#995 = ADVANCED_FACE ( 'NONE', ( #888 ), #1364, .F. ) ;
#996 = VECTOR ( 'NONE', #247, 1000.000000000000000 ) ;
#997 = CYLINDRICAL_SURFACE ( 'NONE', #1227, 4.000000000000000888 ) ;
#998 = FACE_OUTER_BOUND ( 'NONE', #1194, .T. ) ;
#999 = AXIS2_PLACEMENT_3D ( 'NONE', #949, #450, #814 ) ;
#1000 = VERTEX_POINT ( 'NONE', #1492 ) ;
#1001 = FACE_OUTER_BOUND ( 'NONE', #1174, .T. ) ;
#1002 = VECTOR ( 'NONE', #363, 1000.000000000000000 ) ;
#1003 = AXIS2_PLACEMENT_3D ( 'NONE', #221, #940, #698 ) ;
#1004 = VECTOR ( 'NONE', #240, 1000.000000000000000 ) ;
#1005 = CARTESIAN_POINT ( 'NONE',  ( -6.999999999999999112, 3.000000000000000000, 10.00000000000003375 ) ) ;
#1006 = ADVANCED_FACE ( 'NONE', ( #1373 ), #307, .F. ) ;
#1007 = CARTESIAN_POINT ( 'NONE',  ( -5.000000000000000888, 0.000000000000000000, 28.80000000000002558 ) ) ;
#1008 = CARTESIAN_POINT ( 'NONE',  ( 15.00000000000000000, 6.999999999999999112, 28.80000000000002558 ) ) ;
#1009 = VERTEX_POINT ( 'NONE', #1309 ) ;
#1010 = DIRECTION ( 'NONE',  ( -0.000000000000000000, 1.000000000000000000, -0.000000000000000000 ) ) ;
#1011 = ORIENTED_EDGE ( 'NONE', *, *, #518, .T. ) ;
#1012 = CARTESIAN_POINT ( 'NONE',  ( -6.464466094067261359, 0.000000000000000000, 1.464466094067270685 ) ) ;
#1013 = CARTESIAN_POINT ( 'NONE',  ( 15.00000000000000000, 67.25000000000000000, 13.80000000000003446 ) ) ;
#1014 = CARTESIAN_POINT ( 'NONE',  ( 15.00000000000000000, 3.000000000000002665, 18.80000000000003268 ) ) ;
#1015 = ORIENTED_EDGE ( 'NONE', *, *, #104, .T. ) ;
#1016 = DIRECTION ( 'NONE',  ( 0.000000000000000000, -0.000000000000000000, -1.000000000000000000 ) ) ;
#1017 = EDGE_CURVE ( 'NONE', #823, #447, #1070, .T. ) ;
#1018 = ORIENTED_EDGE ( 'NONE', *, *, #760, .T. ) ;
#1019 = CARTESIAN_POINT ( 'NONE',  ( -13.99999999999999822, 3.000000000000000000, 12.80000000000003268 ) ) ;
#1020 = DIRECTION ( 'NONE',  ( 0.000000000000000000, -2.478176394252579169E-16, 1.000000000000000000 ) ) ;
#1021 = DIRECTION ( 'NONE',  ( -2.168404344971008868E-16, 0.000000000000000000, -1.000000000000000000 ) ) ;
#1022 = VERTEX_POINT ( 'NONE', #1301 ) ;
#1023 = FACE_OUTER_BOUND ( 'NONE', #1412, .T. ) ;
#1024 = EDGE_CURVE ( 'NONE', #1493, #111, #112, .T. ) ;
#1025 = VECTOR ( 'NONE', #278, 1000.000000000000000 ) ;
#1026 = ADVANCED_FACE ( 'NONE', ( #478 ), #1535, .T. ) ;
#1027 = ORIENTED_EDGE ( 'NONE', *, *, #394, .F. ) ;
#1028 = VECTOR ( 'NONE', #421, 1000.000000000000000 ) ;
#1029 = VECTOR ( 'NONE', #259, 1000.000000000000000 ) ;
#1030 = DIRECTION ( 'NONE',  ( 1.000000000000000000, 0.000000000000000000, 0.000000000000000000 ) ) ;
#1031 = AXIS2_PLACEMENT_3D ( 'NONE', #1356, #757, #59 ) ;
#1032 = DIRECTION ( 'NONE',  ( -0.000000000000000000, 1.000000000000000000, 2.385244779468110248E-16 ) ) ;
#1033 = CARTESIAN_POINT ( 'NONE',  ( 2.928932188134522274, 67.25000000000000000, 4.999999999999996447 ) ) ;
#1034 = ORIENTED_EDGE ( 'NONE', *, *, #290, .T. ) ;
#1035 = CARTESIAN_POINT ( 'NONE',  ( 15.00000000000000000, 67.25000000000000000, 17.80000000000003268 ) ) ;
#1036 = ORIENTED_EDGE ( 'NONE', *, *, #1044, .F. ) ;
#1037 = EDGE_CURVE ( 'NONE', #1433, #276, #799, .T. ) ;
#1038 = PLANE ( 'NONE',  #1128 ) ;
#1039 = CARTESIAN_POINT ( 'NONE',  ( -2.928932188134526715, 67.25000000000000000, 3.616162847937722206E-15 ) ) ;
#1040 = DIRECTION ( 'NONE',  ( -1.000000000000000000, 0.000000000000000000, 0.000000000000000000 ) ) ;
#1041 = ORIENTED_EDGE ( 'NONE', *, *, #243, .T. ) ;
#1042 = DIRECTION ( 'NONE',  ( 4.930380657631323784E-32, 1.000000000000000000, 2.461820351650061511E-16 ) ) ;
#1043 = VERTEX_POINT ( 'NONE', #571 ) ;
#1044 = EDGE_CURVE ( 'NONE', #1172, #746, #127, .T. ) ;
#1045 = DIRECTION ( 'NONE',  ( -0.000000000000000000, 1.000000000000000000, -0.000000000000000000 ) ) ;
#1046 = LINE ( 'NONE', #1068, #603 ) ;
#1047 = ORIENTED_EDGE ( 'NONE', *, *, #1121, .T. ) ;
#1048 = LINE ( 'NONE', #1521, #177 ) ;
#1049 = AXIS2_PLACEMENT_3D ( 'NONE', #1213, #139, #498 ) ;
#1050 = ORIENTED_EDGE ( 'NONE', *, *, #652, .F. ) ;
#1051 = MECHANICAL_DESIGN_GEOMETRIC_PRESENTATION_REPRESENTATION (  '', ( #621 ), #1444 ) ;
#1052 = AXIS2_PLACEMENT_3D ( 'NONE', #291, #374, #1246 ) ;
#1053 = LINE ( 'NONE', #1060, #1150 ) ;
#1054 = AXIS2_PLACEMENT_3D ( 'NONE', #1140, #1496, #81 ) ;
#1055 =( LENGTH_UNIT ( ) NAMED_UNIT ( * ) SI_UNIT ( .MILLI., .METRE. ) );
#1056 = EDGE_CURVE ( 'NONE', #1322, #35, #1048, .T. ) ;
#1057 = EDGE_LOOP ( 'NONE', ( #205, #1397, #671, #868, #1308, #1294, #196, #1234 ) ) ;
#1058 = DIRECTION ( 'NONE',  ( -0.000000000000000000, -0.000000000000000000, -1.000000000000000000 ) ) ;
#1059 = ORIENTED_EDGE ( 'NONE', *, *, #261, .F. ) ;
#1060 = CARTESIAN_POINT ( 'NONE',  ( 7.500000000000000888, 47.64999999999999147, 23.80000000000003268 ) ) ;
#1061 = CARTESIAN_POINT ( 'NONE',  ( 7.500000000000000888, 47.64999999999999147, 18.80000000000003268 ) ) ;
#1062 = ORIENTED_EDGE ( 'NONE', *, *, #383, .F. ) ;
#1063 = DIRECTION ( 'NONE',  ( -0.000000000000000000, -0.000000000000000000, 1.000000000000000000 ) ) ;
#1064 = ORIENTED_EDGE ( 'NONE', *, *, #1341, .T. ) ;
#1065 = EDGE_CURVE ( 'NONE', #1152, #515, #1182, .T. ) ;
#1066 = CARTESIAN_POINT ( 'NONE',  ( -15.00000000000000000, 67.25000000000000000, 17.80000000000003268 ) ) ;
#1067 = DIRECTION ( 'NONE',  ( 0.000000000000000000, -2.385244779468110248E-16, 1.000000000000000000 ) ) ;
#1068 = CARTESIAN_POINT ( 'NONE',  ( 12.99999999999999289, 3.000000000000007105, -2.080379542967311515E-15 ) ) ;
#1069 = VERTEX_POINT ( 'NONE', #1542 ) ;
#1070 = LINE ( 'NONE', #1405, #402 ) ;
#1071 = EDGE_LOOP ( 'NONE', ( #1224, #627, #266, #816 ) ) ;
#1072 = PRODUCT_DEFINITION_CONTEXT ( 'detailed design', #435, 'design' ) ;
#1073 = CARTESIAN_POINT ( 'NONE',  ( 0.000000000000000000, 54.14999999999999858, 33.80000000000003268 ) ) ;
#1074 = ADVANCED_FACE ( 'NONE', ( #817 ), #1411, .F. ) ;
#1075 = EDGE_CURVE ( 'NONE', #99, #548, #106, .T. ) ;
#1076 = VECTOR ( 'NONE', #1045, 1000.000000000000000 ) ;
#1077 = CIRCLE ( 'NONE', #676, 7.999999999999996447 ) ;
#1078 = CARTESIAN_POINT ( 'NONE',  ( -4.000000000000000000, 57.14999999999999858, 23.80000000000003268 ) ) ;
#1079 = AXIS2_PLACEMENT_3D ( 'NONE', #1358, #635, #1442 ) ;
#1080 = VERTEX_POINT ( 'NONE', #591 ) ;
#1081 = CARTESIAN_POINT ( 'NONE',  ( 15.00000000000000000, 6.999999999999997335, 38.80000000000002558 ) ) ;
#1082 = ORIENTED_EDGE ( 'NONE', *, *, #576, .F. ) ;
#1083 = CARTESIAN_POINT ( 'NONE',  ( -4.000000000000000888, 54.14999999999999858, 33.80000000000003268 ) ) ;
#1084 = CARTESIAN_POINT ( 'NONE',  ( -4.999999999999997335, 6.999999999999999112, 28.80000000000002558 ) ) ;
#1085 = FACE_OUTER_BOUND ( 'NONE', #326, .T. ) ;
#1086 = DIRECTION ( 'NONE',  ( -0.000000000000000000, 1.000000000000000000, 2.385244779468110248E-16 ) ) ;
#1087 = ORIENTED_EDGE ( 'NONE', *, *, #1438, .T. ) ;
#1088 = LINE ( 'NONE', #509, #48 ) ;
#1089 = ORIENTED_EDGE ( 'NONE', *, *, #761, .T. ) ;
#1090 = CARTESIAN_POINT ( 'NONE',  ( 3.526982781544381260E-15, -2.500000000418833856E-05, 28.80000000000003268 ) ) ;
#1091 = EDGE_CURVE ( 'NONE', #811, #1217, #833, .T. ) ;
#1092 = DIRECTION ( 'NONE',  ( 0.000000000000000000, 0.000000000000000000, -1.000000000000000000 ) ) ;
#1093 = FACE_OUTER_BOUND ( 'NONE', #78, .T. ) ;
#1094 = VERTEX_POINT ( 'NONE', #1173 ) ;
#1095 = DIRECTION ( 'NONE',  ( -0.000000000000000000, 1.000000000000000000, 0.000000000000000000 ) ) ;
#1096 = ORIENTED_EDGE ( 'NONE', *, *, #1385, .T. ) ;
#1097 = AXIS2_PLACEMENT_3D ( 'NONE', #553, #545, #1479 ) ;
#1098 = LINE ( 'NONE', #130, #449 ) ;
#1099 = CIRCLE ( 'NONE', #1276, 0.5000000000000004441 ) ;
#1100 = CARTESIAN_POINT ( 'NONE',  ( 3.526982781544381260E-15, 6.999999999999999112, 28.80000000000003268 ) ) ;
#1101 = VECTOR ( 'NONE', #774, 1000.000000000000000 ) ;
#1102 = CARTESIAN_POINT ( 'NONE',  ( 15.00000000000000000, 67.25000000000000000, 12.80000000000003268 ) ) ;
#1103 = PRODUCT_RELATED_PRODUCT_CATEGORY ( 'part', '', ( #367 ) ) ;
#1104 = CIRCLE ( 'NONE', #455, 1.000000000000000888 ) ;
#1105 = ORIENTED_EDGE ( 'NONE', *, *, #1407, .T. ) ;
#1106 = LINE ( 'NONE', #495, #1029 ) ;
#1107 = AXIS2_PLACEMENT_3D ( 'NONE', #1102, #613, #16 ) ;
#1108 = AXIS2_PLACEMENT_3D ( 'NONE', #854, #32, #131 ) ;
#1109 = ORIENTED_EDGE ( 'NONE', *, *, #878, .T. ) ;
#1110 = CARTESIAN_POINT ( 'NONE',  ( -13.99999999999999822, 67.25000000000000000, 17.80000000000003268 ) ) ;
#1111 = VERTEX_POINT ( 'NONE', #457 ) ;
#1112 = LINE ( 'NONE', #514, #979 ) ;
#1113 = ORIENTED_EDGE ( 'NONE', *, *, #1017, .T. ) ;
#1114 = LINE ( 'NONE', #149, #726 ) ;
#1115 = EDGE_CURVE ( 'NONE', #841, #1135, #599, .T. ) ;
#1116 = DIRECTION ( 'NONE',  ( -0.7071067811865465735, -0.000000000000000000, 0.7071067811865485719 ) ) ;
#1117 = DIRECTION ( 'NONE',  ( 0.000000000000000000, 2.461820351650061511E-16, -1.000000000000000000 ) ) ;
#1118 = CARTESIAN_POINT ( 'NONE',  ( -5.000000000000000888, 0.000000000000000000, 28.80000000000002558 ) ) ;
#1119 = EDGE_LOOP ( 'NONE', ( #980, #533, #1456, #648, #826, #1346 ) ) ;
#1120 = CARTESIAN_POINT ( 'NONE',  ( 13.79289321881345565, 67.25000000000000000, 9.500000000000031974 ) ) ;
#1121 = EDGE_CURVE ( 'NONE', #1197, #459, #217, .T. ) ;
#1122 = PLANE ( 'NONE',  #1348 ) ;
#1123 = LINE ( 'NONE', #1387, #945 ) ;
#1124 = DIRECTION ( 'NONE',  ( 0.000000000000000000, 0.000000000000000000, 1.000000000000000000 ) ) ;
#1125 = AXIS2_PLACEMENT_3D ( 'NONE', #1248, #175, #309 ) ;
#1126 = EDGE_LOOP ( 'NONE', ( #857, #1464, #1342, #1460 ) ) ;
#1127 = CARTESIAN_POINT ( 'NONE',  ( 13.00000000000000000, 0.000000000000000000, 28.79999999999997229 ) ) ;
#1128 = AXIS2_PLACEMENT_3D ( 'NONE', #8, #962, #1436 ) ;
#1129 = ORIENTED_EDGE ( 'NONE', *, *, #527, .T. ) ;
#1130 = AXIS2_PLACEMENT_3D ( 'NONE', #49, #681, #1488 ) ;
#1131 = CARTESIAN_POINT ( 'NONE',  ( -14.14644660940672871, 67.25000000000000000, 9.146446609406760686 ) ) ;
#1132 = ADVANCED_FACE ( 'NONE', ( #469 ), #242, .T. ) ;
#1133 = DIRECTION ( 'NONE',  ( 0.000000000000000000, 0.000000000000000000, -1.000000000000000000 ) ) ;
#1134 = LINE ( 'NONE', #546, #749 ) ;
#1135 = VERTEX_POINT ( 'NONE', #1189 ) ;
#1136 = LINE ( 'NONE', #1398, #600 ) ;
#1137 = VERTEX_POINT ( 'NONE', #716 ) ;
#1138 = DIRECTION ( 'NONE',  ( 0.000000000000000000, 0.000000000000000000, -1.000000000000000000 ) ) ;
#1139 = FACE_OUTER_BOUND ( 'NONE', #690, .T. ) ;
#1140 = CARTESIAN_POINT ( 'NONE',  ( 7.500000000000000888, 47.64999999999999147, 23.80000000000003268 ) ) ;
#1141 = VERTEX_POINT ( 'NONE', #1288 ) ;
#1142 = CARTESIAN_POINT ( 'NONE',  ( -4.999999999999997335, 2.999999999999997780, 28.80000000000002558 ) ) ;
#1143 = ORIENTED_EDGE ( 'NONE', *, *, #290, .F. ) ;
#1144 = DIRECTION ( 'NONE',  ( 1.734723475976807883E-15, 2.461820351650061511E-16, -1.000000000000000000 ) ) ;
#1145 = LINE ( 'NONE', #1355, #1203 ) ;
#1146 = PLANE ( 'NONE',  #1474 ) ;
#1147 = CIRCLE ( 'NONE', #128, 8.000000000000000000 ) ;
#1148 = EDGE_CURVE ( 'NONE', #99, #1172, #935, .T. ) ;
#1149 = ORIENTED_EDGE ( 'NONE', *, *, #622, .F. ) ;
#1150 = VECTOR ( 'NONE', #820, 1000.000000000000000 ) ;
#1151 = DIRECTION ( 'NONE',  ( 0.000000000000000000, -1.000000000000000000, 0.000000000000000000 ) ) ;
#1152 = VERTEX_POINT ( 'NONE', #209 ) ;
#1153 = UNCERTAINTY_MEASURE_WITH_UNIT (LENGTH_MEASURE( 1.000000000000000082E-05 ), #756, 'distance_accuracy_value', 'NONE');
#1154 = VECTOR ( 'NONE', #594, 1000.000000000000000 ) ;
#1155 = VECTOR ( 'NONE', #1206, 1000.000000000000000 ) ;
#1156 = DIRECTION ( 'NONE',  ( 0.000000000000000000, 1.000000000000000000, -0.000000000000000000 ) ) ;
#1157 = CARTESIAN_POINT ( 'NONE',  ( -13.79289321881345387, 67.25000000000000000, 10.00000000000003375 ) ) ;
#1158 = DIRECTION ( 'NONE',  ( 1.000000000000000000, 0.000000000000000000, -0.000000000000000000 ) ) ;
#1159 = VERTEX_POINT ( 'NONE', #694 ) ;
#1160 = CYLINDRICAL_SURFACE ( 'NONE', #153, 10.00000000000000178 ) ;
#1161 = ORIENTED_EDGE ( 'NONE', *, *, #373, .T. ) ;
#1162 = EDGE_CURVE ( 'NONE', #990, #42, #901, .T. ) ;
#1163 = EDGE_CURVE ( 'NONE', #1466, #1111, #140, .T. ) ;
#1164 = CARTESIAN_POINT ( 'NONE',  ( 15.00000000000000000, 7.000000000000000000, 18.80000000000003268 ) ) ;
#1165 = CARTESIAN_POINT ( 'NONE',  ( 2.928932188134522274, 0.000000000000000000, 4.999999999999996447 ) ) ;
#1166 = ORIENTED_EDGE ( 'NONE', *, *, #219, .F. ) ;
#1167 = CARTESIAN_POINT ( 'NONE',  ( 15.00000000000000000, 7.000000000000000000, 18.80000000000003268 ) ) ;
#1168 = ORIENTED_EDGE ( 'NONE', *, *, #948, .T. ) ;
#1169 = EDGE_CURVE ( 'NONE', #105, #541, #862, .T. ) ;
#1170 = CARTESIAN_POINT ( 'NONE',  ( 13.99999999999999822, 3.000000000000002665, 13.80000000000003446 ) ) ;
#1171 = DIRECTION ( 'NONE',  ( -9.130123557772660939E-17, 1.000000000000000000, 0.000000000000000000 ) ) ;
#1172 = VERTEX_POINT ( 'NONE', #1214 ) ;
#1173 = CARTESIAN_POINT ( 'NONE',  ( 13.99999999999999822, 67.25000000000000000, 12.80000000000003268 ) ) ;
#1174 = EDGE_LOOP ( 'NONE', ( #543, #20, #1222, #141 ) ) ;
#1175 = VECTOR ( 'NONE', #285, 1000.000000000000000 ) ;
#1176 = CIRCLE ( 'NONE', #277, 1.750000000000001554 ) ;
#1177 = CARTESIAN_POINT ( 'NONE',  ( 15.00000000000000000, 67.25000000000000000, 11.20536146650573706 ) ) ;
#1178 = AXIS2_PLACEMENT_3D ( 'NONE', #342, #942, #6 ) ;
#1179 = CARTESIAN_POINT ( 'NONE',  ( 13.79289321881345209, 3.000000000000000000, 10.00000000000003197 ) ) ;
#1180 = EDGE_CURVE ( 'NONE', #276, #1000, #1350, .T. ) ;
#1181 = ORIENTED_EDGE ( 'NONE', *, *, #115, .T. ) ;
#1182 = LINE ( 'NONE', #1316, #305 ) ;
#1183 = ORIENTED_EDGE ( 'NONE', *, *, #17, .F. ) ;
#1184 = CARTESIAN_POINT ( 'NONE',  ( 15.00000000000000000, 67.25000000000000000, 28.80000000000002558 ) ) ;
#1185 = ADVANCED_BREP_SHAPE_REPRESENTATION ( 'soporte para rodamiento prototipoEditado', ( #144, #1108 ), #231 ) ;
#1186 = PLANE ( 'NONE',  #400 ) ;
#1187 = LINE ( 'NONE', #1061, #279 ) ;
#1188 = EDGE_LOOP ( 'NONE', ( #1105, #889 ) ) ;
#1189 = CARTESIAN_POINT ( 'NONE',  ( -7.500000000000000888, 38.98974596215548871, 18.80000000000003268 ) ) ;
#1190 = ORIENTED_EDGE ( 'NONE', *, *, #1210, .F. ) ;
#1191 = LINE ( 'NONE', #944, #1154 ) ;
#1192 = LINE ( 'NONE', #828, #971 ) ;
#1193 = DIRECTION ( 'NONE',  ( -1.000000000000000000, 0.000000000000000000, 0.000000000000000000 ) ) ;
#1194 = EDGE_LOOP ( 'NONE', ( #610, #1262, #693, #268 ) ) ;
#1195 = DIRECTION ( 'NONE',  ( -0.000000000000000000, 1.000000000000000000, 1.301042606982605567E-16 ) ) ;
#1196 = ADVANCED_FACE ( 'NONE', ( #397 ), #1223, .F. ) ;
#1197 = VERTEX_POINT ( 'NONE', #738 ) ;
#1198 = DIRECTION ( 'NONE',  ( 0.000000000000000000, -1.000000000000000000, 0.000000000000000000 ) ) ;
#1199 = CIRCLE ( 'NONE', #819, 5.000000000000000888 ) ;
#1200 = FACE_OUTER_BOUND ( 'NONE', #886, .T. ) ;
#1201 = PRODUCT_CONTEXT ( 'NONE', #334, 'mechanical' ) ;
#1202 = AXIS2_PLACEMENT_3D ( 'NONE', #1073, #1284, #720 ) ;
#1203 = VECTOR ( 'NONE', #908, 1000.000000000000000 ) ;
#1204 = VECTOR ( 'NONE', #507, 1000.000000000000000 ) ;
#1205 = LINE ( 'NONE', #619, #1396 ) ;
#1206 = DIRECTION ( 'NONE',  ( -0.000000000000000000, -1.000000000000000000, -0.000000000000000000 ) ) ;
#1207 = ORIENTED_EDGE ( 'NONE', *, *, #813, .T. ) ;
#1208 = CARTESIAN_POINT ( 'NONE',  ( -4.999999999999944045, -2.168404344971008868E-15, 36.80000000000002558 ) ) ;
#1209 = ORIENTED_EDGE ( 'NONE', *, *, #384, .T. ) ;
#1210 = EDGE_CURVE ( 'NONE', #1493, #68, #1473, .T. ) ;
#1211 = EDGE_CURVE ( 'NONE', #1451, #182, #1112, .T. ) ;
#1212 = DIRECTION ( 'NONE',  ( 0.000000000000000000, -1.000000000000000000, -0.000000000000000000 ) ) ;
#1213 = CARTESIAN_POINT ( 'NONE',  ( 15.00000000000000000, 67.25000000000000000, 10.00000000000003375 ) ) ;
#1214 = CARTESIAN_POINT ( 'NONE',  ( -13.99999999999999822, 7.000000000000000000, 18.80000000000003268 ) ) ;
#1215 = ORIENTED_EDGE ( 'NONE', *, *, #772, .F. ) ;
#1216 = CARTESIAN_POINT ( 'NONE',  ( -6.999999999999999112, 67.25000000000000000, 12.80000000000003268 ) ) ;
#1217 = VERTEX_POINT ( 'NONE', #620 ) ;
#1218 = ADVANCED_FACE ( 'NONE', ( #1465, #1093 ), #869, .F. ) ;
#1219 = EDGE_CURVE ( 'NONE', #503, #1485, #2, .T. ) ;
#1220 = DIRECTION ( 'NONE',  ( 8.673617379884033500E-16, 1.734723475976806848E-16, -1.000000000000000000 ) ) ;
#1221 =( NAMED_UNIT ( * ) PLANE_ANGLE_UNIT ( ) SI_UNIT ( $, .RADIAN. ) );
#1222 = ORIENTED_EDGE ( 'NONE', *, *, #567, .T. ) ;
#1223 = PLANE ( 'NONE',  #1401 ) ;
#1224 = ORIENTED_EDGE ( 'NONE', *, *, #1260, .T. ) ;
#1225 = LINE ( 'NONE', #274, #748 ) ;
#1226 = ORIENTED_EDGE ( 'NONE', *, *, #586, .F. ) ;
#1227 = AXIS2_PLACEMENT_3D ( 'NONE', #1471, #406, #875 ) ;
#1228 = DIRECTION ( 'NONE',  ( -1.000000000000000000, 0.000000000000000000, -0.000000000000000000 ) ) ;
#1229 = EDGE_LOOP ( 'NONE', ( #1317, #1166, #976, #143 ) ) ;
#1230 = VECTOR ( 'NONE', #415, 1000.000000000000000 ) ;
#1231 = DIRECTION ( 'NONE',  ( 0.000000000000000000, -1.000000000000000000, 0.000000000000000000 ) ) ;
#1232 = ADVANCED_FACE ( 'NONE', ( #998 ), #637, .F. ) ;
#1233 = CIRCLE ( 'NONE', #77, 0.5000000000000004441 ) ;
#1234 = ORIENTED_EDGE ( 'NONE', *, *, #1044, .T. ) ;
#1235 = DIRECTION ( 'NONE',  ( 0.7071067811865465735, 0.000000000000000000, -0.7071067811865485719 ) ) ;
#1236 = CIRCLE ( 'NONE', #1257, 4.000000000000000888 ) ;
#1237 = ORIENTED_EDGE ( 'NONE', *, *, #442, .F. ) ;
#1238 = DIRECTION ( 'NONE',  ( -1.000000000000000000, 0.000000000000000000, 0.000000000000000000 ) ) ;
#1239 = DIRECTION ( 'NONE',  ( 0.000000000000000000, -1.000000000000000000, -0.000000000000000000 ) ) ;
#1240 = ORIENTED_EDGE ( 'NONE', *, *, #394, .T. ) ;
#1241 = CARTESIAN_POINT ( 'NONE',  ( -15.00000000000000000, 3.000000000000000000, 10.00000000000003197 ) ) ;
#1242 = DIRECTION ( 'NONE',  ( 4.930380657631323784E-32, 1.000000000000000000, 2.461820351650061511E-16 ) ) ;
#1243 = CARTESIAN_POINT ( 'NONE',  ( 0.000000000000000000, 3.000000000000000000, 0.000000000000000000 ) ) ;
#1244 = DIRECTION ( 'NONE',  ( 8.743006318923099678E-13, 0.000000000000000000, -1.000000000000000000 ) ) ;
#1245 = ORIENTED_EDGE ( 'NONE', *, *, #652, .T. ) ;
#1246 = DIRECTION ( 'NONE',  ( -1.000000000000000000, 0.000000000000000000, -0.000000000000000000 ) ) ;
#1247 = ORIENTED_EDGE ( 'NONE', *, *, #1450, .T. ) ;
#1248 = CARTESIAN_POINT ( 'NONE',  ( -5.000000000000000888, 3.000000000000000000, 28.80000000000002558 ) ) ;
#1249 = CARTESIAN_POINT ( 'NONE',  ( 6.999999999999999112, 67.25000000000000000, 12.80000000000003268 ) ) ;
#1250 = DIRECTION ( 'NONE',  ( -0.000000000000000000, -1.000000000000000000, 0.000000000000000000 ) ) ;
#1251 = AXIS2_PLACEMENT_3D ( 'NONE', #71, #1487, #1020 ) ;
#1252 = VECTOR ( 'NONE', #1156, 1000.000000000000000 ) ;
#1253 = VERTEX_POINT ( 'NONE', #1321 ) ;
#1254 = DIRECTION ( 'NONE',  ( -0.000000000000000000, 1.000000000000000000, 2.385244779468110248E-16 ) ) ;
#1255 = VECTOR ( 'NONE', #1384, 1000.000000000000000 ) ;
#1256 = ORIENTED_EDGE ( 'NONE', *, *, #1385, .F. ) ;
#1257 = AXIS2_PLACEMENT_3D ( 'NONE', #1425, #103, #1512 ) ;
#1258 = PRODUCT_DEFINITION_FORMATION_WITH_SPECIFIED_SOURCE ( 'ANY', '', #367, .NOT_KNOWN. ) ;
#1259 = CARTESIAN_POINT ( 'NONE',  ( -15.00000000000000000, 67.25000000000000000, 18.80000000000003268 ) ) ;
#1260 = EDGE_CURVE ( 'NONE', #105, #1111, #248, .T. ) ;
#1261 = DIRECTION ( 'NONE',  ( -1.000000000000000000, 0.000000000000000000, 0.000000000000000000 ) ) ;
#1262 = ORIENTED_EDGE ( 'NONE', *, *, #760, .F. ) ;
#1263 = CARTESIAN_POINT ( 'NONE',  ( -13.00000000000000000, 6.938893903907228378E-15, 2.297267165458706454E-17 ) ) ;
#1264 = ORIENTED_EDGE ( 'NONE', *, *, #1056, .F. ) ;
#1265 = CARTESIAN_POINT ( 'NONE',  ( 13.99999999999999822, 67.25000000000000000, 18.80000000000003268 ) ) ;
#1266 = ADVANCED_FACE ( 'NONE', ( #133 ), #11, .T. ) ;
#1267 = LINE ( 'NONE', #531, #122 ) ;
#1268 = DIRECTION ( 'NONE',  ( -1.000000000000000000, 0.000000000000000000, 2.168404344971008868E-16 ) ) ;
#1269 = VERTEX_POINT ( 'NONE', #846 ) ;
#1270 = CARTESIAN_POINT ( 'NONE',  ( -5.000000000000000000, 0.000000000000000000, 6.173176119589340871E-15 ) ) ;
#1271 = EDGE_LOOP ( 'NONE', ( #769, #347, #550, #7 ) ) ;
#1272 = CARTESIAN_POINT ( 'NONE',  ( 1.479114197289400419E-31, 2.999999999999997780, 36.80000000000002558 ) ) ;
#1273 = CARTESIAN_POINT ( 'NONE',  ( -7.500000000000001776, 57.14999999999999858, 18.80000000000003268 ) ) ;
#1274 = CARTESIAN_POINT ( 'NONE',  ( -13.00000000000000178, 0.000000000000000000, 28.79999999999997584 ) ) ;
#1275 = VERTEX_POINT ( 'NONE', #1330 ) ;
#1276 = AXIS2_PLACEMENT_3D ( 'NONE', #270, #497, #355 ) ;
#1277 = CARTESIAN_POINT ( 'NONE',  ( 12.99999999999999822, 2.168404344971008868E-15, 18.80000000000003268 ) ) ;
#1278 = ADVANCED_FACE ( 'NONE', ( #257 ), #732, .F. ) ;
#1279 = VECTOR ( 'NONE', #636, 1000.000000000000000 ) ;
#1280 = ORIENTED_EDGE ( 'NONE', *, *, #895, .F. ) ;
#1281 = VECTOR ( 'NONE', #967, 1000.000000000000114 ) ;
#1282 = AXIS2_PLACEMENT_3D ( 'NONE', #1336, #492, #1092 ) ;
#1283 = AXIS2_PLACEMENT_3D ( 'NONE', #714, #1526, #1286 ) ;
#1284 = DIRECTION ( 'NONE',  ( -0.000000000000000000, -0.000000000000000000, -1.000000000000000000 ) ) ;
#1285 = FACE_OUTER_BOUND ( 'NONE', #788, .T. ) ;
#1286 = DIRECTION ( 'NONE',  ( 0.000000000000000000, 0.000000000000000000, 1.000000000000000000 ) ) ;
#1287 = ORIENTED_EDGE ( 'NONE', *, *, #812, .F. ) ;
#1288 = CARTESIAN_POINT ( 'NONE',  ( 14.14644660940673049, 67.25000000000000000, 9.146446609406760686 ) ) ;
#1289 = EDGE_CURVE ( 'NONE', #423, #804, #26, .T. ) ;
#1290 = EDGE_CURVE ( 'NONE', #111, #1458, #380, .T. ) ;
#1291 = VERTEX_POINT ( 'NONE', #1457 ) ;
#1292 = CARTESIAN_POINT ( 'NONE',  ( -2.928932188134520498, 67.25000000000000000, 5.000000000000004441 ) ) ;
#1293 = CARTESIAN_POINT ( 'NONE',  ( -4.000000000000000000, 60.65000000000000568, 18.80000000000003268 ) ) ;
#1294 = ORIENTED_EDGE ( 'NONE', *, *, #452, .T. ) ;
#1295 = DIRECTION ( 'NONE',  ( 0.000000000000000000, -1.301046388379690221E-16, 1.000000000000000000 ) ) ;
#1296 = VERTEX_POINT ( 'NONE', #387 ) ;
#1297 = EDGE_CURVE ( 'NONE', #968, #447, #429, .T. ) ;
#1298 = DIRECTION ( 'NONE',  ( -0.000000000000000000, -0.000000000000000000, -1.000000000000000000 ) ) ;
#1299 = LINE ( 'NONE', #461, #129 ) ;
#1300 = ORIENTED_EDGE ( 'NONE', *, *, #125, .T. ) ;
#1301 = CARTESIAN_POINT ( 'NONE',  ( 15.00000000000000000, 0.000000000000000000, 11.20536146650573706 ) ) ;
#1302 = EDGE_LOOP ( 'NONE', ( #65, #250, #715, #1534 ) ) ;
#1303 = CIRCLE ( 'NONE', #722, 2.909999999999999254 ) ;
#1304 = VECTOR ( 'NONE', #783, 1000.000000000000000 ) ;
#1305 = FACE_OUTER_BOUND ( 'NONE', #1057, .T. ) ;
#1306 = AXIS2_PLACEMENT_3D ( 'NONE', #562, #1380, #1506 ) ;
#1307 = DIRECTION ( 'NONE',  ( -0.000000000000000000, 1.000000000000000000, -0.000000000000000000 ) ) ;
#1308 = ORIENTED_EDGE ( 'NONE', *, *, #1489, .F. ) ;
#1309 = CARTESIAN_POINT ( 'NONE',  ( 4.999999999999928058, -2.168404344971008868E-15, 36.80000000000002558 ) ) ;
#1310 = VERTEX_POINT ( 'NONE', #1008 ) ;
#1311 = LINE ( 'NONE', #365, #528 ) ;
#1312 = CARTESIAN_POINT ( 'NONE',  ( -15.00000000000000000, 67.25000000000000000, 18.80000000000003268 ) ) ;
#1313 = LINE ( 'NONE', #1409, #825 ) ;
#1314 = EDGE_CURVE ( 'NONE', #148, #1498, #884, .T. ) ;
#1315 = VERTEX_POINT ( 'NONE', #317 ) ;
#1316 = CARTESIAN_POINT ( 'NONE',  ( -7.500000000000000888, 47.64999999999999147, 23.80000000000003268 ) ) ;
#1317 = ORIENTED_EDGE ( 'NONE', *, *, #299, .F. ) ;
#1318 = CARTESIAN_POINT ( 'NONE',  ( -13.99999999999999822, 67.25000000000000000, 18.80000000000003268 ) ) ;
#1319 = DIRECTION ( 'NONE',  ( -0.000000000000000000, -1.000000000000000000, -0.000000000000000000 ) ) ;
#1320 = ORIENTED_EDGE ( 'NONE', *, *, #670, .F. ) ;
#1321 = CARTESIAN_POINT ( 'NONE',  ( -6.464466094067261359, 67.25000000000000000, 1.464466094067270685 ) ) ;
#1322 = VERTEX_POINT ( 'NONE', #1274 ) ;
#1323 = EDGE_CURVE ( 'NONE', #1217, #1315, #873, .T. ) ;
#1324 = LINE ( 'NONE', #1544, #1497 ) ;
#1325 = AXIS2_PLACEMENT_3D ( 'NONE', #994, #1463, #1238 ) ;
#1326 = DIRECTION ( 'NONE',  ( -0.000000000000000000, 1.000000000000000000, 0.000000000000000000 ) ) ;
#1327 = CIRCLE ( 'NONE', #649, 2.909999999999999254 ) ;
#1328 = AXIS2_PLACEMENT_3D ( 'NONE', #1118, #1086, #839 ) ;
#1329 = DIRECTION ( 'NONE',  ( -0.000000000000000000, -0.000000000000000000, 1.000000000000000000 ) ) ;
#1330 = CARTESIAN_POINT ( 'NONE',  ( -13.00000000000000178, 3.000000000000002665, 18.80000000000003268 ) ) ;
#1331 = VERTEX_POINT ( 'NONE', #186 ) ;
#1332 = DIRECTION ( 'NONE',  ( -0.000000000000000000, 1.000000000000000000, -0.000000000000000000 ) ) ;
#1333 = ADVANCED_FACE ( 'NONE', ( #555 ), #1146, .F. ) ;
#1334 = EDGE_CURVE ( 'NONE', #751, #1493, #179, .T. ) ;
#1335 = DIRECTION ( 'NONE',  ( -1.000000000000000000, 0.000000000000000000, 0.000000000000000000 ) ) ;
#1336 = CARTESIAN_POINT ( 'NONE',  ( -13.79289321881345387, 67.25000000000000000, 9.500000000000031974 ) ) ;
#1337 = DIRECTION ( 'NONE',  ( -0.000000000000000000, -0.000000000000000000, -1.000000000000000000 ) ) ;
#1338 = ORIENTED_EDGE ( 'NONE', *, *, #906, .T. ) ;
#1339 = CARTESIAN_POINT ( 'NONE',  ( 15.00000000000000000, 67.25000000000000000, 10.00000000000003375 ) ) ;
#1340 = DIRECTION ( 'NONE',  ( 0.000000000000000000, 0.000000000000000000, -1.000000000000000000 ) ) ;
#1341 = EDGE_CURVE ( 'NONE', #656, #558, #204, .T. ) ;
#1342 = ORIENTED_EDGE ( 'NONE', *, *, #1366, .F. ) ;
#1343 = CARTESIAN_POINT ( 'NONE',  ( 4.000000000000000000, 60.65000000000000568, 23.80000000000003268 ) ) ;
#1344 = ORIENTED_EDGE ( 'NONE', *, *, #1037, .T. ) ;
#1345 = CARTESIAN_POINT ( 'NONE',  ( -15.00000000000000000, 0.000000000000000000, 10.00000000000003197 ) ) ;
#1346 = ORIENTED_EDGE ( 'NONE', *, *, #45, .T. ) ;
#1347 = CARTESIAN_POINT ( 'NONE',  ( 13.99999999999999822, 67.25000000000000000, 17.80000000000003268 ) ) ;
#1348 = AXIS2_PLACEMENT_3D ( 'NONE', #900, #763, #37 ) ;
#1349 = LINE ( 'NONE', #1402, #920 ) ;
#1350 = LINE ( 'NONE', #147, #154 ) ;
#1351 = AXIS2_PLACEMENT_3D ( 'NONE', #281, #39, #752 ) ;
#1352 = ORIENTED_EDGE ( 'NONE', *, *, #1365, .T. ) ;
#1353 = CARTESIAN_POINT ( 'NONE',  ( 6.464466094067268465, 0.000000000000000000, 1.464466094067265356 ) ) ;
#1354 = CARTESIAN_POINT ( 'NONE',  ( 6.999999999999999112, 67.25000000000000000, 10.00000000000003553 ) ) ;
#1355 = CARTESIAN_POINT ( 'NONE',  ( -5.000000000000000000, 67.25000000000000000, 6.173176119589340871E-15 ) ) ;
#1356 = CARTESIAN_POINT ( 'NONE',  ( 12.08999999999999986, 67.25000000000000000, 11.20536146650573706 ) ) ;
#1357 = ORIENTED_EDGE ( 'NONE', *, *, #91, .T. ) ;
#1358 = CARTESIAN_POINT ( 'NONE',  ( 4.999999999999999112, 0.000000000000000000, 28.80000000000002558 ) ) ;
#1359 = EDGE_LOOP ( 'NONE', ( #1410, #372, #848, #614 ) ) ;
#1360 = CARTESIAN_POINT ( 'NONE',  ( -15.00000000000000000, 67.25000000000000000, 10.00000000000003375 ) ) ;
#1361 = FILL_AREA_STYLE ('',( #668 ) ) ;
#1362 = CARTESIAN_POINT ( 'NONE',  ( -15.00000000000000000, 67.25000000000000000, 12.80000000000003268 ) ) ;
#1363 = ORIENTED_EDGE ( 'NONE', *, *, #1, .T. ) ;
#1364 = PLANE ( 'NONE',  #479 ) ;
#1365 = EDGE_CURVE ( 'NONE', #1253, #503, #655, .T. ) ;
#1366 = EDGE_CURVE ( 'NONE', #111, #1383, #629, .T. ) ;
#1367 = ORIENTED_EDGE ( 'NONE', *, *, #770, .T. ) ;
#1368 = LINE ( 'NONE', #1259, #1279 ) ;
#1369 = LINE ( 'NONE', #176, #325 ) ;
#1370 = CARTESIAN_POINT ( 'NONE',  ( -7.500000000000001776, 57.14999999999999858, 23.80000000000003268 ) ) ;
#1371 = AXIS2_PLACEMENT_3D ( 'NONE', #1516, #686, #1067 ) ;
#1372 = ORIENTED_EDGE ( 'NONE', *, *, #433, .T. ) ;
#1373 = FACE_OUTER_BOUND ( 'NONE', #733, .T. ) ;
#1374 = VECTOR ( 'NONE', #135, 1000.000000000000000 ) ;
#1375 = ORIENTED_EDGE ( 'NONE', *, *, #1091, .F. ) ;
#1376 = AXIS2_PLACEMENT_3D ( 'NONE', #72, #1124, #1040 ) ;
#1377 = PRODUCT_DEFINITION ( 'UNKNOWN', '', #1258, #1072 ) ;
#1378 = CARTESIAN_POINT ( 'NONE',  ( -13.00000000000000000, 0.000000000000000000, 18.80000000000003268 ) ) ;
#1379 =( NAMED_UNIT ( * ) SI_UNIT ( $, .STERADIAN. ) SOLID_ANGLE_UNIT ( ) );
#1380 = DIRECTION ( 'NONE',  ( -0.000000000000000000, 1.000000000000000000, 0.000000000000000000 ) ) ;
#1381 = ORIENTED_EDGE ( 'NONE', *, *, #618, .T. ) ;
#1382 = CARTESIAN_POINT ( 'NONE',  ( 4.999999999999999112, 67.25000000000000000, 28.80000000000002558 ) ) ;
#1383 = VERTEX_POINT ( 'NONE', #1370 ) ;
#1384 = DIRECTION ( 'NONE',  ( -0.000000000000000000, 1.000000000000000000, 2.385244779468110248E-16 ) ) ;
#1385 = EDGE_CURVE ( 'NONE', #893, #986, #354, .T. ) ;
#1386 = ADVANCED_FACE ( 'NONE', ( #64 ), #663, .F. ) ;
#1387 = CARTESIAN_POINT ( 'NONE',  ( -13.00000000000000000, 2.168404344971008868E-15, 18.80000000000003268 ) ) ;
#1388 = DIRECTION ( 'NONE',  ( 0.000000000000000000, 0.000000000000000000, 1.000000000000000000 ) ) ;
#1389 = ORIENTED_EDGE ( 'NONE', *, *, #1432, .T. ) ;
#1390 = CARTESIAN_POINT ( 'NONE',  ( 4.000000000000000888, 54.14999999999999858, 23.80000000000003268 ) ) ;
#1391 = EDGE_LOOP ( 'NONE', ( #1129, #1344, #119, #314, #158, #700, #1531, #1372, #1011, #168, #398, #905, #506, #1507, #972, #364, #1109, #1096, #1181, #343 ) ) ;
#1392 = CARTESIAN_POINT ( 'NONE',  ( -15.00000000000000000, 7.000000000000000000, 17.80000000000003268 ) ) ;
#1393 = LINE ( 'NONE', #1177, #21 ) ;
#1394 = PLANE ( 'NONE',  #1003 ) ;
#1395 = EDGE_CURVE ( 'NONE', #1296, #1275, #791, .T. ) ;
#1396 = VECTOR ( 'NONE', #132, 1000.000000000000000 ) ;
#1397 = ORIENTED_EDGE ( 'NONE', *, *, #392, .T. ) ;
#1398 = CARTESIAN_POINT ( 'NONE',  ( 15.00000000000000000, 0.000000000000000000, 18.80000000000003268 ) ) ;
#1399 = ORIENTED_EDGE ( 'NONE', *, *, #1438, .F. ) ;
#1400 = VECTOR ( 'NONE', #197, 1000.000000000000000 ) ;
#1401 = AXIS2_PLACEMENT_3D ( 'NONE', #521, #965, #157 ) ;
#1402 = CARTESIAN_POINT ( 'NONE',  ( -15.00000000000000000, 0.000000000000000000, 10.00000000000003375 ) ) ;
#1403 = DIRECTION ( 'NONE',  ( -0.000000000000000000, 1.000000000000000000, 1.301042606982605567E-16 ) ) ;
#1404 = ORIENTED_EDGE ( 'NONE', *, *, #219, .T. ) ;
#1405 = CARTESIAN_POINT ( 'NONE',  ( -15.00000000000000000, 0.000000000000000000, 18.80000000000003268 ) ) ;
#1406 = ORIENTED_EDGE ( 'NONE', *, *, #328, .T. ) ;
#1407 = EDGE_CURVE ( 'NONE', #739, #984, #530, .T. ) ;
#1408 = DIRECTION ( 'NONE',  ( -0.000000000000000000, 1.000000000000000000, -0.000000000000000000 ) ) ;
#1409 = CARTESIAN_POINT ( 'NONE',  ( -15.00000000000000000, 7.000000000000000000, 18.80000000000003268 ) ) ;
#1410 = ORIENTED_EDGE ( 'NONE', *, *, #1482, .F. ) ;
#1411 = PLANE ( 'NONE',  #101 ) ;
#1412 = EDGE_LOOP ( 'NONE', ( #578, #1264, #1207, #1300 ) ) ;
#1413 = EDGE_CURVE ( 'NONE', #1094, #105, #1134, .T. ) ;
#1414 = ADVANCED_FACE ( 'NONE', ( #170 ), #413, .F. ) ;
#1415 = LINE ( 'NONE', #80, #623 ) ;
#1416 = FACE_OUTER_BOUND ( 'NONE', #1359, .T. ) ;
#1417 = ORIENTED_EDGE ( 'NONE', *, *, #328, .F. ) ;
#1418 = CARTESIAN_POINT ( 'NONE',  ( -13.79289321881345387, 67.25000000000000000, 9.500000000000031974 ) ) ;
#1419 = ORIENTED_EDGE ( 'NONE', *, *, #1115, .T. ) ;
#1420 = CARTESIAN_POINT ( 'NONE',  ( 14.14768073325285869, 67.25000000000000000, 9.147680733252887109 ) ) ;
#1421 = EDGE_CURVE ( 'NONE', #1315, #1291, #644, .T. ) ;
#1422 = CIRCLE ( 'NONE', #151, 0.5000000000000004441 ) ;
#1423 = VECTOR ( 'NONE', #89, 1000.000000000000000 ) ;
#1424 = LINE ( 'NONE', #460, #224 ) ;
#1425 = CARTESIAN_POINT ( 'NONE',  ( 0.000000000000000000, 54.14999999999999858, 33.80000000000003268 ) ) ;
#1426 = EDGE_LOOP ( 'NONE', ( #1357, #1190, #919, #480 ) ) ;
#1427 = DIRECTION ( 'NONE',  ( -1.000000000000000000, -0.000000000000000000, -0.000000000000000000 ) ) ;
#1428 = EDGE_LOOP ( 'NONE', ( #641, #666, #863, #88 ) ) ;
#1429 = LINE ( 'NONE', #1318, #427 ) ;
#1430 = DIRECTION ( 'NONE',  ( -1.000000000000000000, 0.000000000000000000, -0.000000000000000000 ) ) ;
#1431 = ADVANCED_FACE ( 'NONE', ( #876 ), #295, .T. ) ;
#1432 = EDGE_CURVE ( 'NONE', #1498, #656, #1233, .T. ) ;
#1433 = VERTEX_POINT ( 'NONE', #428 ) ;
#1434 = DIRECTION ( 'NONE',  ( -1.000000000000000000, -0.000000000000000000, -0.000000000000000000 ) ) ;
#1435 = ORIENTED_EDGE ( 'NONE', *, *, #782, .F. ) ;
#1436 = DIRECTION ( 'NONE',  ( 0.000000000000000000, 0.000000000000000000, -1.000000000000000000 ) ) ;
#1437 = CYLINDRICAL_SURFACE ( 'NONE', #573, 1.750000000000001554 ) ;
#1438 = EDGE_CURVE ( 'NONE', #459, #968, #902, .T. ) ;
#1439 = ORIENTED_EDGE ( 'NONE', *, *, #1518, .F. ) ;
#1440 = DIRECTION ( 'NONE',  ( -1.734723475976806700E-15, 0.000000000000000000, 1.000000000000000000 ) ) ;
#1441 = ORIENTED_EDGE ( 'NONE', *, *, #887, .T. ) ;
#1442 = DIRECTION ( 'NONE',  ( 0.000000000000000000, 2.461820351650061511E-16, -1.000000000000000000 ) ) ;
#1443 = ORIENTED_EDGE ( 'NONE', *, *, #234, .T. ) ;
#1444 =( GEOMETRIC_REPRESENTATION_CONTEXT ( 3 ) GLOBAL_UNCERTAINTY_ASSIGNED_CONTEXT ( ( #1153 ) ) GLOBAL_UNIT_ASSIGNED_CONTEXT ( ( #756, #185, #1379 ) ) REPRESENTATION_CONTEXT ( 'NONE', 'WORKASPACE' ) );
#1445 = DIRECTION ( 'NONE',  ( 0.000000000000000000, 0.000000000000000000, -1.000000000000000000 ) ) ;
#1446 = VECTOR ( 'NONE', #625, 1000.000000000000000 ) ;
#1447 = AXIS2_PLACEMENT_3D ( 'NONE', #451, #346, #829 ) ;
#1448 = CARTESIAN_POINT ( 'NONE',  ( 3.999999999999996447, 60.65000000000000568, 18.80000000000003268 ) ) ;
#1449 = CARTESIAN_POINT ( 'NONE',  ( 6.999999999999999112, 67.25000000000000000, 12.80000000000003268 ) ) ;
#1450 = EDGE_CURVE ( 'NONE', #488, #438, #1236, .T. ) ;
#1451 = VERTEX_POINT ( 'NONE', #933 ) ;
#1452 = LINE ( 'NONE', #1339, #1281 ) ;
#1453 = EDGE_CURVE ( 'NONE', #746, #330, #1313, .T. ) ;
#1454 = VERTEX_POINT ( 'NONE', #1533 ) ;
#1455 = DIRECTION ( 'NONE',  ( -0.7071067811865460184, 0.000000000000000000, -0.7071067811865489050 ) ) ;
#1456 = ORIENTED_EDGE ( 'NONE', *, *, #383, .T. ) ;
#1457 = CARTESIAN_POINT ( 'NONE',  ( -15.00000000000000000, 3.000000000000000000, 13.80000000000003446 ) ) ;
#1458 = VERTEX_POINT ( 'NONE', #1293 ) ;
#1459 = DIRECTION ( 'NONE',  ( 0.000000000000000000, 0.000000000000000000, 1.000000000000000000 ) ) ;
#1460 = ORIENTED_EDGE ( 'NONE', *, *, #1290, .T. ) ;
#1461 = EDGE_CURVE ( 'NONE', #462, #556, #803, .T. ) ;
#1462 = ADVANCED_FACE ( 'NONE', ( #444 ), #950, .F. ) ;
#1463 = DIRECTION ( 'NONE',  ( 0.000000000000000000, 0.000000000000000000, 1.000000000000000000 ) ) ;
#1464 = ORIENTED_EDGE ( 'NONE', *, *, #831, .F. ) ;
#1465 = FACE_BOUND ( 'NONE', #401, .T. ) ;
#1466 = VERTEX_POINT ( 'NONE', #821 ) ;
#1467 = DIRECTION ( 'NONE',  ( -0.000000000000000000, 1.000000000000000000, 2.385244779468110248E-16 ) ) ;
#1468 = ORIENTED_EDGE ( 'NONE', *, *, #684, .T. ) ;
#1469 = CLOSED_SHELL ( 'NONE', ( #390, #729, #465, #56, #27, #422, #885, #262, #1386, #736, #1462, #1278, #993, #1333, #67, #193, #650, #1266, #483, #1491, #559, #840, #1026, #995, #370, #792, #167, #1414, #316, #1074, #1218, #898, #936, #92, #213, #1196, #155, #1481, #1132, #1431, #85, #539, #927, #282, #1536, #930, #1232, #1006 ) ) ;
#1470 = DIRECTION ( 'NONE',  ( -1.000000000000000000, 4.930380657631323784E-32, 1.176016472440566327E-47 ) ) ;
#1471 = CARTESIAN_POINT ( 'NONE',  ( 0.000000000000000000, 54.14999999999999858, 33.80000000000003268 ) ) ;
#1472 = VECTOR ( 'NONE', #1332, 1000.000000000000000 ) ;
#1473 = LINE ( 'NONE', #1343, #802 ) ;
#1474 = AXIS2_PLACEMENT_3D ( 'NONE', #909, #1021, #1268 ) ;
#1475 = ORIENTED_EDGE ( 'NONE', *, *, #1518, .T. ) ;
#1476 = CARTESIAN_POINT ( 'NONE',  ( 15.00000000000000000, 3.000000000000000000, 13.80000000000003446 ) ) ;
#1477 = EDGE_LOOP ( 'NONE', ( #264, #781, #584, #779 ) ) ;
#1478 = CARTESIAN_POINT ( 'NONE',  ( 4.000000000000000888, 54.14999999999999858, 33.80000000000003268 ) ) ;
#1479 = DIRECTION ( 'NONE',  ( -1.000000000000000000, 0.000000000000000000, 0.000000000000000000 ) ) ;
#1480 = DIRECTION ( 'NONE',  ( -1.000000000000000000, 0.000000000000000000, 0.000000000000000000 ) ) ;
#1481 = ADVANCED_FACE ( 'NONE', ( #808 ), #474, .T. ) ;
#1482 = EDGE_CURVE ( 'NONE', #1296, #90, #1046, .T. ) ;
#1483 = ORIENTED_EDGE ( 'NONE', *, *, #866, .T. ) ;
#1484 = CARTESIAN_POINT ( 'NONE',  ( 2.928932188134516057, 67.25000000000000000, -3.616162847937710373E-15 ) ) ;
#1485 = VERTEX_POINT ( 'NONE', #916 ) ;
#1486 = DIRECTION ( 'NONE',  ( -0.000000000000000000, 1.000000000000000000, 0.000000000000000000 ) ) ;
#1487 = DIRECTION ( 'NONE',  ( -0.000000000000000000, 1.000000000000000000, 2.385244779468110248E-16 ) ) ;
#1488 = DIRECTION ( 'NONE',  ( -1.000000000000000000, 0.000000000000000000, 0.000000000000000000 ) ) ;
#1489 = EDGE_CURVE ( 'NONE', #335, #1310, #1299, .T. ) ;
#1490 = VERTEX_POINT ( 'NONE', #583 ) ;
#1491 = ADVANCED_FACE ( 'NONE', ( #815, #1517 ), #1394, .F. ) ;
#1492 = CARTESIAN_POINT ( 'NONE',  ( -13.79289321881345209, 3.000000000000000000, 10.00000000000003197 ) ) ;
#1493 = VERTEX_POINT ( 'NONE', #118 ) ;
#1494 = FACE_OUTER_BOUND ( 'NONE', #1428, .T. ) ;
#1495 = DIRECTION ( 'NONE',  ( 0.000000000000000000, 1.000000000000000000, 0.000000000000000000 ) ) ;
#1496 = DIRECTION ( 'NONE',  ( 0.000000000000000000, 0.4999999999999950595, -0.8660254037844415942 ) ) ;
#1497 = VECTOR ( 'NONE', #1030, 1000.000000000000000 ) ;
#1498 = VERTEX_POINT ( 'NONE', #1179 ) ;
#1499 = FACE_OUTER_BOUND ( 'NONE', #430, .T. ) ;
#1500 = CIRCLE ( 'NONE', #350, 7.999999999999996447 ) ;
#1501 = ORIENTED_EDGE ( 'NONE', *, *, #743, .T. ) ;
#1502 = AXIS2_PLACEMENT_3D ( 'NONE', #311, #785, #1261 ) ;
#1503 = EDGE_CURVE ( 'NONE', #1111, #148, #925, .T. ) ;
#1504 = DIRECTION ( 'NONE',  ( 0.000000000000000000, 0.000000000000000000, 1.000000000000000000 ) ) ;
#1505 = PRESENTATION_STYLE_ASSIGNMENT (( #286 ) ) ;
#1506 = DIRECTION ( 'NONE',  ( 0.000000000000000000, 0.000000000000000000, 1.000000000000000000 ) ) ;
#1507 = ORIENTED_EDGE ( 'NONE', *, *, #1169, .T. ) ;
#1508 = CARTESIAN_POINT ( 'NONE',  ( 12.08999999999999986, 3.000000000000002665, 11.20536146650573706 ) ) ;
#1509 = ORIENTED_EDGE ( 'NONE', *, *, #1289, .T. ) ;
#1510 = LINE ( 'NONE', #1420, #575 ) ;
#1511 = DIRECTION ( 'NONE',  ( 0.000000000000000000, -1.000000000000000000, 0.000000000000000000 ) ) ;
#1512 = DIRECTION ( 'NONE',  ( 1.000000000000000000, 0.000000000000000000, 0.000000000000000000 ) ) ;
#1513 = EDGE_LOOP ( 'NONE', ( #1367, #308, #1441, #496, #992, #685 ) ) ;
#1514 = CARTESIAN_POINT ( 'NONE',  ( -4.999999999999997335, -2.602085213965210642E-15, 38.80000000000002558 ) ) ;
#1515 = ORIENTED_EDGE ( 'NONE', *, *, #1461, .T. ) ;
#1516 = CARTESIAN_POINT ( 'NONE',  ( 5.000000000000000888, 0.000000000000000000, 28.80000000000002913 ) ) ;
#1517 = FACE_BOUND ( 'NONE', #1188, .T. ) ;
#1518 = EDGE_CURVE ( 'NONE', #841, #156, #1187, .T. ) ;
#1519 = ORIENTED_EDGE ( 'NONE', *, *, #1461, .F. ) ;
#1520 = AXIS2_PLACEMENT_3D ( 'NONE', #1243, #1495, #191 ) ;
#1521 = CARTESIAN_POINT ( 'NONE',  ( -13.00000000000000178, 0.000000000000000000, 28.79999999999997584 ) ) ;
#1522 = ORIENTED_EDGE ( 'NONE', *, *, #660, .T. ) ;
#1523 = AXIS2_PLACEMENT_3D ( 'NONE', #225, #1058, #701 ) ;
#1524 = VECTOR ( 'NONE', #199, 1000.000000000000000 ) ;
#1525 = CARTESIAN_POINT ( 'NONE',  ( 4.999999999999999112, 2.999999999999997780, 38.80000000000002558 ) ) ;
#1526 = DIRECTION ( 'NONE',  ( -1.000000000000000000, 0.000000000000000000, 0.000000000000000000 ) ) ;
#1527 = EDGE_CURVE ( 'NONE', #556, #1217, #1540, .T. ) ;
#1528 = ORIENTED_EDGE ( 'NONE', *, *, #1407, .F. ) ;
#1529 = DIRECTION ( 'NONE',  ( 0.000000000000000000, -1.000000000000000000, -1.301042606982605567E-16 ) ) ;
#1530 = EDGE_CURVE ( 'NONE', #1197, #1310, #704, .T. ) ;
#1531 = ORIENTED_EDGE ( 'NONE', *, *, #454, .T. ) ;
#1532 = CARTESIAN_POINT ( 'NONE',  ( 13.99999999999999822, 67.25000000000000000, 13.80000000000003446 ) ) ;
#1533 = CARTESIAN_POINT ( 'NONE',  ( -15.00000000000000000, 67.25000000000000000, 17.80000000000003268 ) ) ;
#1534 = ORIENTED_EDGE ( 'NONE', *, *, #1065, .F. ) ;
#1535 = CYLINDRICAL_SURFACE ( 'NONE', #1523, 3.500000000000001332 ) ;
#1536 = ADVANCED_FACE ( 'NONE', ( #1416 ), #233, .T. ) ;
#1537 = ORIENTED_EDGE ( 'NONE', *, *, #914, .T. ) ;
#1538 = CARTESIAN_POINT ( 'NONE',  ( -15.00000000000000000, 67.25000000000000000, 10.00000000000003375 ) ) ;
#1539 = CARTESIAN_POINT ( 'NONE',  ( -5.000000000000000000, 67.25000000000000000, 6.173176119589340871E-15 ) ) ;
#1540 = LINE ( 'NONE', #467, #631 ) ;
#1541 = ORIENTED_EDGE ( 'NONE', *, *, #1421, .T. ) ;
#1542 = CARTESIAN_POINT ( 'NONE',  ( -13.99999999999999822, 67.25000000000000000, 18.80000000000003268 ) ) ;
#1543 = ORIENTED_EDGE ( 'NONE', *, *, #166, .F. ) ;
#1544 = CARTESIAN_POINT ( 'NONE',  ( -15.00000000000000000, 0.000000000000000000, 18.80000000000003268 ) ) ;
#1545 = AXIS2_PLACEMENT_3D ( 'NONE', #1110, #1326, #117 ) ;
#1546 = AXIS2_PLACEMENT_3D ( 'NONE', #1418, #236, #463 ) ;
#1547 = EDGE_CURVE ( 'NONE', #741, #809, #926, .T. ) ;
ENDSEC;
END-ISO-10303-21;
